date,ticker,close,volume,sector
2018-01-01,ASSET_A,99.91,2241650,Technology
2018-01-01,ASSET_B,83.48,1604834,Banking
2018-01-01,ASSET_C,54.77,2292894,Consumer
2018-01-01,ASSET_D,32.25,2420905,Materials
2018-01-01,ASSET_E,48.24,2364393,Retail
2018-01-01,VNINDEX,963.9,0,Benchmark
2018-01-02,ASSET_A,99.35,488339,Technology
2018-01-02,ASSET_B,83.17,2400846,Banking
2018-01-02,ASSET_C,53.72,1049716,Consumer
2018-01-02,ASSET_D,31.16,1160746,Materials
2018-01-02,ASSET_E,48.18,1423834,Retail
2018-01-02,VNINDEX,954.91,0,Benchmark
2018-01-03,ASSET_A,100.38,1467229,Technology
2018-01-03,ASSET_B,84.0,1140408,Banking
2018-01-03,ASSET_C,54.32,1912157,Consumer
2018-01-03,ASSET_D,31.07,1265722,Materials
2018-01-03,ASSET_E,48.06,1024753,Retail
2018-01-03,VNINDEX,961.77,0,Benchmark
2018-01-04,ASSET_A,102.13,1249971,Technology
2018-01-04,ASSET_B,84.08,407312,Banking
2018-01-04,ASSET_C,54.51,1865915,Consumer
2018-01-04,ASSET_D,31.41,567219,Materials
2018-01-04,ASSET_E,47.89,1061701,Retail
2018-01-04,VNINDEX,970.39,0,Benchmark
2018-01-05,ASSET_A,100.2,2372792,Technology
2018-01-05,ASSET_B,81.7,1832333,Banking
2018-01-05,ASSET_C,53.69,1619010,Consumer
2018-01-05,ASSET_D,31.44,418969,Materials
2018-01-05,ASSET_E,47.01,521598,Retail
2018-01-05,VNINDEX,953.2,0,Benchmark
2018-01-08,ASSET_A,99.74,2199147,Technology
2018-01-08,ASSET_B,80.29,846862,Banking
2018-01-08,ASSET_C,52.6,2150086,Consumer
2018-01-08,ASSET_D,31.27,2431805,Materials
2018-01-08,ASSET_E,47.5,2230534,Retail
2018-01-08,VNINDEX,941.93,0,Benchmark
2018-01-09,ASSET_A,100.01,2283098,Technology
2018-01-09,ASSET_B,80.62,420335,Banking
2018-01-09,ASSET_C,52.72,2240203,Consumer
2018-01-09,ASSET_D,30.98,885680,Materials
2018-01-09,ASSET_E,47.07,746382,Retail
2018-01-09,VNINDEX,943.26,0,Benchmark
2018-01-10,ASSET_A,100.57,1007116,Technology
2018-01-10,ASSET_B,79.99,778407,Banking
2018-01-10,ASSET_C,52.99,2050854,Consumer
2018-01-10,ASSET_D,31.5,2346927,Materials
2018-01-10,ASSET_E,46.87,2107563,Retail
2018-01-10,VNINDEX,940.69,0,Benchmark
2018-01-11,ASSET_A,101.56,1633766,Technology
2018-01-11,ASSET_B,79.31,2361460,Banking
2018-01-11,ASSET_C,52.65,1635606,Consumer
2018-01-11,ASSET_D,30.96,489011,Materials
2018-01-11,ASSET_E,46.92,2443377,Retail
2018-01-11,VNINDEX,940.75,0,Benchmark
2018-01-12,ASSET_A,99.75,1870021,Technology
2018-01-12,ASSET_B,77.66,2040739,Banking
2018-01-12,ASSET_C,52.04,2451799,Consumer
2018-01-12,ASSET_D,30.81,2478593,Materials
2018-01-12,ASSET_E,46.52,496557,Retail
2018-01-12,VNINDEX,933.46,0,Benchmark
2018-01-15,ASSET_A,98.71,2431684,Technology
2018-01-15,ASSET_B,77.34,977532,Banking
2018-01-15,ASSET_C,52.61,1566676,Consumer
2018-01-15,ASSET_D,31.28,1297266,Materials
2018-01-15,ASSET_E,46.68,1709535,Retail
2018-01-15,VNINDEX,941.41,0,Benchmark
2018-01-16,ASSET_A,101.31,415431,Technology
2018-01-16,ASSET_B,77.93,1655968,Banking
2018-01-16,ASSET_C,53.16,1737396,Consumer
2018-01-16,ASSET_D,31.18,2092989,Materials
2018-01-16,ASSET_E,47.57,540149,Retail
2018-01-16,VNINDEX,948.54,0,Benchmark
2018-01-17,ASSET_A,101.7,2451756,Technology
2018-01-17,ASSET_B,76.97,1112610,Banking
2018-01-17,ASSET_C,52.15,796506,Consumer
2018-01-17,ASSET_D,31.49,2164149,Materials
2018-01-17,ASSET_E,47.84,2145278,Retail
2018-01-17,VNINDEX,949.34,0,Benchmark
2018-01-18,ASSET_A,101.01,1146265,Technology
2018-01-18,ASSET_B,77.35,772400,Banking
2018-01-18,ASSET_C,53.51,1074573,Consumer
2018-01-18,ASSET_D,31.64,1139107,Materials
2018-01-18,ASSET_E,48.75,1465080,Retail
2018-01-18,VNINDEX,959.72,0,Benchmark
2018-01-19,ASSET_A,100.73,669375,Technology
2018-01-19,ASSET_B,77.53,2475604,Banking
2018-01-19,ASSET_C,53.96,2299858,Consumer
2018-01-19,ASSET_D,32.08,1949793,Materials
2018-01-19,ASSET_E,49.27,445191,Retail
2018-01-19,VNINDEX,964.19,0,Benchmark
2018-01-22,ASSET_A,100.69,1692585,Technology
2018-01-22,ASSET_B,75.79,2109339,Banking
2018-01-22,ASSET_C,53.9,1445647,Consumer
2018-01-22,ASSET_D,31.07,1101659,Materials
2018-01-22,ASSET_E,49.35,2021975,Retail
2018-01-22,VNINDEX,956.57,0,Benchmark
2018-01-23,ASSET_A,100.8,2041240,Technology
2018-01-23,ASSET_B,76.43,1163312,Banking
2018-01-23,ASSET_C,54.01,1473598,Consumer
2018-01-23,ASSET_D,31.33,2056715,Materials
2018-01-23,ASSET_E,50.34,2007471,Retail
2018-01-23,VNINDEX,960.14,0,Benchmark
2018-01-24,ASSET_A,99.2,672490,Technology
2018-01-24,ASSET_B,76.07,1142297,Banking
2018-01-24,ASSET_C,52.78,2114266,Consumer
2018-01-24,ASSET_D,30.87,2413895,Materials
2018-01-24,ASSET_E,50.61,2342334,Retail
2018-01-24,VNINDEX,951.61,0,Benchmark
2018-01-25,ASSET_A,101.8,485625,Technology
2018-01-25,ASSET_B,76.53,2112743,Banking
2018-01-25,ASSET_C,53.47,1084755,Consumer
2018-01-25,ASSET_D,31.62,2095119,Materials
2018-01-25,ASSET_E,52.27,1418399,Retail
2018-01-25,VNINDEX,959.84,0,Benchmark
2018-01-26,ASSET_A,100.56,2282874,Technology
2018-01-26,ASSET_B,76.19,1367799,Banking
2018-01-26,ASSET_C,53.21,957219,Consumer
2018-01-26,ASSET_D,31.59,1928588,Materials
2018-01-26,ASSET_E,52.93,2359273,Retail
2018-01-26,VNINDEX,959.59,0,Benchmark
2018-01-29,ASSET_A,99.46,2360786,Technology
2018-01-29,ASSET_B,76.42,1191599,Banking
2018-01-29,ASSET_C,53.38,418634,Consumer
2018-01-29,ASSET_D,32.06,1181073,Materials
2018-01-29,ASSET_E,52.48,1797146,Retail
2018-01-29,VNINDEX,958.11,0,Benchmark
2018-01-30,ASSET_A,98.98,728175,Technology
2018-01-30,ASSET_B,75.29,1213343,Banking
2018-01-30,ASSET_C,53.0,885957,Consumer
2018-01-30,ASSET_D,32.06,628248,Materials
2018-01-30,ASSET_E,52.63,1504576,Retail
2018-01-30,VNINDEX,952.07,0,Benchmark
2018-01-31,ASSET_A,100.81,2298529,Technology
2018-01-31,ASSET_B,75.91,1338299,Banking
2018-01-31,ASSET_C,53.65,1475362,Consumer
2018-01-31,ASSET_D,32.41,1462654,Materials
2018-01-31,ASSET_E,53.63,1152230,Retail
2018-01-31,VNINDEX,963.55,0,Benchmark
2018-02-01,ASSET_A,101.24,2310566,Technology
2018-02-01,ASSET_B,76.65,1494898,Banking
2018-02-01,ASSET_C,53.24,1922152,Consumer
2018-02-01,ASSET_D,32.7,672435,Materials
2018-02-01,ASSET_E,54.65,1015346,Retail
2018-02-01,VNINDEX,962.33,0,Benchmark
2018-02-02,ASSET_A,101.85,2494593,Technology
2018-02-02,ASSET_B,76.9,484157,Banking
2018-02-02,ASSET_C,53.45,1091178,Consumer
2018-02-02,ASSET_D,32.91,1467747,Materials
2018-02-02,ASSET_E,53.9,1703824,Retail
2018-02-02,VNINDEX,958.56,0,Benchmark
2018-02-05,ASSET_A,101.71,854417,Technology
2018-02-05,ASSET_B,77.02,1408299,Banking
2018-02-05,ASSET_C,52.77,1333297,Consumer
2018-02-05,ASSET_D,33.0,2225095,Materials
2018-02-05,ASSET_E,54.05,1953023,Retail
2018-02-05,VNINDEX,955.51,0,Benchmark
2018-02-06,ASSET_A,102.92,1615447,Technology
2018-02-06,ASSET_B,78.24,1323933,Banking
2018-02-06,ASSET_C,54.03,865474,Consumer
2018-02-06,ASSET_D,32.2,637737,Materials
2018-02-06,ASSET_E,53.94,474801,Retail
2018-02-06,VNINDEX,960.67,0,Benchmark
2018-02-07,ASSET_A,103.06,2487985,Technology
2018-02-07,ASSET_B,77.16,976626,Banking
2018-02-07,ASSET_C,55.24,2114797,Consumer
2018-02-07,ASSET_D,31.91,2292049,Materials
2018-02-07,ASSET_E,54.43,1265028,Retail
2018-02-07,VNINDEX,964.3,0,Benchmark
2018-02-08,ASSET_A,103.64,2295550,Technology
2018-02-08,ASSET_B,78.6,1146327,Banking
2018-02-08,ASSET_C,56.21,1502197,Consumer
2018-02-08,ASSET_D,32.65,1656098,Materials
2018-02-08,ASSET_E,54.53,495736,Retail
2018-02-08,VNINDEX,968.4,0,Benchmark
2018-02-09,ASSET_A,104.3,1669972,Technology
2018-02-09,ASSET_B,79.35,1291567,Banking
2018-02-09,ASSET_C,57.04,701735,Consumer
2018-02-09,ASSET_D,32.26,498592,Materials
2018-02-09,ASSET_E,55.04,1232987,Retail
2018-02-09,VNINDEX,972.69,0,Benchmark
2018-02-12,ASSET_A,107.14,813950,Technology
2018-02-12,ASSET_B,82.35,1168748,Banking
2018-02-12,ASSET_C,58.03,1680099,Consumer
2018-02-12,ASSET_D,33.37,1912377,Materials
2018-02-12,ASSET_E,55.32,2077556,Retail
2018-02-12,VNINDEX,993.49,0,Benchmark
2018-02-13,ASSET_A,107.65,577124,Technology
2018-02-13,ASSET_B,82.26,2307508,Banking
2018-02-13,ASSET_C,58.42,1104962,Consumer
2018-02-13,ASSET_D,33.55,400090,Materials
2018-02-13,ASSET_E,55.59,1850622,Retail
2018-02-13,VNINDEX,989.76,0,Benchmark
2018-02-14,ASSET_A,107.75,944252,Technology
2018-02-14,ASSET_B,81.78,1509888,Banking
2018-02-14,ASSET_C,58.14,2216793,Consumer
2018-02-14,ASSET_D,33.06,1683032,Materials
2018-02-14,ASSET_E,55.46,661377,Retail
2018-02-14,VNINDEX,985.02,0,Benchmark
2018-02-15,ASSET_A,106.85,537082,Technology
2018-02-15,ASSET_B,80.74,1456077,Banking
2018-02-15,ASSET_C,56.99,963009,Consumer
2018-02-15,ASSET_D,31.93,1465689,Materials
2018-02-15,ASSET_E,55.14,1905406,Retail
2018-02-15,VNINDEX,977.38,0,Benchmark
2018-02-16,ASSET_A,106.6,810054,Technology
2018-02-16,ASSET_B,81.7,952167,Banking
2018-02-16,ASSET_C,58.04,2215934,Consumer
2018-02-16,ASSET_D,31.9,1966528,Materials
2018-02-16,ASSET_E,56.64,429366,Retail
2018-02-16,VNINDEX,983.55,0,Benchmark
2018-02-19,ASSET_A,108.09,557335,Technology
2018-02-19,ASSET_B,82.66,2324411,Banking
2018-02-19,ASSET_C,59.17,1865523,Consumer
2018-02-19,ASSET_D,33.19,1190077,Materials
2018-02-19,ASSET_E,57.02,426016,Retail
2018-02-19,VNINDEX,994.79,0,Benchmark
2018-02-20,ASSET_A,107.94,2000684,Technology
2018-02-20,ASSET_B,83.26,448691,Banking
2018-02-20,ASSET_C,59.11,684271,Consumer
2018-02-20,ASSET_D,32.78,649671,Materials
2018-02-20,ASSET_E,57.18,2316158,Retail
2018-02-20,VNINDEX,993.89,0,Benchmark
2018-02-21,ASSET_A,107.19,1638774,Technology
2018-02-21,ASSET_B,81.13,1555266,Banking
2018-02-21,ASSET_C,58.09,1994591,Consumer
2018-02-21,ASSET_D,32.16,1212931,Materials
2018-02-21,ASSET_E,56.8,468721,Retail
2018-02-21,VNINDEX,985.86,0,Benchmark
2018-02-22,ASSET_A,109.03,1487562,Technology
2018-02-22,ASSET_B,79.87,754487,Banking
2018-02-22,ASSET_C,57.41,1913245,Consumer
2018-02-22,ASSET_D,31.46,1998958,Materials
2018-02-22,ASSET_E,56.49,957616,Retail
2018-02-22,VNINDEX,978.04,0,Benchmark
2018-02-23,ASSET_A,109.19,2100116,Technology
2018-02-23,ASSET_B,82.19,2014516,Banking
2018-02-23,ASSET_C,56.83,1357605,Consumer
2018-02-23,ASSET_D,32.21,2402698,Materials
2018-02-23,ASSET_E,58.24,677062,Retail
2018-02-23,VNINDEX,984.61,0,Benchmark
2018-02-26,ASSET_A,110.7,1262712,Technology
2018-02-26,ASSET_B,82.51,1194380,Banking
2018-02-26,ASSET_C,57.67,737476,Consumer
2018-02-26,ASSET_D,32.36,837094,Materials
2018-02-26,ASSET_E,58.7,1623002,Retail
2018-02-26,VNINDEX,992.15,0,Benchmark
2018-02-27,ASSET_A,112.86,1246221,Technology
2018-02-27,ASSET_B,82.92,1016541,Banking
2018-02-27,ASSET_C,57.15,1403861,Consumer
2018-02-27,ASSET_D,32.28,1137897,Materials
2018-02-27,ASSET_E,58.66,1496775,Retail
2018-02-27,VNINDEX,997.76,0,Benchmark
2018-02-28,ASSET_A,112.16,834543,Technology
2018-02-28,ASSET_B,81.52,521702,Banking
2018-02-28,ASSET_C,56.98,1678095,Consumer
2018-02-28,ASSET_D,32.68,2241336,Materials
2018-02-28,ASSET_E,59.5,2161725,Retail
2018-02-28,VNINDEX,991.36,0,Benchmark
2018-03-01,ASSET_A,115.68,1334155,Technology
2018-03-01,ASSET_B,82.06,2059868,Banking
2018-03-01,ASSET_C,56.68,677266,Consumer
2018-03-01,ASSET_D,33.03,1057358,Materials
2018-03-01,ASSET_E,59.44,2472890,Retail
2018-03-01,VNINDEX,993.89,0,Benchmark
2018-03-02,ASSET_A,115.34,766485,Technology
2018-03-02,ASSET_B,81.62,1232612,Banking
2018-03-02,ASSET_C,56.05,1116268,Consumer
2018-03-02,ASSET_D,32.67,914355,Materials
2018-03-02,ASSET_E,58.49,1966404,Retail
2018-03-02,VNINDEX,995.27,0,Benchmark
2018-03-05,ASSET_A,116.11,1637504,Technology
2018-03-05,ASSET_B,81.72,955075,Banking
2018-03-05,ASSET_C,56.28,1873838,Consumer
2018-03-05,ASSET_D,32.21,2146201,Materials
2018-03-05,ASSET_E,58.15,1380084,Retail
2018-03-05,VNINDEX,997.68,0,Benchmark
2018-03-06,ASSET_A,116.2,2494664,Technology
2018-03-06,ASSET_B,83.38,2173023,Banking
2018-03-06,ASSET_C,56.55,1561045,Consumer
2018-03-06,ASSET_D,33.03,1433184,Materials
2018-03-06,ASSET_E,57.85,497918,Retail
2018-03-06,VNINDEX,1006.71,0,Benchmark
2018-03-07,ASSET_A,116.04,1519385,Technology
2018-03-07,ASSET_B,83.08,441054,Banking
2018-03-07,ASSET_C,57.08,2483867,Consumer
2018-03-07,ASSET_D,33.12,1624884,Materials
2018-03-07,ASSET_E,56.85,2337080,Retail
2018-03-07,VNINDEX,1009.2,0,Benchmark
2018-03-08,ASSET_A,117.34,1027976,Technology
2018-03-08,ASSET_B,84.5,1384552,Banking
2018-03-08,ASSET_C,56.79,855151,Consumer
2018-03-08,ASSET_D,32.67,1423259,Materials
2018-03-08,ASSET_E,57.01,1577992,Retail
2018-03-08,VNINDEX,1016.38,0,Benchmark
2018-03-09,ASSET_A,118.67,1844929,Technology
2018-03-09,ASSET_B,85.29,737530,Banking
2018-03-09,ASSET_C,56.46,2033635,Consumer
2018-03-09,ASSET_D,31.91,1665922,Materials
2018-03-09,ASSET_E,57.01,856682,Retail
2018-03-09,VNINDEX,1017.3,0,Benchmark
2018-03-12,ASSET_A,119.57,2122014,Technology
2018-03-12,ASSET_B,86.55,666643,Banking
2018-03-12,ASSET_C,55.43,1293435,Consumer
2018-03-12,ASSET_D,31.52,964585,Materials
2018-03-12,ASSET_E,57.93,1537775,Retail
2018-03-12,VNINDEX,1020.52,0,Benchmark
2018-03-13,ASSET_A,122.34,1390750,Technology
2018-03-13,ASSET_B,87.42,445471,Banking
2018-03-13,ASSET_C,54.68,868535,Consumer
2018-03-13,ASSET_D,31.2,1937010,Materials
2018-03-13,ASSET_E,58.71,1222752,Retail
2018-03-13,VNINDEX,1027.32,0,Benchmark
2018-03-14,ASSET_A,120.16,925684,Technology
2018-03-14,ASSET_B,88.59,792796,Banking
2018-03-14,ASSET_C,54.87,2397449,Consumer
2018-03-14,ASSET_D,29.87,1159590,Materials
2018-03-14,ASSET_E,58.27,1135168,Retail
2018-03-14,VNINDEX,1012.4,0,Benchmark
2018-03-15,ASSET_A,119.26,1899107,Technology
2018-03-15,ASSET_B,89.17,2388831,Banking
2018-03-15,ASSET_C,55.75,1708557,Consumer
2018-03-15,ASSET_D,29.32,1499530,Materials
2018-03-15,ASSET_E,57.53,1351988,Retail
2018-03-15,VNINDEX,1009.32,0,Benchmark
2018-03-16,ASSET_A,122.62,793265,Technology
2018-03-16,ASSET_B,88.93,1335593,Banking
2018-03-16,ASSET_C,55.58,1524403,Consumer
2018-03-16,ASSET_D,28.81,789753,Materials
2018-03-16,ASSET_E,57.85,1982482,Retail
2018-03-16,VNINDEX,1004.7,0,Benchmark
2018-03-19,ASSET_A,122.32,2494352,Technology
2018-03-19,ASSET_B,87.43,2499951,Banking
2018-03-19,ASSET_C,54.87,1019409,Consumer
2018-03-19,ASSET_D,28.44,423646,Materials
2018-03-19,ASSET_E,58.4,744019,Retail
2018-03-19,VNINDEX,998.36,0,Benchmark
2018-03-20,ASSET_A,120.88,1067406,Technology
2018-03-20,ASSET_B,87.05,961330,Banking
2018-03-20,ASSET_C,54.61,2251042,Consumer
2018-03-20,ASSET_D,29.04,1597211,Materials
2018-03-20,ASSET_E,58.51,2424411,Retail
2018-03-20,VNINDEX,995.77,0,Benchmark
2018-03-21,ASSET_A,122.02,1135625,Technology
2018-03-21,ASSET_B,90.12,2000683,Banking
2018-03-21,ASSET_C,55.77,463370,Consumer
2018-03-21,ASSET_D,29.41,691389,Materials
2018-03-21,ASSET_E,59.67,531083,Retail
2018-03-21,VNINDEX,1011.42,0,Benchmark
2018-03-22,ASSET_A,119.41,1926559,Technology
2018-03-22,ASSET_B,90.65,588163,Banking
2018-03-22,ASSET_C,55.1,641781,Consumer
2018-03-22,ASSET_D,29.07,2317358,Materials
2018-03-22,ASSET_E,58.34,709091,Retail
2018-03-22,VNINDEX,1002.66,0,Benchmark
2018-03-23,ASSET_A,122.23,425652,Technology
2018-03-23,ASSET_B,93.25,627069,Banking
2018-03-23,ASSET_C,55.7,777627,Consumer
2018-03-23,ASSET_D,29.6,2414408,Materials
2018-03-23,ASSET_E,59.61,1820056,Retail
2018-03-23,VNINDEX,1012.95,0,Benchmark
2018-03-26,ASSET_A,119.3,826021,Technology
2018-03-26,ASSET_B,91.91,434429,Banking
2018-03-26,ASSET_C,54.89,1771324,Consumer
2018-03-26,ASSET_D,28.97,1064875,Materials
2018-03-26,ASSET_E,59.83,704970,Retail
2018-03-26,VNINDEX,995.7,0,Benchmark
2018-03-27,ASSET_A,119.04,663812,Technology
2018-03-27,ASSET_B,90.37,2287785,Banking
2018-03-27,ASSET_C,54.46,615446,Consumer
2018-03-27,ASSET_D,29.04,1006524,Materials
2018-03-27,ASSET_E,59.87,2033069,Retail
2018-03-27,VNINDEX,992.47,0,Benchmark
2018-03-28,ASSET_A,119.21,1221228,Technology
2018-03-28,ASSET_B,91.04,1810404,Banking
2018-03-28,ASSET_C,54.29,2074041,Consumer
2018-03-28,ASSET_D,29.21,1466931,Materials
2018-03-28,ASSET_E,59.57,1942945,Retail
2018-03-28,VNINDEX,994.36,0,Benchmark
2018-03-29,ASSET_A,121.17,1562379,Technology
2018-03-29,ASSET_B,90.64,1961929,Banking
2018-03-29,ASSET_C,54.73,811458,Consumer
2018-03-29,ASSET_D,29.45,828647,Materials
2018-03-29,ASSET_E,59.82,1302762,Retail
2018-03-29,VNINDEX,1000.66,0,Benchmark
2018-03-30,ASSET_A,120.96,777181,Technology
2018-03-30,ASSET_B,90.17,2347405,Banking
2018-03-30,ASSET_C,54.6,1820589,Consumer
2018-03-30,ASSET_D,30.88,2209949,Materials
2018-03-30,ASSET_E,59.97,1354274,Retail
2018-03-30,VNINDEX,1008.32,0,Benchmark
2018-04-02,ASSET_A,120.52,1122941,Technology
2018-04-02,ASSET_B,91.39,1097713,Banking
2018-04-02,ASSET_C,55.22,2070769,Consumer
2018-04-02,ASSET_D,31.56,614143,Materials
2018-04-02,ASSET_E,60.21,2499947,Retail
2018-04-02,VNINDEX,1016.92,0,Benchmark
2018-04-03,ASSET_A,120.38,2021616,Technology
2018-04-03,ASSET_B,91.47,1917325,Banking
2018-04-03,ASSET_C,54.82,2245045,Consumer
2018-04-03,ASSET_D,30.96,1350247,Materials
2018-04-03,ASSET_E,60.46,2069959,Retail
2018-04-03,VNINDEX,1013.44,0,Benchmark
2018-04-04,ASSET_A,120.65,2373963,Technology
2018-04-04,ASSET_B,91.77,1454783,Banking
2018-04-04,ASSET_C,54.67,1014947,Consumer
2018-04-04,ASSET_D,30.98,796863,Materials
2018-04-04,ASSET_E,60.39,1727247,Retail
2018-04-04,VNINDEX,1008.77,0,Benchmark
2018-04-05,ASSET_A,122.44,429986,Technology
2018-04-05,ASSET_B,93.35,1539586,Banking
2018-04-05,ASSET_C,55.8,556870,Consumer
2018-04-05,ASSET_D,30.93,2145646,Materials
2018-04-05,ASSET_E,61.62,696262,Retail
2018-04-05,VNINDEX,1018.11,0,Benchmark
2018-04-06,ASSET_A,120.96,1717636,Technology
2018-04-06,ASSET_B,93.65,1789694,Banking
2018-04-06,ASSET_C,55.63,1989783,Consumer
2018-04-06,ASSET_D,31.07,702981,Materials
2018-04-06,ASSET_E,61.77,1638305,Retail
2018-04-06,VNINDEX,1016.29,0,Benchmark
2018-04-09,ASSET_A,120.15,453934,Technology
2018-04-09,ASSET_B,91.12,1386882,Banking
2018-04-09,ASSET_C,55.47,1342285,Consumer
2018-04-09,ASSET_D,30.04,1337420,Materials
2018-04-09,ASSET_E,60.41,483700,Retail
2018-04-09,VNINDEX,1002.97,0,Benchmark
2018-04-10,ASSET_A,117.44,1492745,Technology
2018-04-10,ASSET_B,89.65,450505,Banking
2018-04-10,ASSET_C,54.03,2392611,Consumer
2018-04-10,ASSET_D,29.21,2150496,Materials
2018-04-10,ASSET_E,59.39,928810,Retail
2018-04-10,VNINDEX,991.28,0,Benchmark
2018-04-11,ASSET_A,115.4,2246889,Technology
2018-04-11,ASSET_B,87.18,557627,Banking
2018-04-11,ASSET_C,53.36,795088,Consumer
2018-04-11,ASSET_D,29.06,1324509,Materials
2018-04-11,ASSET_E,58.48,1865661,Retail
2018-04-11,VNINDEX,981.93,0,Benchmark
2018-04-12,ASSET_A,114.76,2075882,Technology
2018-04-12,ASSET_B,86.01,1453235,Banking
2018-04-12,ASSET_C,53.63,1605973,Consumer
2018-04-12,ASSET_D,29.65,787557,Materials
2018-04-12,ASSET_E,58.66,1256019,Retail
2018-04-12,VNINDEX,987.32,0,Benchmark
2018-04-13,ASSET_A,116.89,888714,Technology
2018-04-13,ASSET_B,86.86,1596815,Banking
2018-04-13,ASSET_C,54.67,650204,Consumer
2018-04-13,ASSET_D,29.92,730203,Materials
2018-04-13,ASSET_E,59.99,2488893,Retail
2018-04-13,VNINDEX,989.03,0,Benchmark
2018-04-16,ASSET_A,118.86,943038,Technology
2018-04-16,ASSET_B,87.04,1938030,Banking
2018-04-16,ASSET_C,54.03,1419358,Consumer
2018-04-16,ASSET_D,30.53,1670150,Materials
2018-04-16,ASSET_E,61.79,2372666,Retail
2018-04-16,VNINDEX,996.51,0,Benchmark
2018-04-17,ASSET_A,119.19,2045378,Technology
2018-04-17,ASSET_B,87.34,1601593,Banking
2018-04-17,ASSET_C,53.79,402168,Consumer
2018-04-17,ASSET_D,30.56,662455,Materials
2018-04-17,ASSET_E,62.14,599076,Retail
2018-04-17,VNINDEX,992.22,0,Benchmark
2018-04-18,ASSET_A,121.36,2121450,Technology
2018-04-18,ASSET_B,88.57,795273,Banking
2018-04-18,ASSET_C,54.6,1975267,Consumer
2018-04-18,ASSET_D,30.7,1146129,Materials
2018-04-18,ASSET_E,62.34,2255206,Retail
2018-04-18,VNINDEX,994.11,0,Benchmark
2018-04-19,ASSET_A,126.79,989902,Technology
2018-04-19,ASSET_B,88.79,1170323,Banking
2018-04-19,ASSET_C,54.53,1670261,Consumer
2018-04-19,ASSET_D,30.69,1684143,Materials
2018-04-19,ASSET_E,61.76,2215109,Retail
2018-04-19,VNINDEX,1000.98,0,Benchmark
2018-04-20,ASSET_A,123.61,406428,Technology
2018-04-20,ASSET_B,88.98,1331960,Banking
2018-04-20,ASSET_C,54.28,603889,Consumer
2018-04-20,ASSET_D,30.96,1196979,Materials
2018-04-20,ASSET_E,61.74,622882,Retail
2018-04-20,VNINDEX,997.9,0,Benchmark
2018-04-23,ASSET_A,123.17,1333358,Technology
2018-04-23,ASSET_B,88.96,2466282,Banking
2018-04-23,ASSET_C,54.68,1448893,Consumer
2018-04-23,ASSET_D,31.59,2137400,Materials
2018-04-23,ASSET_E,61.47,1209108,Retail
2018-04-23,VNINDEX,1003.01,0,Benchmark
2018-04-24,ASSET_A,121.24,1701322,Technology
2018-04-24,ASSET_B,86.48,1518313,Banking
2018-04-24,ASSET_C,54.46,1299245,Consumer
2018-04-24,ASSET_D,31.34,1844455,Materials
2018-04-24,ASSET_E,62.24,2392073,Retail
2018-04-24,VNINDEX,996.14,0,Benchmark
2018-04-25,ASSET_A,119.42,1331881,Technology
2018-04-25,ASSET_B,86.18,1733454,Banking
2018-04-25,ASSET_C,55.08,1814661,Consumer
2018-04-25,ASSET_D,31.16,684353,Materials
2018-04-25,ASSET_E,60.88,435258,Retail
2018-04-25,VNINDEX,992.49,0,Benchmark
2018-04-26,ASSET_A,117.25,2362990,Technology
2018-04-26,ASSET_B,85.32,1944687,Banking
2018-04-26,ASSET_C,55.13,1447531,Consumer
2018-04-26,ASSET_D,31.76,2115907,Materials
2018-04-26,ASSET_E,60.92,523129,Retail
2018-04-26,VNINDEX,988.65,0,Benchmark
2018-04-27,ASSET_A,115.12,2108561,Technology
2018-04-27,ASSET_B,83.54,1160702,Banking
2018-04-27,ASSET_C,55.23,1363851,Consumer
2018-04-27,ASSET_D,31.34,2311197,Materials
2018-04-27,ASSET_E,59.59,1471045,Retail
2018-04-27,VNINDEX,976.22,0,Benchmark
2018-04-30,ASSET_A,114.04,2054505,Technology
2018-04-30,ASSET_B,85.91,2425352,Banking
2018-04-30,ASSET_C,55.3,2145207,Consumer
2018-04-30,ASSET_D,31.55,824799,Materials
2018-04-30,ASSET_E,59.89,2401534,Retail
2018-04-30,VNINDEX,981.57,0,Benchmark
2018-05-01,ASSET_A,113.9,442605,Technology
2018-05-01,ASSET_B,84.01,1817311,Banking
2018-05-01,ASSET_C,54.69,1490049,Consumer
2018-05-01,ASSET_D,31.62,1153647,Materials
2018-05-01,ASSET_E,60.08,985593,Retail
2018-05-01,VNINDEX,976.83,0,Benchmark
2018-05-02,ASSET_A,114.02,2192631,Technology
2018-05-02,ASSET_B,84.39,2181378,Banking
2018-05-02,ASSET_C,54.59,2109857,Consumer
2018-05-02,ASSET_D,31.58,1230019,Materials
2018-05-02,ASSET_E,60.83,2022951,Retail
2018-05-02,VNINDEX,977.18,0,Benchmark
2018-05-03,ASSET_A,115.45,1986012,Technology
2018-05-03,ASSET_B,84.09,1973364,Banking
2018-05-03,ASSET_C,54.25,2259215,Consumer
2018-05-03,ASSET_D,31.38,1293040,Materials
2018-05-03,ASSET_E,61.1,1856146,Retail
2018-05-03,VNINDEX,982.49,0,Benchmark
2018-05-04,ASSET_A,116.89,1233604,Technology
2018-05-04,ASSET_B,85.47,1705188,Banking
2018-05-04,ASSET_C,54.73,2181357,Consumer
2018-05-04,ASSET_D,31.72,1373990,Materials
2018-05-04,ASSET_E,61.95,706692,Retail
2018-05-04,VNINDEX,987.48,0,Benchmark
2018-05-07,ASSET_A,118.83,1638053,Technology
2018-05-07,ASSET_B,86.57,464840,Banking
2018-05-07,ASSET_C,54.88,2406647,Consumer
2018-05-07,ASSET_D,31.96,2278352,Materials
2018-05-07,ASSET_E,61.9,1004444,Retail
2018-05-07,VNINDEX,994.86,0,Benchmark
2018-05-08,ASSET_A,118.13,2130901,Technology
2018-05-08,ASSET_B,86.83,1625645,Banking
2018-05-08,ASSET_C,54.49,1865533,Consumer
2018-05-08,ASSET_D,32.81,1767791,Materials
2018-05-08,ASSET_E,62.03,1710602,Retail
2018-05-08,VNINDEX,994.01,0,Benchmark
2018-05-09,ASSET_A,120.83,2303066,Technology
2018-05-09,ASSET_B,85.47,671972,Banking
2018-05-09,ASSET_C,54.54,1579695,Consumer
2018-05-09,ASSET_D,33.04,2282222,Materials
2018-05-09,ASSET_E,62.51,1411570,Retail
2018-05-09,VNINDEX,989.66,0,Benchmark
2018-05-10,ASSET_A,121.11,1556746,Technology
2018-05-10,ASSET_B,84.7,1666692,Banking
2018-05-10,ASSET_C,53.92,1514167,Consumer
2018-05-10,ASSET_D,32.73,1136031,Materials
2018-05-10,ASSET_E,62.72,898357,Retail
2018-05-10,VNINDEX,989.01,0,Benchmark
2018-05-11,ASSET_A,115.75,486824,Technology
2018-05-11,ASSET_B,83.54,1872938,Banking
2018-05-11,ASSET_C,53.49,829452,Consumer
2018-05-11,ASSET_D,32.46,1502203,Materials
2018-05-11,ASSET_E,61.25,821187,Retail
2018-05-11,VNINDEX,971.16,0,Benchmark
2018-05-14,ASSET_A,112.21,1698934,Technology
2018-05-14,ASSET_B,83.43,1544875,Banking
2018-05-14,ASSET_C,52.54,2138546,Consumer
2018-05-14,ASSET_D,32.08,623347,Materials
2018-05-14,ASSET_E,60.15,1570112,Retail
2018-05-14,VNINDEX,956.11,0,Benchmark
2018-05-15,ASSET_A,107.89,1828039,Technology
2018-05-15,ASSET_B,82.32,1047726,Banking
2018-05-15,ASSET_C,52.48,1855876,Consumer
2018-05-15,ASSET_D,32.22,981206,Materials
2018-05-15,ASSET_E,60.06,2139013,Retail
2018-05-15,VNINDEX,942.56,0,Benchmark
2018-05-16,ASSET_A,106.59,523722,Technology
2018-05-16,ASSET_B,80.4,524662,Banking
2018-05-16,ASSET_C,51.81,2233893,Consumer
2018-05-16,ASSET_D,31.61,1626320,Materials
2018-05-16,ASSET_E,58.69,1267290,Retail
2018-05-16,VNINDEX,932.51,0,Benchmark
2018-05-17,ASSET_A,106.99,2116351,Technology
2018-05-17,ASSET_B,81.18,1809209,Banking
2018-05-17,ASSET_C,52.33,1873122,Consumer
2018-05-17,ASSET_D,31.85,761072,Materials
2018-05-17,ASSET_E,58.28,2343406,Retail
2018-05-17,VNINDEX,936.82,0,Benchmark
2018-05-18,ASSET_A,105.15,823258,Technology
2018-05-18,ASSET_B,82.28,1866422,Banking
2018-05-18,ASSET_C,51.99,1409017,Consumer
2018-05-18,ASSET_D,31.48,2416685,Materials
2018-05-18,ASSET_E,58.16,1801133,Retail
2018-05-18,VNINDEX,927.73,0,Benchmark
2018-05-21,ASSET_A,107.48,2269973,Technology
2018-05-21,ASSET_B,81.95,1403660,Banking
2018-05-21,ASSET_C,52.19,1020001,Consumer
2018-05-21,ASSET_D,31.38,970318,Materials
2018-05-21,ASSET_E,57.64,1247005,Retail
2018-05-21,VNINDEX,924.08,0,Benchmark
2018-05-22,ASSET_A,110.09,1557025,Technology
2018-05-22,ASSET_B,84.84,1904307,Banking
2018-05-22,ASSET_C,52.89,2469890,Consumer
2018-05-22,ASSET_D,31.44,739149,Materials
2018-05-22,ASSET_E,57.43,1884489,Retail
2018-05-22,VNINDEX,937.63,0,Benchmark
2018-05-23,ASSET_A,110.68,1076467,Technology
2018-05-23,ASSET_B,83.76,2036142,Banking
2018-05-23,ASSET_C,51.89,1940587,Consumer
2018-05-23,ASSET_D,31.59,2039317,Materials
2018-05-23,ASSET_E,58.17,1342648,Retail
2018-05-23,VNINDEX,934.15,0,Benchmark
2018-05-24,ASSET_A,110.38,523482,Technology
2018-05-24,ASSET_B,84.64,1476208,Banking
2018-05-24,ASSET_C,52.77,2237118,Consumer
2018-05-24,ASSET_D,32.07,589062,Materials
2018-05-24,ASSET_E,57.86,1989030,Retail
2018-05-24,VNINDEX,942.02,0,Benchmark
2018-05-25,ASSET_A,107.67,437517,Technology
2018-05-25,ASSET_B,84.1,500118,Banking
2018-05-25,ASSET_C,52.27,1628519,Consumer
2018-05-25,ASSET_D,32.35,1081640,Materials
2018-05-25,ASSET_E,57.17,2463635,Retail
2018-05-25,VNINDEX,932.52,0,Benchmark
2018-05-28,ASSET_A,107.47,1957038,Technology
2018-05-28,ASSET_B,84.23,2227813,Banking
2018-05-28,ASSET_C,52.58,1471986,Consumer
2018-05-28,ASSET_D,32.28,817376,Materials
2018-05-28,ASSET_E,56.63,2054545,Retail
2018-05-28,VNINDEX,930.6,0,Benchmark
2018-05-29,ASSET_A,106.44,1192037,Technology
2018-05-29,ASSET_B,82.42,1380147,Banking
2018-05-29,ASSET_C,52.47,472038,Consumer
2018-05-29,ASSET_D,31.73,1858579,Materials
2018-05-29,ASSET_E,55.88,698442,Retail
2018-05-29,VNINDEX,921.03,0,Benchmark
2018-05-30,ASSET_A,103.42,2164119,Technology
2018-05-30,ASSET_B,81.32,1812117,Banking
2018-05-30,ASSET_C,51.92,545503,Consumer
2018-05-30,ASSET_D,31.99,2170673,Materials
2018-05-30,ASSET_E,55.1,550383,Retail
2018-05-30,VNINDEX,917.76,0,Benchmark
2018-05-31,ASSET_A,104.31,884098,Technology
2018-05-31,ASSET_B,83.23,2312926,Banking
2018-05-31,ASSET_C,51.88,1884202,Consumer
2018-05-31,ASSET_D,31.93,809921,Materials
2018-05-31,ASSET_E,56.08,2098100,Retail
2018-05-31,VNINDEX,926.6,0,Benchmark
2018-06-01,ASSET_A,102.07,2332760,Technology
2018-06-01,ASSET_B,82.26,1161595,Banking
2018-06-01,ASSET_C,51.38,871433,Consumer
2018-06-01,ASSET_D,31.82,1273643,Materials
2018-06-01,ASSET_E,55.15,2179247,Retail
2018-06-01,VNINDEX,909.11,0,Benchmark
2018-06-04,ASSET_A,102.37,2377312,Technology
2018-06-04,ASSET_B,84.18,1706187,Banking
2018-06-04,ASSET_C,51.45,572208,Consumer
2018-06-04,ASSET_D,32.52,1404857,Materials
2018-06-04,ASSET_E,56.09,1591285,Retail
2018-06-04,VNINDEX,913.73,0,Benchmark
2018-06-05,ASSET_A,101.6,613713,Technology
2018-06-05,ASSET_B,86.19,441358,Banking
2018-06-05,ASSET_C,52.04,2030437,Consumer
2018-06-05,ASSET_D,33.25,1850997,Materials
2018-06-05,ASSET_E,55.82,914471,Retail
2018-06-05,VNINDEX,916.37,0,Benchmark
2018-06-06,ASSET_A,100.13,1758564,Technology
2018-06-06,ASSET_B,85.59,2258603,Banking
2018-06-06,ASSET_C,51.67,1703113,Consumer
2018-06-06,ASSET_D,33.21,1139423,Materials
2018-06-06,ASSET_E,56.94,2249542,Retail
2018-06-06,VNINDEX,910.49,0,Benchmark
2018-06-07,ASSET_A,98.07,2373412,Technology
2018-06-07,ASSET_B,83.54,524239,Banking
2018-06-07,ASSET_C,51.48,633423,Consumer
2018-06-07,ASSET_D,32.42,1498234,Materials
2018-06-07,ASSET_E,54.8,1341760,Retail
2018-06-07,VNINDEX,896.02,0,Benchmark
2018-06-08,ASSET_A,98.3,1078494,Technology
2018-06-08,ASSET_B,84.91,1536359,Banking
2018-06-08,ASSET_C,51.74,1449719,Consumer
2018-06-08,ASSET_D,32.51,1457585,Materials
2018-06-08,ASSET_E,53.8,1014099,Retail
2018-06-08,VNINDEX,896.95,0,Benchmark
2018-06-11,ASSET_A,98.45,542002,Technology
2018-06-11,ASSET_B,84.94,1138776,Banking
2018-06-11,ASSET_C,51.64,1386580,Consumer
2018-06-11,ASSET_D,32.5,423864,Materials
2018-06-11,ASSET_E,54.67,1169119,Retail
2018-06-11,VNINDEX,891.82,0,Benchmark
2018-06-12,ASSET_A,100.22,2238510,Technology
2018-06-12,ASSET_B,84.34,475154,Banking
2018-06-12,ASSET_C,51.57,407799,Consumer
2018-06-12,ASSET_D,32.32,1596885,Materials
2018-06-12,ASSET_E,55.13,1021931,Retail
2018-06-12,VNINDEX,894.35,0,Benchmark
2018-06-13,ASSET_A,99.88,1395518,Technology
2018-06-13,ASSET_B,83.43,1370421,Banking
2018-06-13,ASSET_C,51.71,1670189,Consumer
2018-06-13,ASSET_D,33.0,1592503,Materials
2018-06-13,ASSET_E,55.39,993024,Retail
2018-06-13,VNINDEX,894.77,0,Benchmark
2018-06-14,ASSET_A,101.38,456853,Technology
2018-06-14,ASSET_B,85.91,2364746,Banking
2018-06-14,ASSET_C,53.14,1233045,Consumer
2018-06-14,ASSET_D,33.94,2480963,Materials
2018-06-14,ASSET_E,56.66,1084221,Retail
2018-06-14,VNINDEX,911.31,0,Benchmark
2018-06-15,ASSET_A,101.69,2164527,Technology
2018-06-15,ASSET_B,85.46,750429,Banking
2018-06-15,ASSET_C,53.0,2244528,Consumer
2018-06-15,ASSET_D,33.4,1471000,Materials
2018-06-15,ASSET_E,56.92,1815772,Retail
2018-06-15,VNINDEX,909.05,0,Benchmark
2018-06-18,ASSET_A,101.2,1825606,Technology
2018-06-18,ASSET_B,84.18,1013771,Banking
2018-06-18,ASSET_C,52.77,643021,Consumer
2018-06-18,ASSET_D,33.97,2289779,Materials
2018-06-18,ASSET_E,56.52,434925,Retail
2018-06-18,VNINDEX,898.77,0,Benchmark
2018-06-19,ASSET_A,100.87,547653,Technology
2018-06-19,ASSET_B,85.44,797589,Banking
2018-06-19,ASSET_C,52.89,2178939,Consumer
2018-06-19,ASSET_D,34.1,1133148,Materials
2018-06-19,ASSET_E,55.97,1162066,Retail
2018-06-19,VNINDEX,900.79,0,Benchmark
2018-06-20,ASSET_A,102.28,943215,Technology
2018-06-20,ASSET_B,86.47,662441,Banking
2018-06-20,ASSET_C,53.08,413486,Consumer
2018-06-20,ASSET_D,33.63,1861319,Materials
2018-06-20,ASSET_E,56.69,756775,Retail
2018-06-20,VNINDEX,903.25,0,Benchmark
2018-06-21,ASSET_A,105.54,438285,Technology
2018-06-21,ASSET_B,89.57,883443,Banking
2018-06-21,ASSET_C,54.71,2004983,Consumer
2018-06-21,ASSET_D,33.75,2293545,Materials
2018-06-21,ASSET_E,58.01,1761089,Retail
2018-06-21,VNINDEX,917.52,0,Benchmark
2018-06-22,ASSET_A,108.62,2405231,Technology
2018-06-22,ASSET_B,88.77,1600851,Banking
2018-06-22,ASSET_C,55.83,2043438,Consumer
2018-06-22,ASSET_D,34.89,722861,Materials
2018-06-22,ASSET_E,59.59,2488631,Retail
2018-06-22,VNINDEX,926.49,0,Benchmark
2018-06-25,ASSET_A,111.83,452390,Technology
2018-06-25,ASSET_B,89.52,2039078,Banking
2018-06-25,ASSET_C,56.08,1256157,Consumer
2018-06-25,ASSET_D,36.05,1590776,Materials
2018-06-25,ASSET_E,61.16,2054450,Retail
2018-06-25,VNINDEX,930.47,0,Benchmark
2018-06-26,ASSET_A,112.69,2071292,Technology
2018-06-26,ASSET_B,92.23,1849646,Banking
2018-06-26,ASSET_C,57.01,989159,Consumer
2018-06-26,ASSET_D,37.28,2329959,Materials
2018-06-26,ASSET_E,62.4,922792,Retail
2018-06-26,VNINDEX,946.35,0,Benchmark
2018-06-27,ASSET_A,110.99,1473667,Technology
2018-06-27,ASSET_B,89.1,2019704,Banking
2018-06-27,ASSET_C,55.98,698723,Consumer
2018-06-27,ASSET_D,37.52,1567605,Materials
2018-06-27,ASSET_E,60.68,1477677,Retail
2018-06-27,VNINDEX,933.79,0,Benchmark
2018-06-28,ASSET_A,110.11,1623737,Technology
2018-06-28,ASSET_B,87.64,1902762,Banking
2018-06-28,ASSET_C,55.54,1113867,Consumer
2018-06-28,ASSET_D,37.95,2274430,Materials
2018-06-28,ASSET_E,61.62,441825,Retail
2018-06-28,VNINDEX,927.18,0,Benchmark
2018-06-29,ASSET_A,108.65,2104353,Technology
2018-06-29,ASSET_B,85.65,1204171,Banking
2018-06-29,ASSET_C,55.22,1806263,Consumer
2018-06-29,ASSET_D,37.86,1281745,Materials
2018-06-29,ASSET_E,60.25,1267108,Retail
2018-06-29,VNINDEX,917.59,0,Benchmark
2018-07-02,ASSET_A,107.16,2279426,Technology
2018-07-02,ASSET_B,85.2,2290514,Banking
2018-07-02,ASSET_C,55.49,1922249,Consumer
2018-07-02,ASSET_D,37.89,2262077,Materials
2018-07-02,ASSET_E,60.26,984934,Retail
2018-07-02,VNINDEX,913.7,0,Benchmark
2018-07-03,ASSET_A,103.13,667596,Technology
2018-07-03,ASSET_B,85.03,761965,Banking
2018-07-03,ASSET_C,55.17,780706,Consumer
2018-07-03,ASSET_D,37.59,1720570,Materials
2018-07-03,ASSET_E,59.18,1453667,Retail
2018-07-03,VNINDEX,899.56,0,Benchmark
2018-07-04,ASSET_A,104.16,437543,Technology
2018-07-04,ASSET_B,87.85,1869528,Banking
2018-07-04,ASSET_C,54.92,423392,Consumer
2018-07-04,ASSET_D,38.33,1405935,Materials
2018-07-04,ASSET_E,59.28,1257619,Retail
2018-07-04,VNINDEX,906.36,0,Benchmark
2018-07-05,ASSET_A,102.79,661681,Technology
2018-07-05,ASSET_B,86.78,632907,Banking
2018-07-05,ASSET_C,55.35,1578760,Consumer
2018-07-05,ASSET_D,37.79,851417,Materials
2018-07-05,ASSET_E,59.72,1833577,Retail
2018-07-05,VNINDEX,904.24,0,Benchmark
2018-07-06,ASSET_A,100.95,1833266,Technology
2018-07-06,ASSET_B,85.42,2007734,Banking
2018-07-06,ASSET_C,54.52,1619648,Consumer
2018-07-06,ASSET_D,37.56,758484,Materials
2018-07-06,ASSET_E,58.96,1550353,Retail
2018-07-06,VNINDEX,889.24,0,Benchmark
2018-07-09,ASSET_A,98.54,1593948,Technology
2018-07-09,ASSET_B,84.68,582971,Banking
2018-07-09,ASSET_C,53.45,2459424,Consumer
2018-07-09,ASSET_D,37.97,1006429,Materials
2018-07-09,ASSET_E,58.7,2371675,Retail
2018-07-09,VNINDEX,879.07,0,Benchmark
2018-07-10,ASSET_A,97.48,576155,Technology
2018-07-10,ASSET_B,85.48,853982,Banking
2018-07-10,ASSET_C,54.35,1998806,Consumer
2018-07-10,ASSET_D,38.0,1984246,Materials
2018-07-10,ASSET_E,58.31,543988,Retail
2018-07-10,VNINDEX,882.46,0,Benchmark
2018-07-11,ASSET_A,98.92,892020,Technology
2018-07-11,ASSET_B,86.98,1221686,Banking
2018-07-11,ASSET_C,55.63,1555650,Consumer
2018-07-11,ASSET_D,38.21,1382871,Materials
2018-07-11,ASSET_E,58.73,2383618,Retail
2018-07-11,VNINDEX,891.25,0,Benchmark
2018-07-12,ASSET_A,101.82,1528202,Technology
2018-07-12,ASSET_B,89.97,1858384,Banking
2018-07-12,ASSET_C,56.89,1642854,Consumer
2018-07-12,ASSET_D,39.45,1215881,Materials
2018-07-12,ASSET_E,59.47,2059900,Retail
2018-07-12,VNINDEX,912.29,0,Benchmark
2018-07-13,ASSET_A,106.74,1933448,Technology
2018-07-13,ASSET_B,95.85,495639,Banking
2018-07-13,ASSET_C,58.98,1755669,Consumer
2018-07-13,ASSET_D,40.47,1380286,Materials
2018-07-13,ASSET_E,61.27,1897064,Retail
2018-07-13,VNINDEX,943.83,0,Benchmark
2018-07-16,ASSET_A,110.66,1121152,Technology
2018-07-16,ASSET_B,97.7,940445,Banking
2018-07-16,ASSET_C,59.69,1348639,Consumer
2018-07-16,ASSET_D,39.85,1123593,Materials
2018-07-16,ASSET_E,61.47,2133552,Retail
2018-07-16,VNINDEX,948.59,0,Benchmark
2018-07-17,ASSET_A,109.66,2394234,Technology
2018-07-17,ASSET_B,95.12,1100633,Banking
2018-07-17,ASSET_C,59.96,1822908,Consumer
2018-07-17,ASSET_D,40.1,2095030,Materials
2018-07-17,ASSET_E,62.25,505811,Retail
2018-07-17,VNINDEX,937.96,0,Benchmark
2018-07-18,ASSET_A,107.32,2483714,Technology
2018-07-18,ASSET_B,92.97,1935144,Banking
2018-07-18,ASSET_C,59.16,810432,Consumer
2018-07-18,ASSET_D,38.8,1220642,Materials
2018-07-18,ASSET_E,60.61,847637,Retail
2018-07-18,VNINDEX,915.19,0,Benchmark
2018-07-19,ASSET_A,106.13,2008670,Technology
2018-07-19,ASSET_B,94.33,2419219,Banking
2018-07-19,ASSET_C,58.53,2143815,Consumer
2018-07-19,ASSET_D,38.95,1391521,Materials
2018-07-19,ASSET_E,59.19,401690,Retail
2018-07-19,VNINDEX,918.25,0,Benchmark
2018-07-20,ASSET_A,103.14,1353955,Technology
2018-07-20,ASSET_B,93.53,1689751,Banking
2018-07-20,ASSET_C,59.27,2209523,Consumer
2018-07-20,ASSET_D,38.2,1574048,Materials
2018-07-20,ASSET_E,59.72,2076678,Retail
2018-07-20,VNINDEX,909.79,0,Benchmark
2018-07-23,ASSET_A,104.89,2242068,Technology
2018-07-23,ASSET_B,94.18,1465759,Banking
2018-07-23,ASSET_C,59.68,1313459,Consumer
2018-07-23,ASSET_D,38.79,1757277,Materials
2018-07-23,ASSET_E,59.8,1144694,Retail
2018-07-23,VNINDEX,905.59,0,Benchmark
2018-07-24,ASSET_A,102.72,1928584,Technology
2018-07-24,ASSET_B,93.54,1106187,Banking
2018-07-24,ASSET_C,59.02,1359014,Consumer
2018-07-24,ASSET_D,39.03,1100389,Materials
2018-07-24,ASSET_E,59.31,1158996,Retail
2018-07-24,VNINDEX,899.34,0,Benchmark
2018-07-25,ASSET_A,101.07,1491130,Technology
2018-07-25,ASSET_B,93.58,2127553,Banking
2018-07-25,ASSET_C,58.34,1444770,Consumer
2018-07-25,ASSET_D,38.83,553839,Materials
2018-07-25,ASSET_E,58.9,1682380,Retail
2018-07-25,VNINDEX,898.06,0,Benchmark
2018-07-26,ASSET_A,102.5,1331939,Technology
2018-07-26,ASSET_B,95.27,625214,Banking
2018-07-26,ASSET_C,59.27,2116478,Consumer
2018-07-26,ASSET_D,38.62,1848833,Materials
2018-07-26,ASSET_E,58.9,1288531,Retail
2018-07-26,VNINDEX,909.53,0,Benchmark
2018-07-27,ASSET_A,102.61,2147870,Technology
2018-07-27,ASSET_B,93.34,671458,Banking
2018-07-27,ASSET_C,59.21,769541,Consumer
2018-07-27,ASSET_D,38.49,1576031,Materials
2018-07-27,ASSET_E,60.49,1738187,Retail
2018-07-27,VNINDEX,911.41,0,Benchmark
2018-07-30,ASSET_A,101.13,1569851,Technology
2018-07-30,ASSET_B,93.05,822483,Banking
2018-07-30,ASSET_C,59.32,1117197,Consumer
2018-07-30,ASSET_D,38.77,1760219,Materials
2018-07-30,ASSET_E,60.43,2366415,Retail
2018-07-30,VNINDEX,909.91,0,Benchmark
2018-07-31,ASSET_A,99.32,784096,Technology
2018-07-31,ASSET_B,90.92,962965,Banking
2018-07-31,ASSET_C,59.17,1690827,Consumer
2018-07-31,ASSET_D,38.4,1541591,Materials
2018-07-31,ASSET_E,58.44,1097351,Retail
2018-07-31,VNINDEX,899.11,0,Benchmark
2018-08-01,ASSET_A,98.82,2499606,Technology
2018-08-01,ASSET_B,87.45,1369351,Banking
2018-08-01,ASSET_C,57.87,1856167,Consumer
2018-08-01,ASSET_D,37.69,1468611,Materials
2018-08-01,ASSET_E,57.61,2272999,Retail
2018-08-01,VNINDEX,881.79,0,Benchmark
2018-08-02,ASSET_A,97.09,543530,Technology
2018-08-02,ASSET_B,88.27,2387747,Banking
2018-08-02,ASSET_C,56.94,1021091,Consumer
2018-08-02,ASSET_D,37.6,2392130,Materials
2018-08-02,ASSET_E,58.2,1518011,Retail
2018-08-02,VNINDEX,876.95,0,Benchmark
2018-08-03,ASSET_A,95.16,1859526,Technology
2018-08-03,ASSET_B,88.74,1765827,Banking
2018-08-03,ASSET_C,57.15,646072,Consumer
2018-08-03,ASSET_D,38.05,513343,Materials
2018-08-03,ASSET_E,58.3,1187732,Retail
2018-08-03,VNINDEX,876.59,0,Benchmark
2018-08-06,ASSET_A,98.79,1777501,Technology
2018-08-06,ASSET_B,91.17,1205458,Banking
2018-08-06,ASSET_C,57.86,1466011,Consumer
2018-08-06,ASSET_D,38.87,593831,Materials
2018-08-06,ASSET_E,58.79,2330194,Retail
2018-08-06,VNINDEX,895.24,0,Benchmark
2018-08-07,ASSET_A,99.68,1630951,Technology
2018-08-07,ASSET_B,90.78,844191,Banking
2018-08-07,ASSET_C,58.04,1740964,Consumer
2018-08-07,ASSET_D,39.22,2366739,Materials
2018-08-07,ASSET_E,58.15,1425031,Retail
2018-08-07,VNINDEX,896.82,0,Benchmark
2018-08-08,ASSET_A,100.16,509100,Technology
2018-08-08,ASSET_B,92.5,1761652,Banking
2018-08-08,ASSET_C,57.82,2009770,Consumer
2018-08-08,ASSET_D,39.09,2262349,Materials
2018-08-08,ASSET_E,58.12,668252,Retail
2018-08-08,VNINDEX,907.48,0,Benchmark
2018-08-09,ASSET_A,97.31,1434452,Technology
2018-08-09,ASSET_B,92.88,931585,Banking
2018-08-09,ASSET_C,57.39,406236,Consumer
2018-08-09,ASSET_D,40.48,1264562,Materials
2018-08-09,ASSET_E,58.94,1001699,Retail
2018-08-09,VNINDEX,902.34,0,Benchmark
2018-08-10,ASSET_A,94.78,2274210,Technology
2018-08-10,ASSET_B,90.36,2449866,Banking
2018-08-10,ASSET_C,57.14,436896,Consumer
2018-08-10,ASSET_D,39.72,1535301,Materials
2018-08-10,ASSET_E,58.12,2175586,Retail
2018-08-10,VNINDEX,889.98,0,Benchmark
2018-08-13,ASSET_A,93.49,903025,Technology
2018-08-13,ASSET_B,89.05,1403225,Banking
2018-08-13,ASSET_C,56.95,1211653,Consumer
2018-08-13,ASSET_D,39.38,1343851,Materials
2018-08-13,ASSET_E,56.28,1482411,Retail
2018-08-13,VNINDEX,880.05,0,Benchmark
2018-08-14,ASSET_A,94.14,1852263,Technology
2018-08-14,ASSET_B,88.98,1556654,Banking
2018-08-14,ASSET_C,56.09,1584222,Consumer
2018-08-14,ASSET_D,39.4,2493943,Materials
2018-08-14,ASSET_E,56.11,1576054,Retail
2018-08-14,VNINDEX,872.71,0,Benchmark
2018-08-15,ASSET_A,95.52,2203382,Technology
2018-08-15,ASSET_B,89.93,2297345,Banking
2018-08-15,ASSET_C,56.63,407489,Consumer
2018-08-15,ASSET_D,40.2,1357668,Materials
2018-08-15,ASSET_E,57.59,1832006,Retail
2018-08-15,VNINDEX,895.23,0,Benchmark
2018-08-16,ASSET_A,94.36,2399621,Technology
2018-08-16,ASSET_B,88.76,1041226,Banking
2018-08-16,ASSET_C,56.19,764234,Consumer
2018-08-16,ASSET_D,39.8,1995745,Materials
2018-08-16,ASSET_E,56.74,808378,Retail
2018-08-16,VNINDEX,886.74,0,Benchmark
2018-08-17,ASSET_A,96.4,1483892,Technology
2018-08-17,ASSET_B,89.5,1390789,Banking
2018-08-17,ASSET_C,57.0,1279705,Consumer
2018-08-17,ASSET_D,40.23,1166558,Materials
2018-08-17,ASSET_E,56.54,594602,Retail
2018-08-17,VNINDEX,895.81,0,Benchmark
2018-08-20,ASSET_A,92.07,1059161,Technology
2018-08-20,ASSET_B,88.14,1517091,Banking
2018-08-20,ASSET_C,56.73,986705,Consumer
2018-08-20,ASSET_D,39.2,1200778,Materials
2018-08-20,ASSET_E,55.21,1324834,Retail
2018-08-20,VNINDEX,886.44,0,Benchmark
2018-08-21,ASSET_A,94.65,1869197,Technology
2018-08-21,ASSET_B,88.93,969255,Banking
2018-08-21,ASSET_C,56.98,1892143,Consumer
2018-08-21,ASSET_D,39.95,1816634,Materials
2018-08-21,ASSET_E,56.6,2331666,Retail
2018-08-21,VNINDEX,896.52,0,Benchmark
2018-08-22,ASSET_A,93.59,1420932,Technology
2018-08-22,ASSET_B,89.63,514738,Banking
2018-08-22,ASSET_C,57.39,472897,Consumer
2018-08-22,ASSET_D,39.1,1238128,Materials
2018-08-22,ASSET_E,57.04,667006,Retail
2018-08-22,VNINDEX,900.84,0,Benchmark
2018-08-23,ASSET_A,93.85,1716883,Technology
2018-08-23,ASSET_B,91.47,995867,Banking
2018-08-23,ASSET_C,58.21,2265516,Consumer
2018-08-23,ASSET_D,40.15,429227,Materials
2018-08-23,ASSET_E,57.31,1909635,Retail
2018-08-23,VNINDEX,899.36,0,Benchmark
2018-08-24,ASSET_A,94.16,1957549,Technology
2018-08-24,ASSET_B,91.09,635976,Banking
2018-08-24,ASSET_C,58.32,755871,Consumer
2018-08-24,ASSET_D,40.66,763224,Materials
2018-08-24,ASSET_E,57.47,2456324,Retail
2018-08-24,VNINDEX,899.12,0,Benchmark
2018-08-27,ASSET_A,94.79,1891596,Technology
2018-08-27,ASSET_B,90.5,1818928,Banking
2018-08-27,ASSET_C,56.97,1325342,Consumer
2018-08-27,ASSET_D,40.76,2234367,Materials
2018-08-27,ASSET_E,57.3,603180,Retail
2018-08-27,VNINDEX,892.31,0,Benchmark
2018-08-28,ASSET_A,96.16,909835,Technology
2018-08-28,ASSET_B,93.31,415059,Banking
2018-08-28,ASSET_C,57.36,2471921,Consumer
2018-08-28,ASSET_D,39.86,1170446,Materials
2018-08-28,ASSET_E,57.26,679583,Retail
2018-08-28,VNINDEX,897.28,0,Benchmark
2018-08-29,ASSET_A,92.38,1987172,Technology
2018-08-29,ASSET_B,92.09,1064637,Banking
2018-08-29,ASSET_C,58.33,1791591,Consumer
2018-08-29,ASSET_D,39.13,615121,Materials
2018-08-29,ASSET_E,56.82,2224876,Retail
2018-08-29,VNINDEX,892.6,0,Benchmark
2018-08-30,ASSET_A,89.84,1537882,Technology
2018-08-30,ASSET_B,92.31,2256841,Banking
2018-08-30,ASSET_C,56.85,2496897,Consumer
2018-08-30,ASSET_D,39.42,2372237,Materials
2018-08-30,ASSET_E,56.9,627864,Retail
2018-08-30,VNINDEX,879.79,0,Benchmark
2018-08-31,ASSET_A,88.47,2354610,Technology
2018-08-31,ASSET_B,90.52,1594095,Banking
2018-08-31,ASSET_C,56.14,441294,Consumer
2018-08-31,ASSET_D,41.52,2499398,Materials
2018-08-31,ASSET_E,57.14,1961734,Retail
2018-08-31,VNINDEX,866.6,0,Benchmark
2018-09-03,ASSET_A,88.46,1784881,Technology
2018-09-03,ASSET_B,92.71,1809688,Banking
2018-09-03,ASSET_C,56.12,1911680,Consumer
2018-09-03,ASSET_D,42.44,1449395,Materials
2018-09-03,ASSET_E,56.35,2074201,Retail
2018-09-03,VNINDEX,868.59,0,Benchmark
2018-09-04,ASSET_A,91.05,2272795,Technology
2018-09-04,ASSET_B,95.89,1803880,Banking
2018-09-04,ASSET_C,57.1,558966,Consumer
2018-09-04,ASSET_D,44.04,1718973,Materials
2018-09-04,ASSET_E,57.24,1057566,Retail
2018-09-04,VNINDEX,885.41,0,Benchmark
2018-09-05,ASSET_A,92.32,2455498,Technology
2018-09-05,ASSET_B,96.51,1026492,Banking
2018-09-05,ASSET_C,57.32,1684899,Consumer
2018-09-05,ASSET_D,44.52,1985350,Materials
2018-09-05,ASSET_E,57.98,1012499,Retail
2018-09-05,VNINDEX,887.31,0,Benchmark
2018-09-06,ASSET_A,93.0,2488466,Technology
2018-09-06,ASSET_B,96.28,1727870,Banking
2018-09-06,ASSET_C,57.95,1084493,Consumer
2018-09-06,ASSET_D,43.85,539117,Materials
2018-09-06,ASSET_E,59.36,1495009,Retail
2018-09-06,VNINDEX,886.24,0,Benchmark
2018-09-07,ASSET_A,93.11,1963876,Technology
2018-09-07,ASSET_B,96.04,864438,Banking
2018-09-07,ASSET_C,58.18,2031714,Consumer
2018-09-07,ASSET_D,44.74,1023050,Materials
2018-09-07,ASSET_E,60.97,1463728,Retail
2018-09-07,VNINDEX,889.49,0,Benchmark
2018-09-10,ASSET_A,92.34,1654320,Technology
2018-09-10,ASSET_B,98.14,1734550,Banking
2018-09-10,ASSET_C,59.77,661139,Consumer
2018-09-10,ASSET_D,44.68,1581117,Materials
2018-09-10,ASSET_E,61.26,2206274,Retail
2018-09-10,VNINDEX,903.79,0,Benchmark
2018-09-11,ASSET_A,92.04,648074,Technology
2018-09-11,ASSET_B,99.55,1834460,Banking
2018-09-11,ASSET_C,59.84,2282763,Consumer
2018-09-11,ASSET_D,43.94,1554518,Materials
2018-09-11,ASSET_E,62.46,1643976,Retail
2018-09-11,VNINDEX,906.38,0,Benchmark
2018-09-12,ASSET_A,92.09,1210860,Technology
2018-09-12,ASSET_B,98.92,2239897,Banking
2018-09-12,ASSET_C,59.38,1409596,Consumer
2018-09-12,ASSET_D,42.82,1095746,Materials
2018-09-12,ASSET_E,62.23,2433063,Retail
2018-09-12,VNINDEX,902.1,0,Benchmark
2018-09-13,ASSET_A,92.08,1398200,Technology
2018-09-13,ASSET_B,100.31,2331017,Banking
2018-09-13,ASSET_C,59.65,1490540,Consumer
2018-09-13,ASSET_D,44.13,403370,Materials
2018-09-13,ASSET_E,63.91,903840,Retail
2018-09-13,VNINDEX,914.43,0,Benchmark
2018-09-14,ASSET_A,93.5,2039103,Technology
2018-09-14,ASSET_B,100.72,450361,Banking
2018-09-14,ASSET_C,58.79,1599331,Consumer
2018-09-14,ASSET_D,44.34,2401390,Materials
2018-09-14,ASSET_E,64.91,990262,Retail
2018-09-14,VNINDEX,919.38,0,Benchmark
2018-09-17,ASSET_A,96.81,1636418,Technology
2018-09-17,ASSET_B,104.42,1028192,Banking
2018-09-17,ASSET_C,59.91,474096,Consumer
2018-09-17,ASSET_D,45.3,1690355,Materials
2018-09-17,ASSET_E,64.99,906235,Retail
2018-09-17,VNINDEX,936.82,0,Benchmark
2018-09-18,ASSET_A,97.26,1322174,Technology
2018-09-18,ASSET_B,106.29,1548940,Banking
2018-09-18,ASSET_C,61.35,1051861,Consumer
2018-09-18,ASSET_D,45.41,1986489,Materials
2018-09-18,ASSET_E,65.61,1766172,Retail
2018-09-18,VNINDEX,939.1,0,Benchmark
2018-09-19,ASSET_A,91.49,707908,Technology
2018-09-19,ASSET_B,103.47,1075274,Banking
2018-09-19,ASSET_C,60.88,1889731,Consumer
2018-09-19,ASSET_D,43.89,1318352,Materials
2018-09-19,ASSET_E,65.57,470361,Retail
2018-09-19,VNINDEX,925.49,0,Benchmark
2018-09-20,ASSET_A,88.14,1903189,Technology
2018-09-20,ASSET_B,100.49,1699014,Banking
2018-09-20,ASSET_C,60.48,2417737,Consumer
2018-09-20,ASSET_D,42.67,1464730,Materials
2018-09-20,ASSET_E,64.54,2206518,Retail
2018-09-20,VNINDEX,910.47,0,Benchmark
2018-09-21,ASSET_A,92.71,1307128,Technology
2018-09-21,ASSET_B,103.63,2193905,Banking
2018-09-21,ASSET_C,61.26,2467665,Consumer
2018-09-21,ASSET_D,43.15,1333512,Materials
2018-09-21,ASSET_E,65.58,2020832,Retail
2018-09-21,VNINDEX,929.08,0,Benchmark
2018-09-24,ASSET_A,94.24,475899,Technology
2018-09-24,ASSET_B,108.47,941870,Banking
2018-09-24,ASSET_C,62.21,1524974,Consumer
2018-09-24,ASSET_D,43.1,1302532,Materials
2018-09-24,ASSET_E,65.54,2475150,Retail
2018-09-24,VNINDEX,948.92,0,Benchmark
2018-09-25,ASSET_A,91.36,996412,Technology
2018-09-25,ASSET_B,109.67,2276089,Banking
2018-09-25,ASSET_C,62.76,941911,Consumer
2018-09-25,ASSET_D,42.66,1808411,Materials
2018-09-25,ASSET_E,66.01,2412762,Retail
2018-09-25,VNINDEX,947.07,0,Benchmark
2018-09-26,ASSET_A,92.54,2246864,Technology
2018-09-26,ASSET_B,107.43,2252236,Banking
2018-09-26,ASSET_C,63.86,1402900,Consumer
2018-09-26,ASSET_D,41.71,2491324,Materials
2018-09-26,ASSET_E,65.91,548508,Retail
2018-09-26,VNINDEX,942.88,0,Benchmark
2018-09-27,ASSET_A,94.49,649537,Technology
2018-09-27,ASSET_B,109.63,2319476,Banking
2018-09-27,ASSET_C,65.87,1373277,Consumer
2018-09-27,ASSET_D,42.91,2032442,Materials
2018-09-27,ASSET_E,66.23,1970145,Retail
2018-09-27,VNINDEX,959.98,0,Benchmark
2018-09-28,ASSET_A,94.57,1252905,Technology
2018-09-28,ASSET_B,106.57,554425,Banking
2018-09-28,ASSET_C,65.69,1234205,Consumer
2018-09-28,ASSET_D,42.78,1801506,Materials
2018-09-28,ASSET_E,65.13,1457606,Retail
2018-09-28,VNINDEX,947.35,0,Benchmark
2018-10-01,ASSET_A,93.8,1475288,Technology
2018-10-01,ASSET_B,104.77,1015623,Banking
2018-10-01,ASSET_C,65.12,1158676,Consumer
2018-10-01,ASSET_D,41.41,425378,Materials
2018-10-01,ASSET_E,64.6,1944549,Retail
2018-10-01,VNINDEX,937.3,0,Benchmark
2018-10-02,ASSET_A,95.3,575858,Technology
2018-10-02,ASSET_B,107.92,660626,Banking
2018-10-02,ASSET_C,65.72,2223497,Consumer
2018-10-02,ASSET_D,41.56,1479252,Materials
2018-10-02,ASSET_E,64.62,2234698,Retail
2018-10-02,VNINDEX,944.88,0,Benchmark
2018-10-03,ASSET_A,95.3,747829,Technology
2018-10-03,ASSET_B,105.47,652656,Banking
2018-10-03,ASSET_C,64.94,1219981,Consumer
2018-10-03,ASSET_D,42.65,2407080,Materials
2018-10-03,ASSET_E,64.34,1624671,Retail
2018-10-03,VNINDEX,940.56,0,Benchmark
2018-10-04,ASSET_A,96.3,2374570,Technology
2018-10-04,ASSET_B,103.48,511602,Banking
2018-10-04,ASSET_C,63.96,461443,Consumer
2018-10-04,ASSET_D,41.97,1235682,Materials
2018-10-04,ASSET_E,62.87,406632,Retail
2018-10-04,VNINDEX,940.7,0,Benchmark
2018-10-05,ASSET_A,99.35,1640128,Technology
2018-10-05,ASSET_B,102.22,1323994,Banking
2018-10-05,ASSET_C,63.1,1914939,Consumer
2018-10-05,ASSET_D,42.19,1553830,Materials
2018-10-05,ASSET_E,63.9,2215988,Retail
2018-10-05,VNINDEX,939.04,0,Benchmark
2018-10-08,ASSET_A,101.27,841714,Technology
2018-10-08,ASSET_B,103.15,583169,Banking
2018-10-08,ASSET_C,63.37,1796652,Consumer
2018-10-08,ASSET_D,42.46,1081624,Materials
2018-10-08,ASSET_E,64.18,1318193,Retail
2018-10-08,VNINDEX,943.12,0,Benchmark
2018-10-09,ASSET_A,100.96,756363,Technology
2018-10-09,ASSET_B,106.3,1021106,Banking
2018-10-09,ASSET_C,64.12,1194649,Consumer
2018-10-09,ASSET_D,44.03,801441,Materials
2018-10-09,ASSET_E,64.3,1363373,Retail
2018-10-09,VNINDEX,959.68,0,Benchmark
2018-10-10,ASSET_A,101.77,1294043,Technology
2018-10-10,ASSET_B,107.04,2460863,Banking
2018-10-10,ASSET_C,63.19,1722984,Consumer
2018-10-10,ASSET_D,44.31,1881380,Materials
2018-10-10,ASSET_E,62.31,1626817,Retail
2018-10-10,VNINDEX,960.96,0,Benchmark
2018-10-11,ASSET_A,104.45,1919549,Technology
2018-10-11,ASSET_B,109.7,2256119,Banking
2018-10-11,ASSET_C,63.61,2376276,Consumer
2018-10-11,ASSET_D,44.37,1058366,Materials
2018-10-11,ASSET_E,63.66,2314375,Retail
2018-10-11,VNINDEX,968.77,0,Benchmark
2018-10-12,ASSET_A,103.31,1933829,Technology
2018-10-12,ASSET_B,104.0,2367886,Banking
2018-10-12,ASSET_C,62.07,2341281,Consumer
2018-10-12,ASSET_D,43.27,1634559,Materials
2018-10-12,ASSET_E,62.64,1505629,Retail
2018-10-12,VNINDEX,944.98,0,Benchmark
2018-10-15,ASSET_A,102.63,810007,Technology
2018-10-15,ASSET_B,105.44,476933,Banking
2018-10-15,ASSET_C,61.28,2058282,Consumer
2018-10-15,ASSET_D,43.31,1646426,Materials
2018-10-15,ASSET_E,62.79,836091,Retail
2018-10-15,VNINDEX,944.63,0,Benchmark
2018-10-16,ASSET_A,103.18,1923816,Technology
2018-10-16,ASSET_B,103.67,1787912,Banking
2018-10-16,ASSET_C,60.51,1625019,Consumer
2018-10-16,ASSET_D,42.79,2181188,Materials
2018-10-16,ASSET_E,62.91,1938822,Retail
2018-10-16,VNINDEX,935.13,0,Benchmark
2018-10-17,ASSET_A,102.84,2282198,Technology
2018-10-17,ASSET_B,102.6,1731148,Banking
2018-10-17,ASSET_C,59.56,458058,Consumer
2018-10-17,ASSET_D,41.22,2370006,Materials
2018-10-17,ASSET_E,62.75,1729335,Retail
2018-10-17,VNINDEX,921.47,0,Benchmark
2018-10-18,ASSET_A,105.51,875309,Technology
2018-10-18,ASSET_B,99.61,678805,Banking
2018-10-18,ASSET_C,58.64,1475641,Consumer
2018-10-18,ASSET_D,41.62,1562477,Materials
2018-10-18,ASSET_E,62.29,537596,Retail
2018-10-18,VNINDEX,911.81,0,Benchmark
2018-10-19,ASSET_A,103.89,455039,Technology
2018-10-19,ASSET_B,99.12,2302980,Banking
2018-10-19,ASSET_C,59.03,2118952,Consumer
2018-10-19,ASSET_D,42.19,505722,Materials
2018-10-19,ASSET_E,61.85,1518603,Retail
2018-10-19,VNINDEX,908.28,0,Benchmark
2018-10-22,ASSET_A,104.48,2413669,Technology
2018-10-22,ASSET_B,100.89,1249192,Banking
2018-10-22,ASSET_C,58.41,2174280,Consumer
2018-10-22,ASSET_D,41.97,1622895,Materials
2018-10-22,ASSET_E,62.18,2049375,Retail
2018-10-22,VNINDEX,918.74,0,Benchmark
2018-10-23,ASSET_A,102.11,1496194,Technology
2018-10-23,ASSET_B,100.19,2451007,Banking
2018-10-23,ASSET_C,56.41,2023000,Consumer
2018-10-23,ASSET_D,41.06,2257771,Materials
2018-10-23,ASSET_E,61.58,2256605,Retail
2018-10-23,VNINDEX,904.1,0,Benchmark
2018-10-24,ASSET_A,101.45,2030556,Technology
2018-10-24,ASSET_B,98.37,639350,Banking
2018-10-24,ASSET_C,56.44,2471661,Consumer
2018-10-24,ASSET_D,40.93,1402448,Materials
2018-10-24,ASSET_E,62.78,994658,Retail
2018-10-24,VNINDEX,904.64,0,Benchmark
2018-10-25,ASSET_A,99.47,1072220,Technology
2018-10-25,ASSET_B,97.68,1765274,Banking
2018-10-25,ASSET_C,56.22,1484636,Consumer
2018-10-25,ASSET_D,39.91,1585877,Materials
2018-10-25,ASSET_E,62.35,1497318,Retail
2018-10-25,VNINDEX,899.48,0,Benchmark
2018-10-26,ASSET_A,95.1,1028254,Technology
2018-10-26,ASSET_B,95.94,674544,Banking
2018-10-26,ASSET_C,56.28,630377,Consumer
2018-10-26,ASSET_D,38.53,2001503,Materials
2018-10-26,ASSET_E,63.36,2130881,Retail
2018-10-26,VNINDEX,896.06,0,Benchmark
2018-10-29,ASSET_A,95.87,872660,Technology
2018-10-29,ASSET_B,98.11,2394838,Banking
2018-10-29,ASSET_C,56.56,1443316,Consumer
2018-10-29,ASSET_D,38.6,1321918,Materials
2018-10-29,ASSET_E,64.44,1625895,Retail
2018-10-29,VNINDEX,907.37,0,Benchmark
2018-10-30,ASSET_A,97.15,855744,Technology
2018-10-30,ASSET_B,99.92,1675956,Banking
2018-10-30,ASSET_C,56.33,1069299,Consumer
2018-10-30,ASSET_D,38.65,1271483,Materials
2018-10-30,ASSET_E,65.19,1280924,Retail
2018-10-30,VNINDEX,913.6,0,Benchmark
2018-10-31,ASSET_A,98.32,1390365,Technology
2018-10-31,ASSET_B,103.7,558884,Banking
2018-10-31,ASSET_C,57.13,2154606,Consumer
2018-10-31,ASSET_D,38.4,1412518,Materials
2018-10-31,ASSET_E,68.4,786911,Retail
2018-10-31,VNINDEX,928.97,0,Benchmark
2018-11-01,ASSET_A,100.96,622146,Technology
2018-11-01,ASSET_B,102.81,851127,Banking
2018-11-01,ASSET_C,56.78,2031990,Consumer
2018-11-01,ASSET_D,38.44,2189073,Materials
2018-11-01,ASSET_E,69.82,490129,Retail
2018-11-01,VNINDEX,927.41,0,Benchmark
2018-11-02,ASSET_A,100.02,2168241,Technology
2018-11-02,ASSET_B,102.84,1154484,Banking
2018-11-02,ASSET_C,57.32,1292049,Consumer
2018-11-02,ASSET_D,38.86,1424794,Materials
2018-11-02,ASSET_E,70.84,1849182,Retail
2018-11-02,VNINDEX,919.69,0,Benchmark
2018-11-05,ASSET_A,101.64,1473576,Technology
2018-11-05,ASSET_B,104.2,427005,Banking
2018-11-05,ASSET_C,57.0,1215308,Consumer
2018-11-05,ASSET_D,39.3,1086793,Materials
2018-11-05,ASSET_E,69.92,2424221,Retail
2018-11-05,VNINDEX,917.36,0,Benchmark
2018-11-06,ASSET_A,102.41,2322082,Technology
2018-11-06,ASSET_B,102.58,418300,Banking
2018-11-06,ASSET_C,57.12,734870,Consumer
2018-11-06,ASSET_D,39.35,1653133,Materials
2018-11-06,ASSET_E,72.23,1661721,Retail
2018-11-06,VNINDEX,920.31,0,Benchmark
2018-11-07,ASSET_A,103.95,1454598,Technology
2018-11-07,ASSET_B,103.67,2343507,Banking
2018-11-07,ASSET_C,58.78,490648,Consumer
2018-11-07,ASSET_D,38.25,1854512,Materials
2018-11-07,ASSET_E,72.31,2039153,Retail
2018-11-07,VNINDEX,922.52,0,Benchmark
2018-11-08,ASSET_A,102.81,1036822,Technology
2018-11-08,ASSET_B,103.09,2460485,Banking
2018-11-08,ASSET_C,58.01,1057087,Consumer
2018-11-08,ASSET_D,38.18,2316716,Materials
2018-11-08,ASSET_E,71.19,1822058,Retail
2018-11-08,VNINDEX,910.46,0,Benchmark
2018-11-09,ASSET_A,105.07,1481319,Technology
2018-11-09,ASSET_B,102.95,1526044,Banking
2018-11-09,ASSET_C,58.42,906136,Consumer
2018-11-09,ASSET_D,38.33,2275238,Materials
2018-11-09,ASSET_E,69.25,1130413,Retail
2018-11-09,VNINDEX,911.68,0,Benchmark
2018-11-12,ASSET_A,105.53,723911,Technology
2018-11-12,ASSET_B,101.86,2295725,Banking
2018-11-12,ASSET_C,58.98,956925,Consumer
2018-11-12,ASSET_D,38.73,2044723,Materials
2018-11-12,ASSET_E,69.75,1497921,Retail
2018-11-12,VNINDEX,914.45,0,Benchmark
2018-11-13,ASSET_A,110.2,2130594,Technology
2018-11-13,ASSET_B,107.31,1775973,Banking
2018-11-13,ASSET_C,61.05,2496793,Consumer
2018-11-13,ASSET_D,41.35,2015055,Materials
2018-11-13,ASSET_E,70.82,967057,Retail
2018-11-13,VNINDEX,943.54,0,Benchmark
2018-11-14,ASSET_A,113.82,1912294,Technology
2018-11-14,ASSET_B,109.03,458910,Banking
2018-11-14,ASSET_C,62.47,1830223,Consumer
2018-11-14,ASSET_D,41.79,1343568,Materials
2018-11-14,ASSET_E,72.81,868736,Retail
2018-11-14,VNINDEX,965.88,0,Benchmark
2018-11-15,ASSET_A,112.0,709020,Technology
2018-11-15,ASSET_B,107.34,1900437,Banking
2018-11-15,ASSET_C,62.05,1557920,Consumer
2018-11-15,ASSET_D,39.39,1119477,Materials
2018-11-15,ASSET_E,70.99,1636823,Retail
2018-11-15,VNINDEX,955.96,0,Benchmark
2018-11-16,ASSET_A,112.24,1622197,Technology
2018-11-16,ASSET_B,106.83,438078,Banking
2018-11-16,ASSET_C,61.94,775634,Consumer
2018-11-16,ASSET_D,38.57,1581916,Materials
2018-11-16,ASSET_E,72.49,1756617,Retail
2018-11-16,VNINDEX,952.78,0,Benchmark
2018-11-19,ASSET_A,113.65,1529787,Technology
2018-11-19,ASSET_B,105.28,2114665,Banking
2018-11-19,ASSET_C,60.63,2166405,Consumer
2018-11-19,ASSET_D,38.16,1883311,Materials
2018-11-19,ASSET_E,71.8,2473318,Retail
2018-11-19,VNINDEX,935.9,0,Benchmark
2018-11-20,ASSET_A,112.28,822133,Technology
2018-11-20,ASSET_B,103.53,1170635,Banking
2018-11-20,ASSET_C,60.48,1754022,Consumer
2018-11-20,ASSET_D,37.89,1488766,Materials
2018-11-20,ASSET_E,73.54,896017,Retail
2018-11-20,VNINDEX,929.29,0,Benchmark
2018-11-21,ASSET_A,113.51,656382,Technology
2018-11-21,ASSET_B,103.23,696640,Banking
2018-11-21,ASSET_C,62.03,1481109,Consumer
2018-11-21,ASSET_D,37.29,834668,Materials
2018-11-21,ASSET_E,72.82,1009350,Retail
2018-11-21,VNINDEX,933.13,0,Benchmark
2018-11-22,ASSET_A,117.68,1996621,Technology
2018-11-22,ASSET_B,105.4,942929,Banking
2018-11-22,ASSET_C,63.66,1378530,Consumer
2018-11-22,ASSET_D,36.99,431002,Materials
2018-11-22,ASSET_E,75.43,748861,Retail
2018-11-22,VNINDEX,947.37,0,Benchmark
2018-11-23,ASSET_A,118.47,954488,Technology
2018-11-23,ASSET_B,105.48,1835039,Banking
2018-11-23,ASSET_C,63.39,1560392,Consumer
2018-11-23,ASSET_D,36.43,522146,Materials
2018-11-23,ASSET_E,73.01,2391369,Retail
2018-11-23,VNINDEX,939.07,0,Benchmark
2018-11-26,ASSET_A,117.43,1489753,Technology
2018-11-26,ASSET_B,107.34,2178557,Banking
2018-11-26,ASSET_C,63.55,2163287,Consumer
2018-11-26,ASSET_D,35.39,1295064,Materials
2018-11-26,ASSET_E,72.67,2041107,Retail
2018-11-26,VNINDEX,931.7,0,Benchmark
2018-11-27,ASSET_A,109.97,920192,Technology
2018-11-27,ASSET_B,101.85,1598520,Banking
2018-11-27,ASSET_C,61.56,1912266,Consumer
2018-11-27,ASSET_D,34.72,2061901,Materials
2018-11-27,ASSET_E,70.27,1093812,Retail
2018-11-27,VNINDEX,907.45,0,Benchmark
2018-11-28,ASSET_A,110.58,1772129,Technology
2018-11-28,ASSET_B,102.0,737017,Banking
2018-11-28,ASSET_C,61.3,1418497,Consumer
2018-11-28,ASSET_D,34.42,2058788,Materials
2018-11-28,ASSET_E,69.73,2434765,Retail
2018-11-28,VNINDEX,905.82,0,Benchmark
2018-11-29,ASSET_A,105.43,502875,Technology
2018-11-29,ASSET_B,98.98,2290324,Banking
2018-11-29,ASSET_C,61.25,1802009,Consumer
2018-11-29,ASSET_D,33.6,2096819,Materials
2018-11-29,ASSET_E,68.4,1878605,Retail
2018-11-29,VNINDEX,894.17,0,Benchmark
2018-11-30,ASSET_A,106.96,1154611,Technology
2018-11-30,ASSET_B,99.39,2060363,Banking
2018-11-30,ASSET_C,61.9,2352588,Consumer
2018-11-30,ASSET_D,32.95,1889037,Materials
2018-11-30,ASSET_E,67.16,1400384,Retail
2018-11-30,VNINDEX,888.52,0,Benchmark
2018-12-03,ASSET_A,105.93,1548826,Technology
2018-12-03,ASSET_B,96.91,1260727,Banking
2018-12-03,ASSET_C,60.84,1085106,Consumer
2018-12-03,ASSET_D,32.73,448154,Materials
2018-12-03,ASSET_E,65.36,1201642,Retail
2018-12-03,VNINDEX,879.11,0,Benchmark
2018-12-04,ASSET_A,107.39,1322104,Technology
2018-12-04,ASSET_B,96.01,1564365,Banking
2018-12-04,ASSET_C,60.47,2290985,Consumer
2018-12-04,ASSET_D,32.72,2255147,Materials
2018-12-04,ASSET_E,64.91,1595346,Retail
2018-12-04,VNINDEX,878.28,0,Benchmark
2018-12-05,ASSET_A,103.37,1686022,Technology
2018-12-05,ASSET_B,92.69,2424254,Banking
2018-12-05,ASSET_C,60.79,1674261,Consumer
2018-12-05,ASSET_D,32.1,2390369,Materials
2018-12-05,ASSET_E,63.7,578609,Retail
2018-12-05,VNINDEX,859.53,0,Benchmark
2018-12-06,ASSET_A,98.95,778718,Technology
2018-12-06,ASSET_B,90.46,1192522,Banking
2018-12-06,ASSET_C,59.93,789103,Consumer
2018-12-06,ASSET_D,31.59,2184501,Materials
2018-12-06,ASSET_E,63.61,761332,Retail
2018-12-06,VNINDEX,844.22,0,Benchmark
2018-12-07,ASSET_A,102.42,1327788,Technology
2018-12-07,ASSET_B,94.02,454125,Banking
2018-12-07,ASSET_C,62.52,2430601,Consumer
2018-12-07,ASSET_D,32.45,1336389,Materials
2018-12-07,ASSET_E,65.5,2365997,Retail
2018-12-07,VNINDEX,867.0,0,Benchmark
2018-12-10,ASSET_A,100.53,1988683,Technology
2018-12-10,ASSET_B,92.65,706011,Banking
2018-12-10,ASSET_C,61.82,1840949,Consumer
2018-12-10,ASSET_D,31.36,850842,Materials
2018-12-10,ASSET_E,65.55,833944,Retail
2018-12-10,VNINDEX,853.45,0,Benchmark
2018-12-11,ASSET_A,98.28,1100562,Technology
2018-12-11,ASSET_B,91.05,1660665,Banking
2018-12-11,ASSET_C,61.28,1210463,Consumer
2018-12-11,ASSET_D,30.55,2301071,Materials
2018-12-11,ASSET_E,63.44,744248,Retail
2018-12-11,VNINDEX,842.1,0,Benchmark
2018-12-12,ASSET_A,101.04,729723,Technology
2018-12-12,ASSET_B,92.31,2495151,Banking
2018-12-12,ASSET_C,62.29,850711,Consumer
2018-12-12,ASSET_D,31.09,788896,Materials
2018-12-12,ASSET_E,64.47,2205825,Retail
2018-12-12,VNINDEX,861.71,0,Benchmark
2018-12-13,ASSET_A,109.76,2180274,Technology
2018-12-13,ASSET_B,97.63,1953794,Banking
2018-12-13,ASSET_C,64.9,2323148,Consumer
2018-12-13,ASSET_D,33.44,2055166,Materials
2018-12-13,ASSET_E,67.37,2383852,Retail
2018-12-13,VNINDEX,893.54,0,Benchmark
2018-12-14,ASSET_A,109.31,2034435,Technology
2018-12-14,ASSET_B,95.77,1697770,Banking
2018-12-14,ASSET_C,65.06,2128939,Consumer
2018-12-14,ASSET_D,32.2,2427437,Materials
2018-12-14,ASSET_E,66.77,2117793,Retail
2018-12-14,VNINDEX,880.83,0,Benchmark
2018-12-17,ASSET_A,110.48,1828863,Technology
2018-12-17,ASSET_B,96.58,1078303,Banking
2018-12-17,ASSET_C,64.1,493489,Consumer
2018-12-17,ASSET_D,31.83,2291372,Materials
2018-12-17,ASSET_E,65.73,616944,Retail
2018-12-17,VNINDEX,877.01,0,Benchmark
2018-12-18,ASSET_A,112.44,2075816,Technology
2018-12-18,ASSET_B,96.31,1322702,Banking
2018-12-18,ASSET_C,64.1,1735018,Consumer
2018-12-18,ASSET_D,32.03,1494319,Materials
2018-12-18,ASSET_E,66.84,2161738,Retail
2018-12-18,VNINDEX,880.93,0,Benchmark
2018-12-19,ASSET_A,117.84,2035520,Technology
2018-12-19,ASSET_B,97.15,480583,Banking
2018-12-19,ASSET_C,65.94,640698,Consumer
2018-12-19,ASSET_D,32.6,2150088,Materials
2018-12-19,ASSET_E,67.75,960589,Retail
2018-12-19,VNINDEX,900.24,0,Benchmark
2018-12-20,ASSET_A,115.9,1967862,Technology
2018-12-20,ASSET_B,95.6,1179367,Banking
2018-12-20,ASSET_C,65.18,1017647,Consumer
2018-12-20,ASSET_D,32.78,2144771,Materials
2018-12-20,ASSET_E,66.28,423131,Retail
2018-12-20,VNINDEX,889.47,0,Benchmark
2018-12-21,ASSET_A,112.05,1469802,Technology
2018-12-21,ASSET_B,96.77,1709284,Banking
2018-12-21,ASSET_C,64.67,1592837,Consumer
2018-12-21,ASSET_D,32.51,2445390,Materials
2018-12-21,ASSET_E,66.53,2333939,Retail
2018-12-21,VNINDEX,886.96,0,Benchmark
2018-12-24,ASSET_A,113.01,440787,Technology
2018-12-24,ASSET_B,98.21,2302029,Banking
2018-12-24,ASSET_C,65.93,923159,Consumer
2018-12-24,ASSET_D,32.72,1156753,Materials
2018-12-24,ASSET_E,67.17,962056,Retail
2018-12-24,VNINDEX,895.76,0,Benchmark
2018-12-25,ASSET_A,115.12,1653864,Technology
2018-12-25,ASSET_B,98.69,2337089,Banking
2018-12-25,ASSET_C,67.04,1476231,Consumer
2018-12-25,ASSET_D,33.37,1721112,Materials
2018-12-25,ASSET_E,67.05,1782935,Retail
2018-12-25,VNINDEX,900.81,0,Benchmark
2018-12-26,ASSET_A,112.9,973579,Technology
2018-12-26,ASSET_B,97.09,2124502,Banking
2018-12-26,ASSET_C,66.47,1302113,Consumer
2018-12-26,ASSET_D,34.24,2116041,Materials
2018-12-26,ASSET_E,66.27,554973,Retail
2018-12-26,VNINDEX,896.81,0,Benchmark
2018-12-27,ASSET_A,112.42,2023929,Technology
2018-12-27,ASSET_B,99.0,445146,Banking
2018-12-27,ASSET_C,66.54,1621148,Consumer
2018-12-27,ASSET_D,35.01,877243,Materials
2018-12-27,ASSET_E,65.23,797915,Retail
2018-12-27,VNINDEX,895.52,0,Benchmark
2018-12-28,ASSET_A,109.13,1383509,Technology
2018-12-28,ASSET_B,95.65,2103490,Banking
2018-12-28,ASSET_C,64.74,2081518,Consumer
2018-12-28,ASSET_D,34.32,873663,Materials
2018-12-28,ASSET_E,63.85,2249631,Retail
2018-12-28,VNINDEX,880.55,0,Benchmark
2018-12-31,ASSET_A,111.24,2301080,Technology
2018-12-31,ASSET_B,94.47,859097,Banking
2018-12-31,ASSET_C,63.97,725884,Consumer
2018-12-31,ASSET_D,34.19,1218082,Materials
2018-12-31,ASSET_E,64.64,1643395,Retail
2018-12-31,VNINDEX,878.14,0,Benchmark
2019-01-01,ASSET_A,112.09,1650643,Technology
2019-01-01,ASSET_B,94.75,1694016,Banking
2019-01-01,ASSET_C,63.89,2071939,Consumer
2019-01-01,ASSET_D,34.11,1156014,Materials
2019-01-01,ASSET_E,64.66,2497137,Retail
2019-01-01,VNINDEX,875.43,0,Benchmark
2019-01-02,ASSET_A,113.58,1556119,Technology
2019-01-02,ASSET_B,93.01,2387415,Banking
2019-01-02,ASSET_C,64.08,866971,Consumer
2019-01-02,ASSET_D,34.31,1978946,Materials
2019-01-02,ASSET_E,65.7,778821,Retail
2019-01-02,VNINDEX,878.15,0,Benchmark
2019-01-03,ASSET_A,113.76,2330366,Technology
2019-01-03,ASSET_B,93.64,2264708,Banking
2019-01-03,ASSET_C,63.05,470090,Consumer
2019-01-03,ASSET_D,33.58,2365296,Materials
2019-01-03,ASSET_E,65.74,2270548,Retail
2019-01-03,VNINDEX,872.31,0,Benchmark
2019-01-04,ASSET_A,114.49,1397634,Technology
2019-01-04,ASSET_B,95.1,1795262,Banking
2019-01-04,ASSET_C,62.89,1337484,Consumer
2019-01-04,ASSET_D,34.34,729635,Materials
2019-01-04,ASSET_E,65.57,2236328,Retail
2019-01-04,VNINDEX,877.63,0,Benchmark
2019-01-07,ASSET_A,116.53,1188772,Technology
2019-01-07,ASSET_B,97.76,1028484,Banking
2019-01-07,ASSET_C,62.85,1034803,Consumer
2019-01-07,ASSET_D,34.92,1082767,Materials
2019-01-07,ASSET_E,64.92,2340778,Retail
2019-01-07,VNINDEX,888.93,0,Benchmark
2019-01-08,ASSET_A,114.78,1180183,Technology
2019-01-08,ASSET_B,98.7,1493855,Banking
2019-01-08,ASSET_C,63.28,787509,Consumer
2019-01-08,ASSET_D,34.97,2352668,Materials
2019-01-08,ASSET_E,64.24,504640,Retail
2019-01-08,VNINDEX,890.84,0,Benchmark
2019-01-09,ASSET_A,111.7,2237548,Technology
2019-01-09,ASSET_B,99.1,1877782,Banking
2019-01-09,ASSET_C,62.19,1287987,Consumer
2019-01-09,ASSET_D,34.4,1648806,Materials
2019-01-09,ASSET_E,63.94,619508,Retail
2019-01-09,VNINDEX,894.94,0,Benchmark
2019-01-10,ASSET_A,112.07,1988174,Technology
2019-01-10,ASSET_B,97.94,1479843,Banking
2019-01-10,ASSET_C,61.56,2224599,Consumer
2019-01-10,ASSET_D,34.47,831085,Materials
2019-01-10,ASSET_E,63.35,1512533,Retail
2019-01-10,VNINDEX,895.73,0,Benchmark
2019-01-11,ASSET_A,112.64,743201,Technology
2019-01-11,ASSET_B,97.8,1249340,Banking
2019-01-11,ASSET_C,60.34,1629722,Consumer
2019-01-11,ASSET_D,33.39,1667537,Materials
2019-01-11,ASSET_E,64.21,642980,Retail
2019-01-11,VNINDEX,895.93,0,Benchmark
2019-01-14,ASSET_A,113.53,1434227,Technology
2019-01-14,ASSET_B,95.56,1245969,Banking
2019-01-14,ASSET_C,60.17,1928456,Consumer
2019-01-14,ASSET_D,32.76,2239546,Materials
2019-01-14,ASSET_E,64.52,533293,Retail
2019-01-14,VNINDEX,888.13,0,Benchmark
2019-01-15,ASSET_A,116.76,1179689,Technology
2019-01-15,ASSET_B,96.64,1659997,Banking
2019-01-15,ASSET_C,59.22,714006,Consumer
2019-01-15,ASSET_D,32.59,1185069,Materials
2019-01-15,ASSET_E,66.73,2103939,Retail
2019-01-15,VNINDEX,891.82,0,Benchmark
2019-01-16,ASSET_A,119.38,1758071,Technology
2019-01-16,ASSET_B,97.47,475146,Banking
2019-01-16,ASSET_C,59.19,559240,Consumer
2019-01-16,ASSET_D,32.72,1415820,Materials
2019-01-16,ASSET_E,65.99,1859547,Retail
2019-01-16,VNINDEX,890.94,0,Benchmark
2019-01-17,ASSET_A,121.22,509792,Technology
2019-01-17,ASSET_B,102.67,2496121,Banking
2019-01-17,ASSET_C,61.6,1104094,Consumer
2019-01-17,ASSET_D,34.71,1688510,Materials
2019-01-17,ASSET_E,69.12,2172444,Retail
2019-01-17,VNINDEX,914.59,0,Benchmark
2019-01-18,ASSET_A,123.36,1899658,Technology
2019-01-18,ASSET_B,105.82,614336,Banking
2019-01-18,ASSET_C,63.79,2026286,Consumer
2019-01-18,ASSET_D,35.79,2165302,Materials
2019-01-18,ASSET_E,71.96,2365174,Retail
2019-01-18,VNINDEX,932.83,0,Benchmark
2019-01-21,ASSET_A,124.96,1959227,Technology
2019-01-21,ASSET_B,107.71,2467502,Banking
2019-01-21,ASSET_C,62.82,2259753,Consumer
2019-01-21,ASSET_D,36.86,1585598,Materials
2019-01-21,ASSET_E,72.08,699421,Retail
2019-01-21,VNINDEX,937.52,0,Benchmark
2019-01-22,ASSET_A,128.37,875822,Technology
2019-01-22,ASSET_B,106.04,474289,Banking
2019-01-22,ASSET_C,62.53,613667,Consumer
2019-01-22,ASSET_D,36.91,2412420,Materials
2019-01-22,ASSET_E,71.9,2145239,Retail
2019-01-22,VNINDEX,928.89,0,Benchmark
2019-01-23,ASSET_A,129.19,716370,Technology
2019-01-23,ASSET_B,103.58,1476499,Banking
2019-01-23,ASSET_C,61.16,1400749,Consumer
2019-01-23,ASSET_D,37.08,1985427,Materials
2019-01-23,ASSET_E,72.18,491926,Retail
2019-01-23,VNINDEX,916.36,0,Benchmark
2019-01-24,ASSET_A,133.63,1717822,Technology
2019-01-24,ASSET_B,106.23,1276922,Banking
2019-01-24,ASSET_C,61.15,1232666,Consumer
2019-01-24,ASSET_D,38.87,1286509,Materials
2019-01-24,ASSET_E,73.16,1180628,Retail
2019-01-24,VNINDEX,930.2,0,Benchmark
2019-01-25,ASSET_A,133.4,939742,Technology
2019-01-25,ASSET_B,106.21,1605113,Banking
2019-01-25,ASSET_C,61.26,1962700,Consumer
2019-01-25,ASSET_D,38.53,1423728,Materials
2019-01-25,ASSET_E,73.26,1024828,Retail
2019-01-25,VNINDEX,933.44,0,Benchmark
2019-01-28,ASSET_A,132.6,2377314,Technology
2019-01-28,ASSET_B,107.42,1310497,Banking
2019-01-28,ASSET_C,62.4,831558,Consumer
2019-01-28,ASSET_D,38.26,1862869,Materials
2019-01-28,ASSET_E,73.08,897500,Retail
2019-01-28,VNINDEX,939.22,0,Benchmark
2019-01-29,ASSET_A,130.9,2027989,Technology
2019-01-29,ASSET_B,103.13,2284375,Banking
2019-01-29,ASSET_C,61.67,1418034,Consumer
2019-01-29,ASSET_D,37.84,548395,Materials
2019-01-29,ASSET_E,69.36,1908959,Retail
2019-01-29,VNINDEX,919.33,0,Benchmark
2019-01-30,ASSET_A,130.53,2405527,Technology
2019-01-30,ASSET_B,103.6,434996,Banking
2019-01-30,ASSET_C,61.81,2184606,Consumer
2019-01-30,ASSET_D,38.3,876106,Materials
2019-01-30,ASSET_E,70.21,654157,Retail
2019-01-30,VNINDEX,930.16,0,Benchmark
2019-01-31,ASSET_A,130.95,1522905,Technology
2019-01-31,ASSET_B,105.2,2469834,Banking
2019-01-31,ASSET_C,62.59,1376463,Consumer
2019-01-31,ASSET_D,38.68,900313,Materials
2019-01-31,ASSET_E,69.93,2099101,Retail
2019-01-31,VNINDEX,935.62,0,Benchmark
2019-02-01,ASSET_A,128.71,2370810,Technology
2019-02-01,ASSET_B,104.48,1847815,Banking
2019-02-01,ASSET_C,60.4,2040684,Consumer
2019-02-01,ASSET_D,37.98,2081650,Materials
2019-02-01,ASSET_E,68.04,2234610,Retail
2019-02-01,VNINDEX,923.04,0,Benchmark
2019-02-04,ASSET_A,130.93,429342,Technology
2019-02-04,ASSET_B,102.49,2035076,Banking
2019-02-04,ASSET_C,59.63,1706043,Consumer
2019-02-04,ASSET_D,37.38,2127275,Materials
2019-02-04,ASSET_E,68.06,1797928,Retail
2019-02-04,VNINDEX,917.87,0,Benchmark
2019-02-05,ASSET_A,130.77,1008863,Technology
2019-02-05,ASSET_B,103.8,693592,Banking
2019-02-05,ASSET_C,59.27,1654542,Consumer
2019-02-05,ASSET_D,38.55,2121843,Materials
2019-02-05,ASSET_E,66.97,570329,Retail
2019-02-05,VNINDEX,921.07,0,Benchmark
2019-02-06,ASSET_A,126.25,404693,Technology
2019-02-06,ASSET_B,103.24,536887,Banking
2019-02-06,ASSET_C,59.37,944665,Consumer
2019-02-06,ASSET_D,37.88,621244,Materials
2019-02-06,ASSET_E,67.75,1652915,Retail
2019-02-06,VNINDEX,921.87,0,Benchmark
2019-02-07,ASSET_A,126.71,1822871,Technology
2019-02-07,ASSET_B,102.81,1233750,Banking
2019-02-07,ASSET_C,59.07,2484224,Consumer
2019-02-07,ASSET_D,38.18,1020015,Materials
2019-02-07,ASSET_E,67.98,1720541,Retail
2019-02-07,VNINDEX,918.75,0,Benchmark
2019-02-08,ASSET_A,125.25,1472387,Technology
2019-02-08,ASSET_B,104.45,1077543,Banking
2019-02-08,ASSET_C,58.92,924584,Consumer
2019-02-08,ASSET_D,38.48,1055446,Materials
2019-02-08,ASSET_E,67.54,1183371,Retail
2019-02-08,VNINDEX,917.77,0,Benchmark
2019-02-11,ASSET_A,124.91,1004107,Technology
2019-02-11,ASSET_B,105.07,2044210,Banking
2019-02-11,ASSET_C,58.67,2355080,Consumer
2019-02-11,ASSET_D,37.36,450695,Materials
2019-02-11,ASSET_E,67.3,1171261,Retail
2019-02-11,VNINDEX,915.12,0,Benchmark
2019-02-12,ASSET_A,125.05,1040406,Technology
2019-02-12,ASSET_B,106.38,2282780,Banking
2019-02-12,ASSET_C,58.79,2477643,Consumer
2019-02-12,ASSET_D,36.92,941365,Materials
2019-02-12,ASSET_E,66.36,1385250,Retail
2019-02-12,VNINDEX,917.05,0,Benchmark
2019-02-13,ASSET_A,127.21,1751888,Technology
2019-02-13,ASSET_B,111.5,1297671,Banking
2019-02-13,ASSET_C,60.06,1473912,Consumer
2019-02-13,ASSET_D,37.22,1305531,Materials
2019-02-13,ASSET_E,68.22,2491134,Retail
2019-02-13,VNINDEX,934.09,0,Benchmark
2019-02-14,ASSET_A,124.13,778654,Technology
2019-02-14,ASSET_B,106.12,2013540,Banking
2019-02-14,ASSET_C,58.57,2224883,Consumer
2019-02-14,ASSET_D,36.35,2259998,Materials
2019-02-14,ASSET_E,66.38,407657,Retail
2019-02-14,VNINDEX,905.12,0,Benchmark
2019-02-15,ASSET_A,120.97,1480571,Technology
2019-02-15,ASSET_B,104.5,525075,Banking
2019-02-15,ASSET_C,58.26,1901689,Consumer
2019-02-15,ASSET_D,36.03,757001,Materials
2019-02-15,ASSET_E,66.44,1468528,Retail
2019-02-15,VNINDEX,902.68,0,Benchmark
2019-02-18,ASSET_A,120.38,1688547,Technology
2019-02-18,ASSET_B,103.91,1958689,Banking
2019-02-18,ASSET_C,58.63,1949285,Consumer
2019-02-18,ASSET_D,36.07,2206589,Materials
2019-02-18,ASSET_E,67.04,1065556,Retail
2019-02-18,VNINDEX,904.84,0,Benchmark
2019-02-19,ASSET_A,122.15,903955,Technology
2019-02-19,ASSET_B,104.12,608607,Banking
2019-02-19,ASSET_C,59.35,543871,Consumer
2019-02-19,ASSET_D,35.34,2118957,Materials
2019-02-19,ASSET_E,66.71,1552460,Retail
2019-02-19,VNINDEX,908.36,0,Benchmark
2019-02-20,ASSET_A,120.44,879716,Technology
2019-02-20,ASSET_B,100.62,1802638,Banking
2019-02-20,ASSET_C,58.77,688003,Consumer
2019-02-20,ASSET_D,36.58,732442,Materials
2019-02-20,ASSET_E,65.09,408317,Retail
2019-02-20,VNINDEX,904.4,0,Benchmark
2019-02-21,ASSET_A,114.75,1143879,Technology
2019-02-21,ASSET_B,97.61,1202512,Banking
2019-02-21,ASSET_C,57.68,546198,Consumer
2019-02-21,ASSET_D,35.81,948304,Materials
2019-02-21,ASSET_E,64.6,2327566,Retail
2019-02-21,VNINDEX,885.2,0,Benchmark
2019-02-22,ASSET_A,116.45,1643635,Technology
2019-02-22,ASSET_B,97.51,1272054,Banking
2019-02-22,ASSET_C,58.61,463471,Consumer
2019-02-22,ASSET_D,36.27,1362318,Materials
2019-02-22,ASSET_E,65.47,1359699,Retail
2019-02-22,VNINDEX,888.98,0,Benchmark
2019-02-25,ASSET_A,121.37,934227,Technology
2019-02-25,ASSET_B,101.23,980342,Banking
2019-02-25,ASSET_C,58.99,2155552,Consumer
2019-02-25,ASSET_D,36.76,2381754,Materials
2019-02-25,ASSET_E,66.34,2436237,Retail
2019-02-25,VNINDEX,908.32,0,Benchmark
2019-02-26,ASSET_A,118.71,1196458,Technology
2019-02-26,ASSET_B,99.22,1246806,Banking
2019-02-26,ASSET_C,59.2,768366,Consumer
2019-02-26,ASSET_D,35.66,2048450,Materials
2019-02-26,ASSET_E,65.53,723870,Retail
2019-02-26,VNINDEX,891.5,0,Benchmark
2019-02-27,ASSET_A,116.78,1541233,Technology
2019-02-27,ASSET_B,99.91,2236274,Banking
2019-02-27,ASSET_C,58.89,413304,Consumer
2019-02-27,ASSET_D,37.24,2440798,Materials
2019-02-27,ASSET_E,67.34,1625636,Retail
2019-02-27,VNINDEX,901.24,0,Benchmark
2019-02-28,ASSET_A,117.48,792167,Technology
2019-02-28,ASSET_B,100.12,2098758,Banking
2019-02-28,ASSET_C,58.49,2369235,Consumer
2019-02-28,ASSET_D,35.92,1056399,Materials
2019-02-28,ASSET_E,68.12,1827624,Retail
2019-02-28,VNINDEX,897.8,0,Benchmark
2019-03-01,ASSET_A,114.57,1594749,Technology
2019-03-01,ASSET_B,100.93,1114667,Banking
2019-03-01,ASSET_C,57.87,985389,Consumer
2019-03-01,ASSET_D,36.07,2308555,Materials
2019-03-01,ASSET_E,67.58,2071982,Retail
2019-03-01,VNINDEX,897.32,0,Benchmark
2019-03-04,ASSET_A,113.42,690019,Technology
2019-03-04,ASSET_B,98.35,1016938,Banking
2019-03-04,ASSET_C,58.6,2114208,Consumer
2019-03-04,ASSET_D,34.87,2407893,Materials
2019-03-04,ASSET_E,65.45,418931,Retail
2019-03-04,VNINDEX,885.96,0,Benchmark
2019-03-05,ASSET_A,111.45,699329,Technology
2019-03-05,ASSET_B,97.28,1469144,Banking
2019-03-05,ASSET_C,58.09,2417098,Consumer
2019-03-05,ASSET_D,34.5,1659190,Materials
2019-03-05,ASSET_E,64.07,1733010,Retail
2019-03-05,VNINDEX,882.52,0,Benchmark
2019-03-06,ASSET_A,111.63,897407,Technology
2019-03-06,ASSET_B,96.73,1838146,Banking
2019-03-06,ASSET_C,58.58,1498459,Consumer
2019-03-06,ASSET_D,34.72,723539,Materials
2019-03-06,ASSET_E,64.79,710417,Retail
2019-03-06,VNINDEX,896.94,0,Benchmark
2019-03-07,ASSET_A,111.85,1001672,Technology
2019-03-07,ASSET_B,96.39,782921,Banking
2019-03-07,ASSET_C,58.72,2346112,Consumer
2019-03-07,ASSET_D,34.42,961598,Materials
2019-03-07,ASSET_E,66.53,1297540,Retail
2019-03-07,VNINDEX,903.58,0,Benchmark
2019-03-08,ASSET_A,114.34,462647,Technology
2019-03-08,ASSET_B,98.24,1925037,Banking
2019-03-08,ASSET_C,59.86,2434439,Consumer
2019-03-08,ASSET_D,35.22,670250,Materials
2019-03-08,ASSET_E,67.25,512095,Retail
2019-03-08,VNINDEX,923.22,0,Benchmark
2019-03-11,ASSET_A,115.19,2419374,Technology
2019-03-11,ASSET_B,100.22,2392248,Banking
2019-03-11,ASSET_C,60.4,703008,Consumer
2019-03-11,ASSET_D,34.27,2095242,Materials
2019-03-11,ASSET_E,67.65,520362,Retail
2019-03-11,VNINDEX,936.88,0,Benchmark
2019-03-12,ASSET_A,116.94,1047066,Technology
2019-03-12,ASSET_B,99.81,2173567,Banking
2019-03-12,ASSET_C,60.61,707822,Consumer
2019-03-12,ASSET_D,34.29,1057456,Materials
2019-03-12,ASSET_E,67.46,2009271,Retail
2019-03-12,VNINDEX,942.15,0,Benchmark
2019-03-13,ASSET_A,119.11,2089698,Technology
2019-03-13,ASSET_B,102.03,1551376,Banking
2019-03-13,ASSET_C,59.45,1176871,Consumer
2019-03-13,ASSET_D,35.03,1873350,Materials
2019-03-13,ASSET_E,68.37,1907262,Retail
2019-03-13,VNINDEX,962.73,0,Benchmark
2019-03-14,ASSET_A,121.61,2294104,Technology
2019-03-14,ASSET_B,101.27,1071759,Banking
2019-03-14,ASSET_C,59.77,1574215,Consumer
2019-03-14,ASSET_D,34.44,961235,Materials
2019-03-14,ASSET_E,68.73,2280090,Retail
2019-03-14,VNINDEX,968.14,0,Benchmark
2019-03-15,ASSET_A,123.58,2081347,Technology
2019-03-15,ASSET_B,102.86,1079341,Banking
2019-03-15,ASSET_C,60.31,2050677,Consumer
2019-03-15,ASSET_D,35.71,2452053,Materials
2019-03-15,ASSET_E,68.23,1870551,Retail
2019-03-15,VNINDEX,978.24,0,Benchmark
2019-03-18,ASSET_A,121.84,2145860,Technology
2019-03-18,ASSET_B,102.93,1957967,Banking
2019-03-18,ASSET_C,60.8,784766,Consumer
2019-03-18,ASSET_D,35.23,2024553,Materials
2019-03-18,ASSET_E,69.0,1651258,Retail
2019-03-18,VNINDEX,974.9,0,Benchmark
2019-03-19,ASSET_A,120.45,610158,Technology
2019-03-19,ASSET_B,103.56,1355184,Banking
2019-03-19,ASSET_C,61.71,806144,Consumer
2019-03-19,ASSET_D,35.13,1192229,Materials
2019-03-19,ASSET_E,68.94,645074,Retail
2019-03-19,VNINDEX,975.91,0,Benchmark
2019-03-20,ASSET_A,116.46,1181207,Technology
2019-03-20,ASSET_B,102.47,623628,Banking
2019-03-20,ASSET_C,61.16,1043500,Consumer
2019-03-20,ASSET_D,34.48,1401098,Materials
2019-03-20,ASSET_E,70.69,2006719,Retail
2019-03-20,VNINDEX,967.83,0,Benchmark
2019-03-21,ASSET_A,118.63,1966989,Technology
2019-03-21,ASSET_B,102.22,1823059,Banking
2019-03-21,ASSET_C,62.34,969927,Consumer
2019-03-21,ASSET_D,34.88,523412,Materials
2019-03-21,ASSET_E,70.41,883144,Retail
2019-03-21,VNINDEX,979.83,0,Benchmark
2019-03-22,ASSET_A,116.11,1609250,Technology
2019-03-22,ASSET_B,99.61,689929,Banking
2019-03-22,ASSET_C,60.87,2374283,Consumer
2019-03-22,ASSET_D,35.12,687230,Materials
2019-03-22,ASSET_E,70.95,623937,Retail
2019-03-22,VNINDEX,966.03,0,Benchmark
2019-03-25,ASSET_A,113.42,411884,Technology
2019-03-25,ASSET_B,100.39,2472493,Banking
2019-03-25,ASSET_C,61.88,1231580,Consumer
2019-03-25,ASSET_D,36.97,2496611,Materials
2019-03-25,ASSET_E,72.95,1937469,Retail
2019-03-25,VNINDEX,975.52,0,Benchmark
2019-03-26,ASSET_A,112.26,1591457,Technology
2019-03-26,ASSET_B,99.64,1276405,Banking
2019-03-26,ASSET_C,61.4,2223384,Consumer
2019-03-26,ASSET_D,37.35,2113403,Materials
2019-03-26,ASSET_E,72.41,1634870,Retail
2019-03-26,VNINDEX,973.47,0,Benchmark
2019-03-27,ASSET_A,112.66,2089476,Technology
2019-03-27,ASSET_B,101.63,1118194,Banking
2019-03-27,ASSET_C,61.39,517353,Consumer
2019-03-27,ASSET_D,38.62,2160353,Materials
2019-03-27,ASSET_E,73.03,714395,Retail
2019-03-27,VNINDEX,987.7,0,Benchmark
2019-03-28,ASSET_A,116.53,2140348,Technology
2019-03-28,ASSET_B,104.64,515974,Banking
2019-03-28,ASSET_C,61.75,613777,Consumer
2019-03-28,ASSET_D,40.12,1751355,Materials
2019-03-28,ASSET_E,72.79,1553400,Retail
2019-03-28,VNINDEX,997.01,0,Benchmark
2019-03-29,ASSET_A,116.64,1206164,Technology
2019-03-29,ASSET_B,108.78,752218,Banking
2019-03-29,ASSET_C,63.88,2087588,Consumer
2019-03-29,ASSET_D,41.25,865128,Materials
2019-03-29,ASSET_E,73.46,1850963,Retail
2019-03-29,VNINDEX,1019.61,0,Benchmark
2019-04-01,ASSET_A,115.42,896209,Technology
2019-04-01,ASSET_B,108.79,2390166,Banking
2019-04-01,ASSET_C,64.51,924041,Consumer
2019-04-01,ASSET_D,42.74,621103,Materials
2019-04-01,ASSET_E,74.1,1447664,Retail
2019-04-01,VNINDEX,1028.96,0,Benchmark
2019-04-02,ASSET_A,114.78,1050065,Technology
2019-04-02,ASSET_B,107.01,1527945,Banking
2019-04-02,ASSET_C,64.49,573506,Consumer
2019-04-02,ASSET_D,42.45,1923818,Materials
2019-04-02,ASSET_E,72.8,1907752,Retail
2019-04-02,VNINDEX,1009.67,0,Benchmark
2019-04-03,ASSET_A,116.99,1022413,Technology
2019-04-03,ASSET_B,107.74,2293981,Banking
2019-04-03,ASSET_C,63.95,1648465,Consumer
2019-04-03,ASSET_D,42.53,1096648,Materials
2019-04-03,ASSET_E,71.24,1459488,Retail
2019-04-03,VNINDEX,1009.07,0,Benchmark
2019-04-04,ASSET_A,113.87,1127810,Technology
2019-04-04,ASSET_B,104.79,2407427,Banking
2019-04-04,ASSET_C,63.89,709295,Consumer
2019-04-04,ASSET_D,42.15,401449,Materials
2019-04-04,ASSET_E,72.46,1142022,Retail
2019-04-04,VNINDEX,995.01,0,Benchmark
2019-04-05,ASSET_A,112.05,1033749,Technology
2019-04-05,ASSET_B,105.02,502760,Banking
2019-04-05,ASSET_C,63.13,528840,Consumer
2019-04-05,ASSET_D,40.64,447353,Materials
2019-04-05,ASSET_E,71.79,869190,Retail
2019-04-05,VNINDEX,988.98,0,Benchmark
2019-04-08,ASSET_A,115.49,1360111,Technology
2019-04-08,ASSET_B,107.38,1199648,Banking
2019-04-08,ASSET_C,64.29,1252844,Consumer
2019-04-08,ASSET_D,41.64,1571399,Materials
2019-04-08,ASSET_E,73.13,942181,Retail
2019-04-08,VNINDEX,1007.52,0,Benchmark
2019-04-09,ASSET_A,112.69,485826,Technology
2019-04-09,ASSET_B,106.69,2160454,Banking
2019-04-09,ASSET_C,64.87,1555177,Consumer
2019-04-09,ASSET_D,40.94,2164337,Materials
2019-04-09,ASSET_E,73.08,2099148,Retail
2019-04-09,VNINDEX,1015.57,0,Benchmark
2019-04-10,ASSET_A,108.65,977918,Technology
2019-04-10,ASSET_B,106.13,1440905,Banking
2019-04-10,ASSET_C,64.87,1507455,Consumer
2019-04-10,ASSET_D,39.51,1161960,Materials
2019-04-10,ASSET_E,72.26,1183382,Retail
2019-04-10,VNINDEX,1007.22,0,Benchmark
2019-04-11,ASSET_A,106.72,1060844,Technology
2019-04-11,ASSET_B,104.74,1468635,Banking
2019-04-11,ASSET_C,64.38,1627432,Consumer
2019-04-11,ASSET_D,39.14,2499637,Materials
2019-04-11,ASSET_E,71.1,1903965,Retail
2019-04-11,VNINDEX,995.14,0,Benchmark
2019-04-12,ASSET_A,109.22,722015,Technology
2019-04-12,ASSET_B,104.54,1597201,Banking
2019-04-12,ASSET_C,63.91,449614,Consumer
2019-04-12,ASSET_D,38.45,1200799,Materials
2019-04-12,ASSET_E,71.14,1154312,Retail
2019-04-12,VNINDEX,995.75,0,Benchmark
2019-04-15,ASSET_A,106.73,2243618,Technology
2019-04-15,ASSET_B,102.55,1874122,Banking
2019-04-15,ASSET_C,63.71,1011031,Consumer
2019-04-15,ASSET_D,37.86,1939981,Materials
2019-04-15,ASSET_E,70.15,1503457,Retail
2019-04-15,VNINDEX,981.41,0,Benchmark
2019-04-16,ASSET_A,105.92,1818518,Technology
2019-04-16,ASSET_B,100.64,2371382,Banking
2019-04-16,ASSET_C,64.45,1121272,Consumer
2019-04-16,ASSET_D,37.64,913491,Materials
2019-04-16,ASSET_E,70.36,1674741,Retail
2019-04-16,VNINDEX,973.69,0,Benchmark
2019-04-17,ASSET_A,108.17,2315174,Technology
2019-04-17,ASSET_B,101.89,2262555,Banking
2019-04-17,ASSET_C,64.27,1015558,Consumer
2019-04-17,ASSET_D,37.91,1675290,Materials
2019-04-17,ASSET_E,70.84,1403222,Retail
2019-04-17,VNINDEX,977.58,0,Benchmark
2019-04-18,ASSET_A,113.34,1579309,Technology
2019-04-18,ASSET_B,103.74,1712689,Banking
2019-04-18,ASSET_C,63.81,1574001,Consumer
2019-04-18,ASSET_D,37.91,977174,Materials
2019-04-18,ASSET_E,72.47,1962081,Retail
2019-04-18,VNINDEX,991.54,0,Benchmark
2019-04-19,ASSET_A,113.39,630234,Technology
2019-04-19,ASSET_B,104.97,1611646,Banking
2019-04-19,ASSET_C,64.56,881066,Consumer
2019-04-19,ASSET_D,38.78,2034191,Materials
2019-04-19,ASSET_E,72.98,2340699,Retail
2019-04-19,VNINDEX,999.07,0,Benchmark
2019-04-22,ASSET_A,109.84,2299697,Technology
2019-04-22,ASSET_B,101.72,1158091,Banking
2019-04-22,ASSET_C,62.86,1727185,Consumer
2019-04-22,ASSET_D,37.62,1354804,Materials
2019-04-22,ASSET_E,71.32,2209680,Retail
2019-04-22,VNINDEX,972.05,0,Benchmark
2019-04-23,ASSET_A,113.27,1361922,Technology
2019-04-23,ASSET_B,100.85,644286,Banking
2019-04-23,ASSET_C,62.98,2364920,Consumer
2019-04-23,ASSET_D,38.05,487792,Materials
2019-04-23,ASSET_E,71.36,2334990,Retail
2019-04-23,VNINDEX,975.84,0,Benchmark
2019-04-24,ASSET_A,110.95,1837308,Technology
2019-04-24,ASSET_B,99.94,1888922,Banking
2019-04-24,ASSET_C,63.4,1787580,Consumer
2019-04-24,ASSET_D,37.36,921104,Materials
2019-04-24,ASSET_E,72.38,462983,Retail
2019-04-24,VNINDEX,976.9,0,Benchmark
2019-04-25,ASSET_A,113.28,1200832,Technology
2019-04-25,ASSET_B,98.03,405415,Banking
2019-04-25,ASSET_C,63.38,1216629,Consumer
2019-04-25,ASSET_D,37.45,1139648,Materials
2019-04-25,ASSET_E,73.05,1994550,Retail
2019-04-25,VNINDEX,981.99,0,Benchmark
2019-04-26,ASSET_A,114.18,1437998,Technology
2019-04-26,ASSET_B,101.24,1866162,Banking
2019-04-26,ASSET_C,64.27,1312911,Consumer
2019-04-26,ASSET_D,38.93,1379523,Materials
2019-04-26,ASSET_E,74.27,1925758,Retail
2019-04-26,VNINDEX,1001.49,0,Benchmark
2019-04-29,ASSET_A,111.17,1427654,Technology
2019-04-29,ASSET_B,96.67,1443535,Banking
2019-04-29,ASSET_C,62.87,1629065,Consumer
2019-04-29,ASSET_D,38.54,967531,Materials
2019-04-29,ASSET_E,72.38,1266042,Retail
2019-04-29,VNINDEX,977.18,0,Benchmark
2019-04-30,ASSET_A,109.91,997878,Technology
2019-04-30,ASSET_B,95.96,2051603,Banking
2019-04-30,ASSET_C,63.47,1920334,Consumer
2019-04-30,ASSET_D,37.77,1612430,Materials
2019-04-30,ASSET_E,71.8,1059790,Retail
2019-04-30,VNINDEX,970.48,0,Benchmark
2019-05-01,ASSET_A,109.32,1564911,Technology
2019-05-01,ASSET_B,97.3,2393387,Banking
2019-05-01,ASSET_C,63.89,1033306,Consumer
2019-05-01,ASSET_D,37.72,2423471,Materials
2019-05-01,ASSET_E,72.33,511632,Retail
2019-05-01,VNINDEX,977.6,0,Benchmark
2019-05-02,ASSET_A,105.49,1940837,Technology
2019-05-02,ASSET_B,95.63,1561273,Banking
2019-05-02,ASSET_C,62.07,480668,Consumer
2019-05-02,ASSET_D,36.4,1893333,Materials
2019-05-02,ASSET_E,71.0,2161148,Retail
2019-05-02,VNINDEX,959.45,0,Benchmark
2019-05-03,ASSET_A,108.12,442543,Technology
2019-05-03,ASSET_B,96.51,1602505,Banking
2019-05-03,ASSET_C,62.25,1875594,Consumer
2019-05-03,ASSET_D,36.69,1053821,Materials
2019-05-03,ASSET_E,71.7,2164403,Retail
2019-05-03,VNINDEX,976.78,0,Benchmark
2019-05-06,ASSET_A,110.25,674910,Technology
2019-05-06,ASSET_B,97.02,1423482,Banking
2019-05-06,ASSET_C,62.58,1789236,Consumer
2019-05-06,ASSET_D,36.04,1822005,Materials
2019-05-06,ASSET_E,72.73,559005,Retail
2019-05-06,VNINDEX,981.31,0,Benchmark
2019-05-07,ASSET_A,111.36,2168708,Technology
2019-05-07,ASSET_B,100.27,1183172,Banking
2019-05-07,ASSET_C,62.4,613026,Consumer
2019-05-07,ASSET_D,36.35,2430154,Materials
2019-05-07,ASSET_E,74.25,1622494,Retail
2019-05-07,VNINDEX,991.51,0,Benchmark
2019-05-08,ASSET_A,110.63,1596244,Technology
2019-05-08,ASSET_B,101.43,586640,Banking
2019-05-08,ASSET_C,61.05,1715768,Consumer
2019-05-08,ASSET_D,36.48,908177,Materials
2019-05-08,ASSET_E,75.51,1557466,Retail
2019-05-08,VNINDEX,984.99,0,Benchmark
2019-05-09,ASSET_A,112.82,2444694,Technology
2019-05-09,ASSET_B,103.94,464936,Banking
2019-05-09,ASSET_C,61.97,550447,Consumer
2019-05-09,ASSET_D,36.39,887999,Materials
2019-05-09,ASSET_E,75.63,762057,Retail
2019-05-09,VNINDEX,994.82,0,Benchmark
2019-05-10,ASSET_A,112.94,1669811,Technology
2019-05-10,ASSET_B,106.12,1918316,Banking
2019-05-10,ASSET_C,63.11,1750500,Consumer
2019-05-10,ASSET_D,36.84,482298,Materials
2019-05-10,ASSET_E,77.24,1552214,Retail
2019-05-10,VNINDEX,1007.81,0,Benchmark
2019-05-13,ASSET_A,114.53,1772150,Technology
2019-05-13,ASSET_B,105.29,2321456,Banking
2019-05-13,ASSET_C,63.03,1962995,Consumer
2019-05-13,ASSET_D,36.82,2168719,Materials
2019-05-13,ASSET_E,75.56,2104668,Retail
2019-05-13,VNINDEX,1010.83,0,Benchmark
2019-05-14,ASSET_A,116.28,2287927,Technology
2019-05-14,ASSET_B,106.59,513094,Banking
2019-05-14,ASSET_C,63.38,432591,Consumer
2019-05-14,ASSET_D,37.57,2148631,Materials
2019-05-14,ASSET_E,76.6,1085674,Retail
2019-05-14,VNINDEX,1013.88,0,Benchmark
2019-05-15,ASSET_A,121.14,1786949,Technology
2019-05-15,ASSET_B,106.87,1087028,Banking
2019-05-15,ASSET_C,63.69,1926002,Consumer
2019-05-15,ASSET_D,37.34,1268795,Materials
2019-05-15,ASSET_E,75.42,1924062,Retail
2019-05-15,VNINDEX,1017.37,0,Benchmark
2019-05-16,ASSET_A,119.11,1092206,Technology
2019-05-16,ASSET_B,106.18,1677232,Banking
2019-05-16,ASSET_C,63.54,652939,Consumer
2019-05-16,ASSET_D,36.6,2231856,Materials
2019-05-16,ASSET_E,73.75,2437643,Retail
2019-05-16,VNINDEX,1007.2,0,Benchmark
2019-05-17,ASSET_A,118.13,1508757,Technology
2019-05-17,ASSET_B,105.19,1880032,Banking
2019-05-17,ASSET_C,63.86,956502,Consumer
2019-05-17,ASSET_D,36.05,1768251,Materials
2019-05-17,ASSET_E,73.96,1355032,Retail
2019-05-17,VNINDEX,1005.66,0,Benchmark
2019-05-20,ASSET_A,119.21,894787,Technology
2019-05-20,ASSET_B,104.76,1944096,Banking
2019-05-20,ASSET_C,62.08,1880171,Consumer
2019-05-20,ASSET_D,35.34,2455667,Materials
2019-05-20,ASSET_E,73.26,624538,Retail
2019-05-20,VNINDEX,1004.06,0,Benchmark
2019-05-21,ASSET_A,121.26,1101974,Technology
2019-05-21,ASSET_B,105.61,1857898,Banking
2019-05-21,ASSET_C,62.18,1145598,Consumer
2019-05-21,ASSET_D,35.82,2337583,Materials
2019-05-21,ASSET_E,72.88,1024467,Retail
2019-05-21,VNINDEX,1008.86,0,Benchmark
2019-05-22,ASSET_A,122.03,1828591,Technology
2019-05-22,ASSET_B,107.59,576112,Banking
2019-05-22,ASSET_C,63.16,2451776,Consumer
2019-05-22,ASSET_D,36.2,2415394,Materials
2019-05-22,ASSET_E,73.26,686434,Retail
2019-05-22,VNINDEX,1021.1,0,Benchmark
2019-05-23,ASSET_A,119.63,712853,Technology
2019-05-23,ASSET_B,106.49,933154,Banking
2019-05-23,ASSET_C,62.23,2410247,Consumer
2019-05-23,ASSET_D,35.76,1224119,Materials
2019-05-23,ASSET_E,73.09,1140760,Retail
2019-05-23,VNINDEX,1008.61,0,Benchmark
2019-05-24,ASSET_A,120.37,1811154,Technology
2019-05-24,ASSET_B,105.61,1385412,Banking
2019-05-24,ASSET_C,62.19,2472505,Consumer
2019-05-24,ASSET_D,36.45,1731009,Materials
2019-05-24,ASSET_E,72.14,1752945,Retail
2019-05-24,VNINDEX,1007.35,0,Benchmark
2019-05-27,ASSET_A,121.42,1626533,Technology
2019-05-27,ASSET_B,106.4,533932,Banking
2019-05-27,ASSET_C,63.62,619093,Consumer
2019-05-27,ASSET_D,37.94,751274,Materials
2019-05-27,ASSET_E,73.31,825560,Retail
2019-05-27,VNINDEX,1025.35,0,Benchmark
2019-05-28,ASSET_A,119.54,1047606,Technology
2019-05-28,ASSET_B,107.22,1120687,Banking
2019-05-28,ASSET_C,63.22,770204,Consumer
2019-05-28,ASSET_D,36.62,2277970,Materials
2019-05-28,ASSET_E,72.36,1480028,Retail
2019-05-28,VNINDEX,1016.62,0,Benchmark
2019-05-29,ASSET_A,118.4,494376,Technology
2019-05-29,ASSET_B,108.99,1208500,Banking
2019-05-29,ASSET_C,63.69,784608,Consumer
2019-05-29,ASSET_D,36.64,1067840,Materials
2019-05-29,ASSET_E,72.47,2495945,Retail
2019-05-29,VNINDEX,1007.03,0,Benchmark
2019-05-30,ASSET_A,120.43,1879712,Technology
2019-05-30,ASSET_B,109.92,2454004,Banking
2019-05-30,ASSET_C,64.57,1629233,Consumer
2019-05-30,ASSET_D,36.87,1340817,Materials
2019-05-30,ASSET_E,73.44,955380,Retail
2019-05-30,VNINDEX,1009.66,0,Benchmark
2019-05-31,ASSET_A,120.81,2131455,Technology
2019-05-31,ASSET_B,109.7,1065975,Banking
2019-05-31,ASSET_C,65.05,1303080,Consumer
2019-05-31,ASSET_D,36.99,1648025,Materials
2019-05-31,ASSET_E,72.44,2247751,Retail
2019-05-31,VNINDEX,1019.96,0,Benchmark
2019-06-03,ASSET_A,117.77,1933155,Technology
2019-06-03,ASSET_B,108.78,2439878,Banking
2019-06-03,ASSET_C,64.94,1966299,Consumer
2019-06-03,ASSET_D,37.2,2053404,Materials
2019-06-03,ASSET_E,73.43,1038970,Retail
2019-06-03,VNINDEX,1020.32,0,Benchmark
2019-06-04,ASSET_A,116.75,1283914,Technology
2019-06-04,ASSET_B,111.69,1870538,Banking
2019-06-04,ASSET_C,63.93,992407,Consumer
2019-06-04,ASSET_D,36.8,1936639,Materials
2019-06-04,ASSET_E,73.97,1689591,Retail
2019-06-04,VNINDEX,1036.59,0,Benchmark
2019-06-05,ASSET_A,116.07,1772423,Technology
2019-06-05,ASSET_B,114.95,1853769,Banking
2019-06-05,ASSET_C,64.27,819486,Consumer
2019-06-05,ASSET_D,38.07,2406202,Materials
2019-06-05,ASSET_E,74.92,729748,Retail
2019-06-05,VNINDEX,1047.29,0,Benchmark
2019-06-06,ASSET_A,115.28,1270983,Technology
2019-06-06,ASSET_B,114.86,2121543,Banking
2019-06-06,ASSET_C,63.94,1762917,Consumer
2019-06-06,ASSET_D,38.79,1897263,Materials
2019-06-06,ASSET_E,74.74,963002,Retail
2019-06-06,VNINDEX,1057.91,0,Benchmark
2019-06-07,ASSET_A,115.92,1152346,Technology
2019-06-07,ASSET_B,115.7,2168856,Banking
2019-06-07,ASSET_C,64.45,1696251,Consumer
2019-06-07,ASSET_D,38.53,2072184,Materials
2019-06-07,ASSET_E,75.57,2222304,Retail
2019-06-07,VNINDEX,1065.02,0,Benchmark
2019-06-10,ASSET_A,117.67,1087058,Technology
2019-06-10,ASSET_B,120.17,867135,Banking
2019-06-10,ASSET_C,66.07,1850263,Consumer
2019-06-10,ASSET_D,39.29,1602154,Materials
2019-06-10,ASSET_E,80.13,1638461,Retail
2019-06-10,VNINDEX,1094.64,0,Benchmark
2019-06-11,ASSET_A,116.23,842790,Technology
2019-06-11,ASSET_B,121.02,1283919,Banking
2019-06-11,ASSET_C,66.42,1055333,Consumer
2019-06-11,ASSET_D,38.16,1273107,Materials
2019-06-11,ASSET_E,80.09,1595989,Retail
2019-06-11,VNINDEX,1092.27,0,Benchmark
2019-06-12,ASSET_A,111.96,2435643,Technology
2019-06-12,ASSET_B,116.97,1509285,Banking
2019-06-12,ASSET_C,66.05,1505414,Consumer
2019-06-12,ASSET_D,37.06,2318014,Materials
2019-06-12,ASSET_E,77.89,1472530,Retail
2019-06-12,VNINDEX,1067.26,0,Benchmark
2019-06-13,ASSET_A,113.72,1799049,Technology
2019-06-13,ASSET_B,117.76,2451199,Banking
2019-06-13,ASSET_C,67.11,2349538,Consumer
2019-06-13,ASSET_D,37.51,1193294,Materials
2019-06-13,ASSET_E,79.07,914152,Retail
2019-06-13,VNINDEX,1087.65,0,Benchmark
2019-06-14,ASSET_A,115.15,767325,Technology
2019-06-14,ASSET_B,117.81,485277,Banking
2019-06-14,ASSET_C,68.38,1683514,Consumer
2019-06-14,ASSET_D,36.54,1702665,Materials
2019-06-14,ASSET_E,77.24,2351251,Retail
2019-06-14,VNINDEX,1082.1,0,Benchmark
2019-06-17,ASSET_A,116.42,2216580,Technology
2019-06-17,ASSET_B,119.56,1401249,Banking
2019-06-17,ASSET_C,68.62,2358230,Consumer
2019-06-17,ASSET_D,37.05,1012239,Materials
2019-06-17,ASSET_E,78.78,1226183,Retail
2019-06-17,VNINDEX,1083.7,0,Benchmark
2019-06-18,ASSET_A,118.53,717746,Technology
2019-06-18,ASSET_B,121.87,849937,Banking
2019-06-18,ASSET_C,68.61,1310183,Consumer
2019-06-18,ASSET_D,38.42,1413019,Materials
2019-06-18,ASSET_E,80.26,424059,Retail
2019-06-18,VNINDEX,1100.55,0,Benchmark
2019-06-19,ASSET_A,115.31,1646724,Technology
2019-06-19,ASSET_B,119.54,834293,Banking
2019-06-19,ASSET_C,67.17,494169,Consumer
2019-06-19,ASSET_D,37.67,1170833,Materials
2019-06-19,ASSET_E,77.83,2304038,Retail
2019-06-19,VNINDEX,1080.52,0,Benchmark
2019-06-20,ASSET_A,112.75,747616,Technology
2019-06-20,ASSET_B,116.71,1999699,Banking
2019-06-20,ASSET_C,66.11,1996813,Consumer
2019-06-20,ASSET_D,36.93,942565,Materials
2019-06-20,ASSET_E,75.81,497765,Retail
2019-06-20,VNINDEX,1065.19,0,Benchmark
2019-06-21,ASSET_A,110.9,1158588,Technology
2019-06-21,ASSET_B,112.88,823975,Banking
2019-06-21,ASSET_C,65.48,1366956,Consumer
2019-06-21,ASSET_D,36.47,2123210,Materials
2019-06-21,ASSET_E,74.51,2262366,Retail
2019-06-21,VNINDEX,1045.86,0,Benchmark
2019-06-24,ASSET_A,110.66,1782907,Technology
2019-06-24,ASSET_B,112.87,2066136,Banking
2019-06-24,ASSET_C,64.36,488406,Consumer
2019-06-24,ASSET_D,36.12,2011292,Materials
2019-06-24,ASSET_E,74.75,958603,Retail
2019-06-24,VNINDEX,1036.52,0,Benchmark
2019-06-25,ASSET_A,109.94,2498155,Technology
2019-06-25,ASSET_B,114.15,2487236,Banking
2019-06-25,ASSET_C,64.46,691342,Consumer
2019-06-25,ASSET_D,35.71,1873150,Materials
2019-06-25,ASSET_E,74.05,545124,Retail
2019-06-25,VNINDEX,1042.03,0,Benchmark
2019-06-26,ASSET_A,110.8,2482980,Technology
2019-06-26,ASSET_B,115.72,2030449,Banking
2019-06-26,ASSET_C,64.7,1057071,Consumer
2019-06-26,ASSET_D,35.58,574339,Materials
2019-06-26,ASSET_E,75.54,862844,Retail
2019-06-26,VNINDEX,1048.58,0,Benchmark
2019-06-27,ASSET_A,108.16,2280684,Technology
2019-06-27,ASSET_B,118.22,756835,Banking
2019-06-27,ASSET_C,64.6,801092,Consumer
2019-06-27,ASSET_D,35.54,924746,Materials
2019-06-27,ASSET_E,75.7,1773610,Retail
2019-06-27,VNINDEX,1052.16,0,Benchmark
2019-06-28,ASSET_A,106.49,894497,Technology
2019-06-28,ASSET_B,114.42,699014,Banking
2019-06-28,ASSET_C,64.24,1837303,Consumer
2019-06-28,ASSET_D,35.08,857940,Materials
2019-06-28,ASSET_E,73.69,1546156,Retail
2019-06-28,VNINDEX,1035.41,0,Benchmark
2019-07-01,ASSET_A,104.4,596363,Technology
2019-07-01,ASSET_B,109.88,1317963,Banking
2019-07-01,ASSET_C,63.22,1683435,Consumer
2019-07-01,ASSET_D,34.13,1894223,Materials
2019-07-01,ASSET_E,71.45,721239,Retail
2019-07-01,VNINDEX,1008.5,0,Benchmark
2019-07-02,ASSET_A,104.1,2301796,Technology
2019-07-02,ASSET_B,110.2,1557172,Banking
2019-07-02,ASSET_C,64.01,1092254,Consumer
2019-07-02,ASSET_D,34.28,2274134,Materials
2019-07-02,ASSET_E,73.08,1030373,Retail
2019-07-02,VNINDEX,1009.35,0,Benchmark
2019-07-03,ASSET_A,106.09,2338611,Technology
2019-07-03,ASSET_B,108.76,2034522,Banking
2019-07-03,ASSET_C,63.52,577778,Consumer
2019-07-03,ASSET_D,33.29,1196730,Materials
2019-07-03,ASSET_E,71.48,842855,Retail
2019-07-03,VNINDEX,1004.12,0,Benchmark
2019-07-04,ASSET_A,105.48,985094,Technology
2019-07-04,ASSET_B,110.51,1287687,Banking
2019-07-04,ASSET_C,64.59,564924,Consumer
2019-07-04,ASSET_D,33.83,1093675,Materials
2019-07-04,ASSET_E,71.2,1771848,Retail
2019-07-04,VNINDEX,1009.64,0,Benchmark
2019-07-05,ASSET_A,106.81,440271,Technology
2019-07-05,ASSET_B,111.47,750833,Banking
2019-07-05,ASSET_C,64.16,2385834,Consumer
2019-07-05,ASSET_D,34.13,1571322,Materials
2019-07-05,ASSET_E,72.61,2214835,Retail
2019-07-05,VNINDEX,1018.01,0,Benchmark
2019-07-08,ASSET_A,106.98,1760589,Technology
2019-07-08,ASSET_B,110.49,2482121,Banking
2019-07-08,ASSET_C,63.38,1124528,Consumer
2019-07-08,ASSET_D,35.57,2474055,Materials
2019-07-08,ASSET_E,72.93,935704,Retail
2019-07-08,VNINDEX,1019.84,0,Benchmark
2019-07-09,ASSET_A,107.93,559789,Technology
2019-07-09,ASSET_B,111.86,2299567,Banking
2019-07-09,ASSET_C,63.1,625313,Consumer
2019-07-09,ASSET_D,35.69,1177775,Materials
2019-07-09,ASSET_E,72.84,2279899,Retail
2019-07-09,VNINDEX,1028.96,0,Benchmark
2019-07-10,ASSET_A,108.11,485047,Technology
2019-07-10,ASSET_B,112.49,1773546,Banking
2019-07-10,ASSET_C,63.25,1894139,Consumer
2019-07-10,ASSET_D,35.98,984486,Materials
2019-07-10,ASSET_E,73.91,1256992,Retail
2019-07-10,VNINDEX,1031.88,0,Benchmark
2019-07-11,ASSET_A,109.05,2368009,Technology
2019-07-11,ASSET_B,114.59,1860465,Banking
2019-07-11,ASSET_C,64.35,2226929,Consumer
2019-07-11,ASSET_D,37.83,1495421,Materials
2019-07-11,ASSET_E,75.29,573653,Retail
2019-07-11,VNINDEX,1038.35,0,Benchmark
2019-07-12,ASSET_A,109.33,1440873,Technology
2019-07-12,ASSET_B,113.93,2363924,Banking
2019-07-12,ASSET_C,63.55,656168,Consumer
2019-07-12,ASSET_D,37.64,2323379,Materials
2019-07-12,ASSET_E,75.04,1077086,Retail
2019-07-12,VNINDEX,1030.29,0,Benchmark
2019-07-15,ASSET_A,111.16,635304,Technology
2019-07-15,ASSET_B,114.25,1397215,Banking
2019-07-15,ASSET_C,63.15,2384334,Consumer
2019-07-15,ASSET_D,37.53,1932588,Materials
2019-07-15,ASSET_E,74.35,2235238,Retail
2019-07-15,VNINDEX,1028.42,0,Benchmark
2019-07-16,ASSET_A,111.47,1774596,Technology
2019-07-16,ASSET_B,115.02,705235,Banking
2019-07-16,ASSET_C,63.15,1921725,Consumer
2019-07-16,ASSET_D,37.06,1488315,Materials
2019-07-16,ASSET_E,74.1,2097845,Retail
2019-07-16,VNINDEX,1030.94,0,Benchmark
2019-07-17,ASSET_A,113.95,1175310,Technology
2019-07-17,ASSET_B,116.21,1672516,Banking
2019-07-17,ASSET_C,64.02,929283,Consumer
2019-07-17,ASSET_D,38.32,1935374,Materials
2019-07-17,ASSET_E,75.03,1929836,Retail
2019-07-17,VNINDEX,1040.8,0,Benchmark
2019-07-18,ASSET_A,112.33,1526271,Technology
2019-07-18,ASSET_B,114.66,1346833,Banking
2019-07-18,ASSET_C,63.49,2028457,Consumer
2019-07-18,ASSET_D,37.48,431771,Materials
2019-07-18,ASSET_E,73.54,1237379,Retail
2019-07-18,VNINDEX,1036.4,0,Benchmark
2019-07-19,ASSET_A,114.3,2287618,Technology
2019-07-19,ASSET_B,115.94,2079478,Banking
2019-07-19,ASSET_C,63.49,1281887,Consumer
2019-07-19,ASSET_D,37.96,1981683,Materials
2019-07-19,ASSET_E,75.18,2028991,Retail
2019-07-19,VNINDEX,1042.75,0,Benchmark
2019-07-22,ASSET_A,112.77,899454,Technology
2019-07-22,ASSET_B,115.1,2020375,Banking
2019-07-22,ASSET_C,62.51,1734131,Consumer
2019-07-22,ASSET_D,37.58,605011,Materials
2019-07-22,ASSET_E,76.56,1891590,Retail
2019-07-22,VNINDEX,1039.86,0,Benchmark
2019-07-23,ASSET_A,114.29,1757652,Technology
2019-07-23,ASSET_B,117.1,1390028,Banking
2019-07-23,ASSET_C,62.1,666501,Consumer
2019-07-23,ASSET_D,37.43,1221181,Materials
2019-07-23,ASSET_E,76.26,2062812,Retail
2019-07-23,VNINDEX,1038.71,0,Benchmark
2019-07-24,ASSET_A,119.04,2139843,Technology
2019-07-24,ASSET_B,120.33,1172501,Banking
2019-07-24,ASSET_C,63.34,912891,Consumer
2019-07-24,ASSET_D,36.99,1134769,Materials
2019-07-24,ASSET_E,77.29,1571321,Retail
2019-07-24,VNINDEX,1048.68,0,Benchmark
2019-07-25,ASSET_A,115.85,1289935,Technology
2019-07-25,ASSET_B,117.72,1286314,Banking
2019-07-25,ASSET_C,62.21,2024197,Consumer
2019-07-25,ASSET_D,36.89,1850040,Materials
2019-07-25,ASSET_E,76.79,1465189,Retail
2019-07-25,VNINDEX,1025.68,0,Benchmark
2019-07-26,ASSET_A,110.66,2437286,Technology
2019-07-26,ASSET_B,116.03,1728267,Banking
2019-07-26,ASSET_C,61.01,2091120,Consumer
2019-07-26,ASSET_D,36.18,904053,Materials
2019-07-26,ASSET_E,77.58,2430217,Retail
2019-07-26,VNINDEX,1011.08,0,Benchmark
2019-07-29,ASSET_A,107.79,1341445,Technology
2019-07-29,ASSET_B,113.47,1737757,Banking
2019-07-29,ASSET_C,60.9,422954,Consumer
2019-07-29,ASSET_D,34.91,901294,Materials
2019-07-29,ASSET_E,77.84,2388506,Retail
2019-07-29,VNINDEX,994.64,0,Benchmark
2019-07-30,ASSET_A,106.37,1364311,Technology
2019-07-30,ASSET_B,108.21,1474574,Banking
2019-07-30,ASSET_C,59.23,850329,Consumer
2019-07-30,ASSET_D,34.63,2256949,Materials
2019-07-30,ASSET_E,74.36,1525953,Retail
2019-07-30,VNINDEX,969.2,0,Benchmark
2019-07-31,ASSET_A,106.26,2256812,Technology
2019-07-31,ASSET_B,106.93,1516944,Banking
2019-07-31,ASSET_C,59.68,1675815,Consumer
2019-07-31,ASSET_D,34.1,1402599,Materials
2019-07-31,ASSET_E,73.56,820755,Retail
2019-07-31,VNINDEX,962.09,0,Benchmark
2019-08-01,ASSET_A,107.67,1735430,Technology
2019-08-01,ASSET_B,108.25,2483051,Banking
2019-08-01,ASSET_C,60.94,2302223,Consumer
2019-08-01,ASSET_D,34.59,1957078,Materials
2019-08-01,ASSET_E,74.61,1258839,Retail
2019-08-01,VNINDEX,970.39,0,Benchmark
2019-08-02,ASSET_A,108.75,2224284,Technology
2019-08-02,ASSET_B,108.1,932845,Banking
2019-08-02,ASSET_C,60.82,1816025,Consumer
2019-08-02,ASSET_D,34.92,1624524,Materials
2019-08-02,ASSET_E,73.96,1460426,Retail
2019-08-02,VNINDEX,967.53,0,Benchmark
2019-08-05,ASSET_A,109.76,2059867,Technology
2019-08-05,ASSET_B,109.0,765132,Banking
2019-08-05,ASSET_C,60.07,1883955,Consumer
2019-08-05,ASSET_D,35.26,1701784,Materials
2019-08-05,ASSET_E,75.75,1821963,Retail
2019-08-05,VNINDEX,969.87,0,Benchmark
2019-08-06,ASSET_A,113.15,1895970,Technology
2019-08-06,ASSET_B,111.88,2078250,Banking
2019-08-06,ASSET_C,62.06,1216145,Consumer
2019-08-06,ASSET_D,34.56,1841612,Materials
2019-08-06,ASSET_E,78.16,1068960,Retail
2019-08-06,VNINDEX,981.9,0,Benchmark
2019-08-07,ASSET_A,116.52,907127,Technology
2019-08-07,ASSET_B,113.22,2364232,Banking
2019-08-07,ASSET_C,63.09,514911,Consumer
2019-08-07,ASSET_D,35.47,1801943,Materials
2019-08-07,ASSET_E,78.51,495351,Retail
2019-08-07,VNINDEX,996.7,0,Benchmark
2019-08-08,ASSET_A,118.82,1237570,Technology
2019-08-08,ASSET_B,112.3,1678242,Banking
2019-08-08,ASSET_C,62.87,2008419,Consumer
2019-08-08,ASSET_D,35.4,2315191,Materials
2019-08-08,ASSET_E,78.31,2127105,Retail
2019-08-08,VNINDEX,996.16,0,Benchmark
2019-08-09,ASSET_A,121.5,2215345,Technology
2019-08-09,ASSET_B,116.36,1243299,Banking
2019-08-09,ASSET_C,64.27,2078502,Consumer
2019-08-09,ASSET_D,35.79,2048317,Materials
2019-08-09,ASSET_E,78.74,2392920,Retail
2019-08-09,VNINDEX,1011.42,0,Benchmark
2019-08-12,ASSET_A,123.13,1693668,Technology
2019-08-12,ASSET_B,117.52,1131865,Banking
2019-08-12,ASSET_C,64.78,1330927,Consumer
2019-08-12,ASSET_D,35.78,1040014,Materials
2019-08-12,ASSET_E,78.65,573671,Retail
2019-08-12,VNINDEX,1012.68,0,Benchmark
2019-08-13,ASSET_A,121.37,988421,Technology
2019-08-13,ASSET_B,115.66,1382785,Banking
2019-08-13,ASSET_C,65.09,1463510,Consumer
2019-08-13,ASSET_D,34.6,756052,Materials
2019-08-13,ASSET_E,77.76,1068838,Retail
2019-08-13,VNINDEX,1003.58,0,Benchmark
2019-08-14,ASSET_A,119.54,1087440,Technology
2019-08-14,ASSET_B,114.58,510156,Banking
2019-08-14,ASSET_C,64.34,893606,Consumer
2019-08-14,ASSET_D,34.47,2175100,Materials
2019-08-14,ASSET_E,78.19,1310724,Retail
2019-08-14,VNINDEX,997.24,0,Benchmark
2019-08-15,ASSET_A,120.01,2029244,Technology
2019-08-15,ASSET_B,112.09,1510063,Banking
2019-08-15,ASSET_C,63.66,1350562,Consumer
2019-08-15,ASSET_D,33.2,1182329,Materials
2019-08-15,ASSET_E,76.19,1996883,Retail
2019-08-15,VNINDEX,981.34,0,Benchmark
2019-08-16,ASSET_A,119.04,774190,Technology
2019-08-16,ASSET_B,110.75,966145,Banking
2019-08-16,ASSET_C,62.43,908105,Consumer
2019-08-16,ASSET_D,32.73,1053360,Materials
2019-08-16,ASSET_E,73.18,2024303,Retail
2019-08-16,VNINDEX,972.02,0,Benchmark
2019-08-19,ASSET_A,119.79,635408,Technology
2019-08-19,ASSET_B,110.77,957269,Banking
2019-08-19,ASSET_C,62.63,1283073,Consumer
2019-08-19,ASSET_D,32.68,633288,Materials
2019-08-19,ASSET_E,71.54,1120971,Retail
2019-08-19,VNINDEX,968.42,0,Benchmark
2019-08-20,ASSET_A,121.24,2006732,Technology
2019-08-20,ASSET_B,115.17,1576741,Banking
2019-08-20,ASSET_C,63.1,681495,Consumer
2019-08-20,ASSET_D,33.53,1559009,Materials
2019-08-20,ASSET_E,71.27,1055915,Retail
2019-08-20,VNINDEX,977.2,0,Benchmark
2019-08-21,ASSET_A,122.98,1005612,Technology
2019-08-21,ASSET_B,118.3,2423680,Banking
2019-08-21,ASSET_C,64.3,1673923,Consumer
2019-08-21,ASSET_D,33.79,1475415,Materials
2019-08-21,ASSET_E,72.01,1250870,Retail
2019-08-21,VNINDEX,996.0,0,Benchmark
2019-08-22,ASSET_A,120.91,2007366,Technology
2019-08-22,ASSET_B,116.85,832307,Banking
2019-08-22,ASSET_C,63.4,919811,Consumer
2019-08-22,ASSET_D,33.99,2139009,Materials
2019-08-22,ASSET_E,71.16,905000,Retail
2019-08-22,VNINDEX,981.28,0,Benchmark
2019-08-23,ASSET_A,123.83,1520601,Technology
2019-08-23,ASSET_B,115.44,2314123,Banking
2019-08-23,ASSET_C,63.5,1921614,Consumer
2019-08-23,ASSET_D,34.63,1972122,Materials
2019-08-23,ASSET_E,70.56,1316693,Retail
2019-08-23,VNINDEX,985.72,0,Benchmark
2019-08-26,ASSET_A,123.15,2495412,Technology
2019-08-26,ASSET_B,113.2,1490751,Banking
2019-08-26,ASSET_C,62.38,1487270,Consumer
2019-08-26,ASSET_D,34.01,1918614,Materials
2019-08-26,ASSET_E,68.82,951353,Retail
2019-08-26,VNINDEX,974.82,0,Benchmark
2019-08-27,ASSET_A,121.19,1502336,Technology
2019-08-27,ASSET_B,115.5,2443100,Banking
2019-08-27,ASSET_C,63.14,2281550,Consumer
2019-08-27,ASSET_D,33.65,1530808,Materials
2019-08-27,ASSET_E,68.42,526502,Retail
2019-08-27,VNINDEX,980.08,0,Benchmark
2019-08-28,ASSET_A,120.68,2221719,Technology
2019-08-28,ASSET_B,115.81,1202645,Banking
2019-08-28,ASSET_C,63.97,864457,Consumer
2019-08-28,ASSET_D,32.9,2212026,Materials
2019-08-28,ASSET_E,67.44,1898539,Retail
2019-08-28,VNINDEX,978.9,0,Benchmark
2019-08-29,ASSET_A,120.74,2185905,Technology
2019-08-29,ASSET_B,107.76,2493531,Banking
2019-08-29,ASSET_C,62.58,973184,Consumer
2019-08-29,ASSET_D,32.36,2464939,Materials
2019-08-29,ASSET_E,65.77,2053011,Retail
2019-08-29,VNINDEX,959.87,0,Benchmark
2019-08-30,ASSET_A,121.84,845166,Technology
2019-08-30,ASSET_B,109.99,1785921,Banking
2019-08-30,ASSET_C,63.46,910385,Consumer
2019-08-30,ASSET_D,32.36,2111250,Materials
2019-08-30,ASSET_E,65.95,1002243,Retail
2019-08-30,VNINDEX,969.78,0,Benchmark
2019-09-02,ASSET_A,118.18,2491867,Technology
2019-09-02,ASSET_B,111.32,1806580,Banking
2019-09-02,ASSET_C,63.38,1724630,Consumer
2019-09-02,ASSET_D,32.71,1130763,Materials
2019-09-02,ASSET_E,66.09,1241739,Retail
2019-09-02,VNINDEX,963.67,0,Benchmark
2019-09-03,ASSET_A,120.33,1966182,Technology
2019-09-03,ASSET_B,108.22,1582759,Banking
2019-09-03,ASSET_C,63.08,624391,Consumer
2019-09-03,ASSET_D,32.2,980329,Materials
2019-09-03,ASSET_E,64.98,1245635,Retail
2019-09-03,VNINDEX,958.34,0,Benchmark
2019-09-04,ASSET_A,119.82,625142,Technology
2019-09-04,ASSET_B,108.36,1348539,Banking
2019-09-04,ASSET_C,61.59,1841319,Consumer
2019-09-04,ASSET_D,31.4,402766,Materials
2019-09-04,ASSET_E,64.02,446487,Retail
2019-09-04,VNINDEX,947.57,0,Benchmark
2019-09-05,ASSET_A,118.78,412680,Technology
2019-09-05,ASSET_B,104.32,1502740,Banking
2019-09-05,ASSET_C,60.5,2119993,Consumer
2019-09-05,ASSET_D,31.29,2485167,Materials
2019-09-05,ASSET_E,63.2,1545902,Retail
2019-09-05,VNINDEX,941.13,0,Benchmark
2019-09-06,ASSET_A,118.87,969915,Technology
2019-09-06,ASSET_B,106.01,2186541,Banking
2019-09-06,ASSET_C,60.3,1817073,Consumer
2019-09-06,ASSET_D,31.13,1938566,Materials
2019-09-06,ASSET_E,64.09,1362681,Retail
2019-09-06,VNINDEX,945.67,0,Benchmark
2019-09-09,ASSET_A,120.28,434111,Technology
2019-09-09,ASSET_B,105.75,2063934,Banking
2019-09-09,ASSET_C,59.02,682809,Consumer
2019-09-09,ASSET_D,31.08,2367696,Materials
2019-09-09,ASSET_E,63.87,2375596,Retail
2019-09-09,VNINDEX,943.96,0,Benchmark
2019-09-10,ASSET_A,119.97,1150956,Technology
2019-09-10,ASSET_B,103.68,449990,Banking
2019-09-10,ASSET_C,59.99,1435301,Consumer
2019-09-10,ASSET_D,31.65,2054047,Materials
2019-09-10,ASSET_E,64.88,1180698,Retail
2019-09-10,VNINDEX,947.5,0,Benchmark
2019-09-11,ASSET_A,122.31,2492362,Technology
2019-09-11,ASSET_B,104.72,1858699,Banking
2019-09-11,ASSET_C,60.41,1520307,Consumer
2019-09-11,ASSET_D,31.84,1303366,Materials
2019-09-11,ASSET_E,64.27,2068129,Retail
2019-09-11,VNINDEX,951.38,0,Benchmark
2019-09-12,ASSET_A,125.21,1405728,Technology
2019-09-12,ASSET_B,107.98,2152248,Banking
2019-09-12,ASSET_C,61.13,1221147,Consumer
2019-09-12,ASSET_D,32.38,704564,Materials
2019-09-12,ASSET_E,65.11,1220276,Retail
2019-09-12,VNINDEX,965.1,0,Benchmark
2019-09-13,ASSET_A,125.1,450198,Technology
2019-09-13,ASSET_B,107.91,1962690,Banking
2019-09-13,ASSET_C,59.73,1379283,Consumer
2019-09-13,ASSET_D,32.36,499139,Materials
2019-09-13,ASSET_E,64.47,789091,Retail
2019-09-13,VNINDEX,961.79,0,Benchmark
2019-09-16,ASSET_A,123.12,1437210,Technology
2019-09-16,ASSET_B,106.4,1444300,Banking
2019-09-16,ASSET_C,57.96,2000995,Consumer
2019-09-16,ASSET_D,31.07,2063439,Materials
2019-09-16,ASSET_E,62.63,1132187,Retail
2019-09-16,VNINDEX,947.01,0,Benchmark
2019-09-17,ASSET_A,124.49,860119,Technology
2019-09-17,ASSET_B,107.55,1104579,Banking
2019-09-17,ASSET_C,58.53,2152682,Consumer
2019-09-17,ASSET_D,31.62,1037343,Materials
2019-09-17,ASSET_E,63.27,2254476,Retail
2019-09-17,VNINDEX,958.01,0,Benchmark
2019-09-18,ASSET_A,125.68,2198009,Technology
2019-09-18,ASSET_B,105.04,1813762,Banking
2019-09-18,ASSET_C,59.43,1030020,Consumer
2019-09-18,ASSET_D,31.59,1196514,Materials
2019-09-18,ASSET_E,64.35,938260,Retail
2019-09-18,VNINDEX,954.86,0,Benchmark
2019-09-19,ASSET_A,126.04,590187,Technology
2019-09-19,ASSET_B,107.47,1793729,Banking
2019-09-19,ASSET_C,59.66,1092646,Consumer
2019-09-19,ASSET_D,32.4,2155920,Materials
2019-09-19,ASSET_E,64.45,2174011,Retail
2019-09-19,VNINDEX,966.41,0,Benchmark
2019-09-20,ASSET_A,124.09,2018174,Technology
2019-09-20,ASSET_B,110.04,1185496,Banking
2019-09-20,ASSET_C,60.35,836911,Consumer
2019-09-20,ASSET_D,32.83,1410712,Materials
2019-09-20,ASSET_E,64.62,1797495,Retail
2019-09-20,VNINDEX,970.55,0,Benchmark
2019-09-23,ASSET_A,124.89,1336534,Technology
2019-09-23,ASSET_B,111.16,1253335,Banking
2019-09-23,ASSET_C,60.03,1243736,Consumer
2019-09-23,ASSET_D,32.7,2396827,Materials
2019-09-23,ASSET_E,63.58,1964971,Retail
2019-09-23,VNINDEX,969.42,0,Benchmark
2019-09-24,ASSET_A,126.45,439588,Technology
2019-09-24,ASSET_B,109.46,1174108,Banking
2019-09-24,ASSET_C,60.26,1546241,Consumer
2019-09-24,ASSET_D,33.32,1547869,Materials
2019-09-24,ASSET_E,62.76,1980258,Retail
2019-09-24,VNINDEX,973.2,0,Benchmark
2019-09-25,ASSET_A,130.29,1813581,Technology
2019-09-25,ASSET_B,110.71,494494,Banking
2019-09-25,ASSET_C,62.02,1898478,Consumer
2019-09-25,ASSET_D,33.91,2146511,Materials
2019-09-25,ASSET_E,63.44,1485502,Retail
2019-09-25,VNINDEX,993.59,0,Benchmark
2019-09-26,ASSET_A,134.31,1355545,Technology
2019-09-26,ASSET_B,112.94,466606,Banking
2019-09-26,ASSET_C,62.99,961982,Consumer
2019-09-26,ASSET_D,34.83,664453,Materials
2019-09-26,ASSET_E,64.45,1663895,Retail
2019-09-26,VNINDEX,1015.72,0,Benchmark
2019-09-27,ASSET_A,133.92,2020266,Technology
2019-09-27,ASSET_B,111.25,574467,Banking
2019-09-27,ASSET_C,62.64,854314,Consumer
2019-09-27,ASSET_D,34.71,1233160,Materials
2019-09-27,ASSET_E,64.21,546611,Retail
2019-09-27,VNINDEX,1016.68,0,Benchmark
2019-09-30,ASSET_A,135.54,1697955,Technology
2019-09-30,ASSET_B,111.57,1289957,Banking
2019-09-30,ASSET_C,63.56,469789,Consumer
2019-09-30,ASSET_D,35.01,784524,Materials
2019-09-30,ASSET_E,64.16,1868012,Retail
2019-09-30,VNINDEX,1018.61,0,Benchmark
2019-10-01,ASSET_A,137.26,2053236,Technology
2019-10-01,ASSET_B,113.7,1471873,Banking
2019-10-01,ASSET_C,64.21,597169,Consumer
2019-10-01,ASSET_D,35.24,518726,Materials
2019-10-01,ASSET_E,63.66,1894161,Retail
2019-10-01,VNINDEX,1030.36,0,Benchmark
2019-10-02,ASSET_A,135.09,1366830,Technology
2019-10-02,ASSET_B,110.81,1257543,Banking
2019-10-02,ASSET_C,64.38,508309,Consumer
2019-10-02,ASSET_D,35.75,2482459,Materials
2019-10-02,ASSET_E,62.69,617766,Retail
2019-10-02,VNINDEX,1021.53,0,Benchmark
2019-10-03,ASSET_A,135.14,416671,Technology
2019-10-03,ASSET_B,112.23,2405858,Banking
2019-10-03,ASSET_C,64.18,835480,Consumer
2019-10-03,ASSET_D,36.93,1486923,Materials
2019-10-03,ASSET_E,63.27,1488518,Retail
2019-10-03,VNINDEX,1025.31,0,Benchmark
2019-10-04,ASSET_A,144.89,674355,Technology
2019-10-04,ASSET_B,114.09,872061,Banking
2019-10-04,ASSET_C,66.47,1859522,Consumer
2019-10-04,ASSET_D,38.2,1142751,Materials
2019-10-04,ASSET_E,60.58,1468789,Retail
2019-10-04,VNINDEX,1024.76,0,Benchmark
2019-10-07,ASSET_A,137.89,1363692,Technology
2019-10-07,ASSET_B,113.7,1225223,Banking
2019-10-07,ASSET_C,67.47,2025834,Consumer
2019-10-07,ASSET_D,41.0,1190403,Materials
2019-10-07,ASSET_E,60.44,1050527,Retail
2019-10-07,VNINDEX,1034.38,0,Benchmark
2019-10-08,ASSET_A,136.49,1234695,Technology
2019-10-08,ASSET_B,109.67,919378,Banking
2019-10-08,ASSET_C,66.84,2443606,Consumer
2019-10-08,ASSET_D,37.63,905941,Materials
2019-10-08,ASSET_E,59.63,538880,Retail
2019-10-08,VNINDEX,1009.9,0,Benchmark
2019-10-09,ASSET_A,122.18,2068163,Technology
2019-10-09,ASSET_B,97.78,1029472,Banking
2019-10-09,ASSET_C,64.5,1544698,Consumer
2019-10-09,ASSET_D,33.91,658242,Materials
2019-10-09,ASSET_E,55.7,420869,Retail
2019-10-09,VNINDEX,964.7,0,Benchmark
2019-10-10,ASSET_A,113.65,1264476,Technology
2019-10-10,ASSET_B,89.64,1626693,Banking
2019-10-10,ASSET_C,60.54,1354845,Consumer
2019-10-10,ASSET_D,31.45,2318073,Materials
2019-10-10,ASSET_E,53.2,837957,Retail
2019-10-10,VNINDEX,908.81,0,Benchmark
2019-10-11,ASSET_A,107.91,2206391,Technology
2019-10-11,ASSET_B,86.0,1050808,Banking
2019-10-11,ASSET_C,58.91,2288703,Consumer
2019-10-11,ASSET_D,30.46,622292,Materials
2019-10-11,ASSET_E,49.2,885202,Retail
2019-10-11,VNINDEX,880.18,0,Benchmark
2019-10-14,ASSET_A,98.95,794203,Technology
2019-10-14,ASSET_B,84.97,1067320,Banking
2019-10-14,ASSET_C,57.62,708828,Consumer
2019-10-14,ASSET_D,29.82,1207846,Materials
2019-10-14,ASSET_E,49.97,845036,Retail
2019-10-14,VNINDEX,868.83,0,Benchmark
2019-10-15,ASSET_A,99.34,1208235,Technology
2019-10-15,ASSET_B,84.96,1808736,Banking
2019-10-15,ASSET_C,58.61,1723534,Consumer
2019-10-15,ASSET_D,27.73,721377,Materials
2019-10-15,ASSET_E,50.15,1671949,Retail
2019-10-15,VNINDEX,861.73,0,Benchmark
2019-10-16,ASSET_A,104.55,1988244,Technology
2019-10-16,ASSET_B,91.99,2143529,Banking
2019-10-16,ASSET_C,61.14,2117974,Consumer
2019-10-16,ASSET_D,30.75,2352188,Materials
2019-10-16,ASSET_E,52.97,1284420,Retail
2019-10-16,VNINDEX,911.18,0,Benchmark
2019-10-17,ASSET_A,100.94,660598,Technology
2019-10-17,ASSET_B,95.17,846388,Banking
2019-10-17,ASSET_C,60.53,1455359,Consumer
2019-10-17,ASSET_D,34.58,832229,Materials
2019-10-17,ASSET_E,56.55,635843,Retail
2019-10-17,VNINDEX,940.71,0,Benchmark
2019-10-18,ASSET_A,100.67,1074941,Technology
2019-10-18,ASSET_B,92.59,633908,Banking
2019-10-18,ASSET_C,56.72,949015,Consumer
2019-10-18,ASSET_D,35.31,1227337,Materials
2019-10-18,ASSET_E,54.54,576239,Retail
2019-10-18,VNINDEX,915.39,0,Benchmark
2019-10-21,ASSET_A,106.96,1978898,Technology
2019-10-21,ASSET_B,96.48,902908,Banking
2019-10-21,ASSET_C,54.81,1703820,Consumer
2019-10-21,ASSET_D,37.23,1982951,Materials
2019-10-21,ASSET_E,54.02,1776379,Retail
2019-10-21,VNINDEX,924.72,0,Benchmark
2019-10-22,ASSET_A,111.06,1636873,Technology
2019-10-22,ASSET_B,94.82,1613054,Banking
2019-10-22,ASSET_C,55.12,2490815,Consumer
2019-10-22,ASSET_D,37.11,1597506,Materials
2019-10-22,ASSET_E,55.76,2362550,Retail
2019-10-22,VNINDEX,914.26,0,Benchmark
2019-10-23,ASSET_A,111.41,2033944,Technology
2019-10-23,ASSET_B,94.68,2415345,Banking
2019-10-23,ASSET_C,53.22,895482,Consumer
2019-10-23,ASSET_D,35.62,1201577,Materials
2019-10-23,ASSET_E,58.59,2121311,Retail
2019-10-23,VNINDEX,907.1,0,Benchmark
2019-10-24,ASSET_A,112.29,1483033,Technology
2019-10-24,ASSET_B,94.87,736093,Banking
2019-10-24,ASSET_C,53.86,1582854,Consumer
2019-10-24,ASSET_D,35.93,1583734,Materials
2019-10-24,ASSET_E,57.65,1991264,Retail
2019-10-24,VNINDEX,912.08,0,Benchmark
2019-10-25,ASSET_A,119.89,2204301,Technology
2019-10-25,ASSET_B,95.36,489810,Banking
2019-10-25,ASSET_C,54.87,506605,Consumer
2019-10-25,ASSET_D,39.7,1317570,Materials
2019-10-25,ASSET_E,58.42,1068174,Retail
2019-10-25,VNINDEX,928.43,0,Benchmark
2019-10-28,ASSET_A,125.54,2242596,Technology
2019-10-28,ASSET_B,95.58,1509305,Banking
2019-10-28,ASSET_C,54.34,888528,Consumer
2019-10-28,ASSET_D,38.78,1007556,Materials
2019-10-28,ASSET_E,59.79,1878377,Retail
2019-10-28,VNINDEX,919.76,0,Benchmark
2019-10-29,ASSET_A,135.05,2446573,Technology
2019-10-29,ASSET_B,97.9,2480958,Banking
2019-10-29,ASSET_C,56.36,2010857,Consumer
2019-10-29,ASSET_D,39.34,1656600,Materials
2019-10-29,ASSET_E,61.39,572169,Retail
2019-10-29,VNINDEX,948.01,0,Benchmark
2019-10-30,ASSET_A,126.12,656231,Technology
2019-10-30,ASSET_B,94.92,1560346,Banking
2019-10-30,ASSET_C,55.07,1441610,Consumer
2019-10-30,ASSET_D,39.69,1167054,Materials
2019-10-30,ASSET_E,60.65,759869,Retail
2019-10-30,VNINDEX,918.2,0,Benchmark
2019-10-31,ASSET_A,127.03,1641498,Technology
2019-10-31,ASSET_B,95.04,2341380,Banking
2019-10-31,ASSET_C,51.55,818377,Consumer
2019-10-31,ASSET_D,41.53,2416280,Materials
2019-10-31,ASSET_E,62.14,693367,Retail
2019-10-31,VNINDEX,918.56,0,Benchmark
2019-11-01,ASSET_A,140.23,639952,Technology
2019-11-01,ASSET_B,103.65,1748825,Banking
2019-11-01,ASSET_C,54.43,1104300,Consumer
2019-11-01,ASSET_D,43.41,1372675,Materials
2019-11-01,ASSET_E,65.47,785743,Retail
2019-11-01,VNINDEX,988.25,0,Benchmark
2019-11-04,ASSET_A,132.97,880677,Technology
2019-11-04,ASSET_B,103.59,466366,Banking
2019-11-04,ASSET_C,55.3,654007,Consumer
2019-11-04,ASSET_D,43.28,1988585,Materials
2019-11-04,ASSET_E,66.72,1151608,Retail
2019-11-04,VNINDEX,994.67,0,Benchmark
2019-11-05,ASSET_A,141.48,1030671,Technology
2019-11-05,ASSET_B,107.66,1297592,Banking
2019-11-05,ASSET_C,59.55,2036891,Consumer
2019-11-05,ASSET_D,44.29,892312,Materials
2019-11-05,ASSET_E,69.31,491652,Retail
2019-11-05,VNINDEX,1035.57,0,Benchmark
2019-11-06,ASSET_A,153.12,1756903,Technology
2019-11-06,ASSET_B,103.3,2017095,Banking
2019-11-06,ASSET_C,62.19,2380027,Consumer
2019-11-06,ASSET_D,44.54,1755996,Materials
2019-11-06,ASSET_E,66.98,2108211,Retail
2019-11-06,VNINDEX,1038.45,0,Benchmark
2019-11-07,ASSET_A,159.39,1305551,Technology
2019-11-07,ASSET_B,106.63,1469896,Banking
2019-11-07,ASSET_C,61.01,622213,Consumer
2019-11-07,ASSET_D,47.25,1574910,Materials
2019-11-07,ASSET_E,66.02,1901571,Retail
2019-11-07,VNINDEX,1055.62,0,Benchmark
2019-11-08,ASSET_A,167.13,2215946,Technology
2019-11-08,ASSET_B,107.12,809077,Banking
2019-11-08,ASSET_C,60.43,899668,Consumer
2019-11-08,ASSET_D,45.77,1962047,Materials
2019-11-08,ASSET_E,64.65,1731985,Retail
2019-11-08,VNINDEX,1054.18,0,Benchmark
2019-11-11,ASSET_A,167.28,1026938,Technology
2019-11-11,ASSET_B,108.97,780000,Banking
2019-11-11,ASSET_C,57.97,2199705,Consumer
2019-11-11,ASSET_D,47.46,1369618,Materials
2019-11-11,ASSET_E,66.2,768490,Retail
2019-11-11,VNINDEX,1049.44,0,Benchmark
2019-11-12,ASSET_A,162.82,1696182,Technology
2019-11-12,ASSET_B,104.47,1793429,Banking
2019-11-12,ASSET_C,59.04,2245203,Consumer
2019-11-12,ASSET_D,46.59,1910514,Materials
2019-11-12,ASSET_E,66.78,2222564,Retail
2019-11-12,VNINDEX,1027.25,0,Benchmark
2019-11-13,ASSET_A,167.2,2002692,Technology
2019-11-13,ASSET_B,111.71,1372332,Banking
2019-11-13,ASSET_C,61.13,2011407,Consumer
2019-11-13,ASSET_D,51.49,523033,Materials
2019-11-13,ASSET_E,69.09,413416,Retail
2019-11-13,VNINDEX,1039.77,0,Benchmark
2019-11-14,ASSET_A,158.46,2458649,Technology
2019-11-14,ASSET_B,107.28,1605679,Banking
2019-11-14,ASSET_C,60.43,1901597,Consumer
2019-11-14,ASSET_D,50.85,1849523,Materials
2019-11-14,ASSET_E,68.48,2488296,Retail
2019-11-14,VNINDEX,1015.85,0,Benchmark
2019-11-15,ASSET_A,156.82,915058,Technology
2019-11-15,ASSET_B,107.34,1183363,Banking
2019-11-15,ASSET_C,61.64,2208863,Consumer
2019-11-15,ASSET_D,51.67,1982241,Materials
2019-11-15,ASSET_E,70.56,1926259,Retail
2019-11-15,VNINDEX,1034.87,0,Benchmark
2019-11-18,ASSET_A,169.24,1940567,Technology
2019-11-18,ASSET_B,108.67,1111990,Banking
2019-11-18,ASSET_C,65.36,1184307,Consumer
2019-11-18,ASSET_D,54.48,1442454,Materials
2019-11-18,ASSET_E,73.21,825389,Retail
2019-11-18,VNINDEX,1066.44,0,Benchmark
2019-11-19,ASSET_A,179.13,578026,Technology
2019-11-19,ASSET_B,105.12,1798875,Banking
2019-11-19,ASSET_C,67.86,2279486,Consumer
2019-11-19,ASSET_D,54.38,472028,Materials
2019-11-19,ASSET_E,74.83,813232,Retail
2019-11-19,VNINDEX,1077.45,0,Benchmark
2019-11-20,ASSET_A,171.9,1541205,Technology
2019-11-20,ASSET_B,108.45,416301,Banking
2019-11-20,ASSET_C,69.31,2261887,Consumer
2019-11-20,ASSET_D,50.46,1590378,Materials
2019-11-20,ASSET_E,75.35,1859125,Retail
2019-11-20,VNINDEX,1069.28,0,Benchmark
2019-11-21,ASSET_A,180.02,1268979,Technology
2019-11-21,ASSET_B,114.36,1313125,Banking
2019-11-21,ASSET_C,70.82,882533,Consumer
2019-11-21,ASSET_D,50.68,2040746,Materials
2019-11-21,ASSET_E,73.14,2097124,Retail
2019-11-21,VNINDEX,1082.86,0,Benchmark
2019-11-22,ASSET_A,177.82,2412954,Technology
2019-11-22,ASSET_B,114.98,1178454,Banking
2019-11-22,ASSET_C,69.75,553314,Consumer
2019-11-22,ASSET_D,49.77,1369132,Materials
2019-11-22,ASSET_E,70.89,1379685,Retail
2019-11-22,VNINDEX,1074.02,0,Benchmark
2019-11-25,ASSET_A,185.19,2024096,Technology
2019-11-25,ASSET_B,116.08,2036617,Banking
2019-11-25,ASSET_C,72.59,1494112,Consumer
2019-11-25,ASSET_D,48.21,597755,Materials
2019-11-25,ASSET_E,70.47,526185,Retail
2019-11-25,VNINDEX,1101.96,0,Benchmark
2019-11-26,ASSET_A,177.57,2347227,Technology
2019-11-26,ASSET_B,114.21,1929673,Banking
2019-11-26,ASSET_C,70.96,1992435,Consumer
2019-11-26,ASSET_D,45.64,1229412,Materials
2019-11-26,ASSET_E,69.46,1436303,Retail
2019-11-26,VNINDEX,1048.71,0,Benchmark
2019-11-27,ASSET_A,181.53,2186180,Technology
2019-11-27,ASSET_B,111.85,1294583,Banking
2019-11-27,ASSET_C,70.11,2184836,Consumer
2019-11-27,ASSET_D,41.9,2487585,Materials
2019-11-27,ASSET_E,72.32,1406810,Retail
2019-11-27,VNINDEX,1039.44,0,Benchmark
2019-11-28,ASSET_A,171.12,1262408,Technology
2019-11-28,ASSET_B,103.57,951694,Banking
2019-11-28,ASSET_C,66.43,699164,Consumer
2019-11-28,ASSET_D,39.11,968612,Materials
2019-11-28,ASSET_E,64.48,1083720,Retail
2019-11-28,VNINDEX,985.15,0,Benchmark
2019-11-29,ASSET_A,171.01,1940024,Technology
2019-11-29,ASSET_B,102.11,895119,Banking
2019-11-29,ASSET_C,65.93,1192514,Consumer
2019-11-29,ASSET_D,37.83,1511806,Materials
2019-11-29,ASSET_E,64.98,2296277,Retail
2019-11-29,VNINDEX,946.38,0,Benchmark
2019-12-02,ASSET_A,180.23,463981,Technology
2019-12-02,ASSET_B,109.01,843637,Banking
2019-12-02,ASSET_C,70.74,2012485,Consumer
2019-12-02,ASSET_D,39.46,1145947,Materials
2019-12-02,ASSET_E,67.48,1119275,Retail
2019-12-02,VNINDEX,982.02,0,Benchmark
2019-12-03,ASSET_A,189.09,1571562,Technology
2019-12-03,ASSET_B,119.22,974746,Banking
2019-12-03,ASSET_C,70.97,526855,Consumer
2019-12-03,ASSET_D,39.88,1895958,Materials
2019-12-03,ASSET_E,71.13,911498,Retail
2019-12-03,VNINDEX,1006.18,0,Benchmark
2019-12-04,ASSET_A,180.11,499330,Technology
2019-12-04,ASSET_B,117.06,1997213,Banking
2019-12-04,ASSET_C,69.4,1918158,Consumer
2019-12-04,ASSET_D,38.97,1299912,Materials
2019-12-04,ASSET_E,70.89,1820192,Retail
2019-12-04,VNINDEX,987.15,0,Benchmark
2019-12-05,ASSET_A,184.32,1920802,Technology
2019-12-05,ASSET_B,109.97,495098,Banking
2019-12-05,ASSET_C,67.62,1012432,Consumer
2019-12-05,ASSET_D,36.31,1207044,Materials
2019-12-05,ASSET_E,71.17,1698404,Retail
2019-12-05,VNINDEX,948.41,0,Benchmark
2019-12-06,ASSET_A,170.85,2430117,Technology
2019-12-06,ASSET_B,97.66,454866,Banking
2019-12-06,ASSET_C,63.95,447137,Consumer
2019-12-06,ASSET_D,33.43,1616696,Materials
2019-12-06,ASSET_E,66.42,1703686,Retail
2019-12-06,VNINDEX,876.34,0,Benchmark
2019-12-09,ASSET_A,171.93,1830918,Technology
2019-12-09,ASSET_B,91.35,1533829,Banking
2019-12-09,ASSET_C,62.42,908032,Consumer
2019-12-09,ASSET_D,33.01,1600709,Materials
2019-12-09,ASSET_E,62.99,1458506,Retail
2019-12-09,VNINDEX,863.91,0,Benchmark
2019-12-10,ASSET_A,175.96,2163868,Technology
2019-12-10,ASSET_B,98.65,869256,Banking
2019-12-10,ASSET_C,68.88,1957827,Consumer
2019-12-10,ASSET_D,34.19,1449737,Materials
2019-12-10,ASSET_E,66.77,1068857,Retail
2019-12-10,VNINDEX,921.63,0,Benchmark
2019-12-11,ASSET_A,173.76,892169,Technology
2019-12-11,ASSET_B,103.19,2144849,Banking
2019-12-11,ASSET_C,70.26,2227131,Consumer
2019-12-11,ASSET_D,34.95,942277,Materials
2019-12-11,ASSET_E,68.54,940970,Retail
2019-12-11,VNINDEX,932.55,0,Benchmark
2019-12-12,ASSET_A,177.7,2487203,Technology
2019-12-12,ASSET_B,102.84,1979628,Banking
2019-12-12,ASSET_C,70.25,570690,Consumer
2019-12-12,ASSET_D,34.75,626692,Materials
2019-12-12,ASSET_E,67.17,649019,Retail
2019-12-12,VNINDEX,919.01,0,Benchmark
2019-12-13,ASSET_A,181.93,1556593,Technology
2019-12-13,ASSET_B,104.58,2015134,Banking
2019-12-13,ASSET_C,73.93,1374077,Consumer
2019-12-13,ASSET_D,35.0,1850061,Materials
2019-12-13,ASSET_E,69.28,789906,Retail
2019-12-13,VNINDEX,930.6,0,Benchmark
2019-12-16,ASSET_A,163.37,1816347,Technology
2019-12-16,ASSET_B,96.63,1359758,Banking
2019-12-16,ASSET_C,70.67,822465,Consumer
2019-12-16,ASSET_D,36.57,1113944,Materials
2019-12-16,ASSET_E,66.5,1614306,Retail
2019-12-16,VNINDEX,893.21,0,Benchmark
2019-12-17,ASSET_A,167.33,2018279,Technology
2019-12-17,ASSET_B,96.24,1319357,Banking
2019-12-17,ASSET_C,70.07,1835442,Consumer
2019-12-17,ASSET_D,36.09,1686889,Materials
2019-12-17,ASSET_E,64.91,1252846,Retail
2019-12-17,VNINDEX,886.43,0,Benchmark
2019-12-18,ASSET_A,165.03,1743145,Technology
2019-12-18,ASSET_B,99.15,1293729,Banking
2019-12-18,ASSET_C,68.25,2039444,Consumer
2019-12-18,ASSET_D,35.84,1190006,Materials
2019-12-18,ASSET_E,63.09,1952732,Retail
2019-12-18,VNINDEX,888.95,0,Benchmark
2019-12-19,ASSET_A,172.1,1065953,Technology
2019-12-19,ASSET_B,99.99,811852,Banking
2019-12-19,ASSET_C,67.87,2420450,Consumer
2019-12-19,ASSET_D,35.23,2193334,Materials
2019-12-19,ASSET_E,62.27,2089014,Retail
2019-12-19,VNINDEX,887.14,0,Benchmark
2019-12-20,ASSET_A,175.81,1684003,Technology
2019-12-20,ASSET_B,103.18,1591385,Banking
2019-12-20,ASSET_C,66.78,1145344,Consumer
2019-12-20,ASSET_D,34.79,1884544,Materials
2019-12-20,ASSET_E,63.89,1573105,Retail
2019-12-20,VNINDEX,905.91,0,Benchmark
2019-12-23,ASSET_A,178.83,1773343,Technology
2019-12-23,ASSET_B,102.32,2213317,Banking
2019-12-23,ASSET_C,68.46,1028294,Consumer
2019-12-23,ASSET_D,35.99,1248295,Materials
2019-12-23,ASSET_E,60.97,619764,Retail
2019-12-23,VNINDEX,914.31,0,Benchmark
2019-12-24,ASSET_A,189.33,2200410,Technology
2019-12-24,ASSET_B,107.04,938925,Banking
2019-12-24,ASSET_C,70.16,1050654,Consumer
2019-12-24,ASSET_D,35.79,1099073,Materials
2019-12-24,ASSET_E,60.64,407666,Retail
2019-12-24,VNINDEX,930.59,0,Benchmark
2019-12-25,ASSET_A,180.4,1411108,Technology
2019-12-25,ASSET_B,96.59,519240,Banking
2019-12-25,ASSET_C,68.68,1998519,Consumer
2019-12-25,ASSET_D,34.43,1972957,Materials
2019-12-25,ASSET_E,56.35,879771,Retail
2019-12-25,VNINDEX,914.26,0,Benchmark
2019-12-26,ASSET_A,179.73,1453779,Technology
2019-12-26,ASSET_B,100.56,1585884,Banking
2019-12-26,ASSET_C,69.91,1334664,Consumer
2019-12-26,ASSET_D,34.63,416707,Materials
2019-12-26,ASSET_E,56.63,992862,Retail
2019-12-26,VNINDEX,936.04,0,Benchmark
2019-12-27,ASSET_A,187.57,1456633,Technology
2019-12-27,ASSET_B,113.43,1238367,Banking
2019-12-27,ASSET_C,73.73,447804,Consumer
2019-12-27,ASSET_D,34.97,520959,Materials
2019-12-27,ASSET_E,60.99,554670,Retail
2019-12-27,VNINDEX,976.63,0,Benchmark
2019-12-30,ASSET_A,187.0,640283,Technology
2019-12-30,ASSET_B,105.7,2074653,Banking
2019-12-30,ASSET_C,70.37,2389994,Consumer
2019-12-30,ASSET_D,32.03,577106,Materials
2019-12-30,ASSET_E,57.61,2035016,Retail
2019-12-30,VNINDEX,952.64,0,Benchmark
2019-12-31,ASSET_A,174.85,589115,Technology
2019-12-31,ASSET_B,102.01,2198891,Banking
2019-12-31,ASSET_C,69.34,618643,Consumer
2019-12-31,ASSET_D,30.78,1126340,Materials
2019-12-31,ASSET_E,57.5,1170879,Retail
2019-12-31,VNINDEX,931.26,0,Benchmark
2020-01-01,ASSET_A,172.85,442907,Technology
2020-01-01,ASSET_B,106.68,2396341,Banking
2020-01-01,ASSET_C,72.54,2349170,Consumer
2020-01-01,ASSET_D,32.91,1443696,Materials
2020-01-01,ASSET_E,64.36,1959351,Retail
2020-01-01,VNINDEX,964.07,0,Benchmark
2020-01-02,ASSET_A,176.32,1799056,Technology
2020-01-02,ASSET_B,104.81,1225671,Banking
2020-01-02,ASSET_C,69.43,739916,Consumer
2020-01-02,ASSET_D,32.97,1015006,Materials
2020-01-02,ASSET_E,66.73,838506,Retail
2020-01-02,VNINDEX,959.55,0,Benchmark
2020-01-03,ASSET_A,180.46,1279605,Technology
2020-01-03,ASSET_B,112.76,2293670,Banking
2020-01-03,ASSET_C,72.71,1530083,Consumer
2020-01-03,ASSET_D,36.16,795840,Materials
2020-01-03,ASSET_E,69.32,421861,Retail
2020-01-03,VNINDEX,994.96,0,Benchmark
2020-01-06,ASSET_A,176.04,2217942,Technology
2020-01-06,ASSET_B,112.46,647538,Banking
2020-01-06,ASSET_C,69.39,1056078,Consumer
2020-01-06,ASSET_D,36.69,1057228,Materials
2020-01-06,ASSET_E,70.25,687637,Retail
2020-01-06,VNINDEX,983.97,0,Benchmark
2020-01-07,ASSET_A,173.64,1874698,Technology
2020-01-07,ASSET_B,118.51,1182744,Banking
2020-01-07,ASSET_C,71.44,1842272,Consumer
2020-01-07,ASSET_D,38.86,1438707,Materials
2020-01-07,ASSET_E,70.08,1387622,Retail
2020-01-07,VNINDEX,1021.45,0,Benchmark
2020-01-08,ASSET_A,170.79,697005,Technology
2020-01-08,ASSET_B,121.46,958493,Banking
2020-01-08,ASSET_C,69.83,1246273,Consumer
2020-01-08,ASSET_D,41.63,1024555,Materials
2020-01-08,ASSET_E,67.32,1407353,Retail
2020-01-08,VNINDEX,1025.1,0,Benchmark
2020-01-09,ASSET_A,172.08,610153,Technology
2020-01-09,ASSET_B,122.58,2338511,Banking
2020-01-09,ASSET_C,72.5,1171419,Consumer
2020-01-09,ASSET_D,41.79,1605831,Materials
2020-01-09,ASSET_E,67.81,1318368,Retail
2020-01-09,VNINDEX,1032.08,0,Benchmark
2020-01-10,ASSET_A,185.33,1168821,Technology
2020-01-10,ASSET_B,139.72,1660061,Banking
2020-01-10,ASSET_C,73.11,1401733,Consumer
2020-01-10,ASSET_D,43.68,1202647,Materials
2020-01-10,ASSET_E,71.21,2414877,Retail
2020-01-10,VNINDEX,1074.13,0,Benchmark
2020-01-13,ASSET_A,179.2,2333981,Technology
2020-01-13,ASSET_B,138.63,1168299,Banking
2020-01-13,ASSET_C,69.97,2438771,Consumer
2020-01-13,ASSET_D,43.25,2360219,Materials
2020-01-13,ASSET_E,72.76,1769790,Retail
2020-01-13,VNINDEX,1064.57,0,Benchmark
2020-01-14,ASSET_A,183.37,502201,Technology
2020-01-14,ASSET_B,135.09,719275,Banking
2020-01-14,ASSET_C,68.78,915195,Consumer
2020-01-14,ASSET_D,44.49,2483904,Materials
2020-01-14,ASSET_E,70.05,1937064,Retail
2020-01-14,VNINDEX,1039.78,0,Benchmark
2020-01-15,ASSET_A,177.34,793542,Technology
2020-01-15,ASSET_B,127.66,2044277,Banking
2020-01-15,ASSET_C,67.52,861415,Consumer
2020-01-15,ASSET_D,43.98,1776717,Materials
2020-01-15,ASSET_E,69.68,662458,Retail
2020-01-15,VNINDEX,1028.31,0,Benchmark
2020-01-16,ASSET_A,176.07,462226,Technology
2020-01-16,ASSET_B,127.88,1775364,Banking
2020-01-16,ASSET_C,65.98,539052,Consumer
2020-01-16,ASSET_D,43.54,1565081,Materials
2020-01-16,ASSET_E,70.76,1377704,Retail
2020-01-16,VNINDEX,1040.31,0,Benchmark
2020-01-17,ASSET_A,176.28,1268695,Technology
2020-01-17,ASSET_B,125.01,2191222,Banking
2020-01-17,ASSET_C,64.56,1951164,Consumer
2020-01-17,ASSET_D,42.64,465185,Materials
2020-01-17,ASSET_E,67.94,1704971,Retail
2020-01-17,VNINDEX,1000.42,0,Benchmark
2020-01-20,ASSET_A,180.74,2478282,Technology
2020-01-20,ASSET_B,123.56,1320140,Banking
2020-01-20,ASSET_C,62.68,1822798,Consumer
2020-01-20,ASSET_D,42.18,1707328,Materials
2020-01-20,ASSET_E,68.86,1628042,Retail
2020-01-20,VNINDEX,1016.75,0,Benchmark
2020-01-21,ASSET_A,175.09,1835800,Technology
2020-01-21,ASSET_B,115.21,714804,Banking
2020-01-21,ASSET_C,60.59,1678396,Consumer
2020-01-21,ASSET_D,42.36,1199534,Materials
2020-01-21,ASSET_E,66.43,2388527,Retail
2020-01-21,VNINDEX,1003.37,0,Benchmark
2020-01-22,ASSET_A,180.16,1436290,Technology
2020-01-22,ASSET_B,119.71,1102217,Banking
2020-01-22,ASSET_C,61.33,449688,Consumer
2020-01-22,ASSET_D,44.28,1008865,Materials
2020-01-22,ASSET_E,68.8,1399009,Retail
2020-01-22,VNINDEX,1032.74,0,Benchmark
2020-01-23,ASSET_A,175.18,703235,Technology
2020-01-23,ASSET_B,114.57,1702155,Banking
2020-01-23,ASSET_C,59.33,2060219,Consumer
2020-01-23,ASSET_D,41.34,2066259,Materials
2020-01-23,ASSET_E,65.37,1180674,Retail
2020-01-23,VNINDEX,973.2,0,Benchmark
2020-01-24,ASSET_A,178.96,1146589,Technology
2020-01-24,ASSET_B,111.85,905943,Banking
2020-01-24,ASSET_C,60.02,2099888,Consumer
2020-01-24,ASSET_D,41.29,488579,Materials
2020-01-24,ASSET_E,63.42,2383193,Retail
2020-01-24,VNINDEX,954.58,0,Benchmark
2020-01-27,ASSET_A,166.52,1501539,Technology
2020-01-27,ASSET_B,105.1,548491,Banking
2020-01-27,ASSET_C,59.33,2384517,Consumer
2020-01-27,ASSET_D,37.59,947181,Materials
2020-01-27,ASSET_E,62.07,1108448,Retail
2020-01-27,VNINDEX,915.71,0,Benchmark
2020-01-28,ASSET_A,162.49,977241,Technology
2020-01-28,ASSET_B,97.88,2128992,Banking
2020-01-28,ASSET_C,58.13,2351225,Consumer
2020-01-28,ASSET_D,37.0,2025830,Materials
2020-01-28,ASSET_E,62.6,1597424,Retail
2020-01-28,VNINDEX,897.38,0,Benchmark
2020-01-29,ASSET_A,164.12,1880624,Technology
2020-01-29,ASSET_B,99.77,1514117,Banking
2020-01-29,ASSET_C,55.48,952672,Consumer
2020-01-29,ASSET_D,36.68,2342443,Materials
2020-01-29,ASSET_E,64.13,459374,Retail
2020-01-29,VNINDEX,903.08,0,Benchmark
2020-01-30,ASSET_A,158.65,2458026,Technology
2020-01-30,ASSET_B,100.82,1233015,Banking
2020-01-30,ASSET_C,55.74,1891774,Consumer
2020-01-30,ASSET_D,40.19,1480684,Materials
2020-01-30,ASSET_E,62.12,747698,Retail
2020-01-30,VNINDEX,899.3,0,Benchmark
2020-01-31,ASSET_A,157.3,832478,Technology
2020-01-31,ASSET_B,95.84,1560975,Banking
2020-01-31,ASSET_C,57.23,1245557,Consumer
2020-01-31,ASSET_D,40.14,1510922,Materials
2020-01-31,ASSET_E,61.93,520529,Retail
2020-01-31,VNINDEX,893.92,0,Benchmark
2020-02-03,ASSET_A,156.66,929726,Technology
2020-02-03,ASSET_B,98.01,1950806,Banking
2020-02-03,ASSET_C,58.57,1651517,Consumer
2020-02-03,ASSET_D,39.2,2430827,Materials
2020-02-03,ASSET_E,60.23,1277457,Retail
2020-02-03,VNINDEX,890.63,0,Benchmark
2020-02-04,ASSET_A,162.95,665090,Technology
2020-02-04,ASSET_B,100.5,402827,Banking
2020-02-04,ASSET_C,59.41,1098239,Consumer
2020-02-04,ASSET_D,37.65,594140,Materials
2020-02-04,ASSET_E,60.68,2356302,Retail
2020-02-04,VNINDEX,895.27,0,Benchmark
2020-02-05,ASSET_A,164.12,1923987,Technology
2020-02-05,ASSET_B,100.03,1324745,Banking
2020-02-05,ASSET_C,56.74,1779738,Consumer
2020-02-05,ASSET_D,38.32,1410011,Materials
2020-02-05,ASSET_E,57.88,549690,Retail
2020-02-05,VNINDEX,873.7,0,Benchmark
2020-02-06,ASSET_A,165.85,1369613,Technology
2020-02-06,ASSET_B,103.76,933899,Banking
2020-02-06,ASSET_C,56.95,2400785,Consumer
2020-02-06,ASSET_D,38.58,907508,Materials
2020-02-06,ASSET_E,60.87,2448553,Retail
2020-02-06,VNINDEX,889.06,0,Benchmark
2020-02-07,ASSET_A,167.94,995892,Technology
2020-02-07,ASSET_B,107.65,592921,Banking
2020-02-07,ASSET_C,60.16,1769666,Consumer
2020-02-07,ASSET_D,38.23,1401277,Materials
2020-02-07,ASSET_E,63.12,2224835,Retail
2020-02-07,VNINDEX,903.69,0,Benchmark
2020-02-10,ASSET_A,173.1,860288,Technology
2020-02-10,ASSET_B,110.35,475540,Banking
2020-02-10,ASSET_C,58.86,2333784,Consumer
2020-02-10,ASSET_D,39.05,2303228,Materials
2020-02-10,ASSET_E,65.66,411847,Retail
2020-02-10,VNINDEX,912.37,0,Benchmark
2020-02-11,ASSET_A,172.9,548027,Technology
2020-02-11,ASSET_B,114.66,1325062,Banking
2020-02-11,ASSET_C,58.13,2356580,Consumer
2020-02-11,ASSET_D,40.47,1651822,Materials
2020-02-11,ASSET_E,68.38,432404,Retail
2020-02-11,VNINDEX,924.94,0,Benchmark
2020-02-12,ASSET_A,177.36,1399929,Technology
2020-02-12,ASSET_B,110.9,1542311,Banking
2020-02-12,ASSET_C,59.66,649645,Consumer
2020-02-12,ASSET_D,41.64,2482065,Materials
2020-02-12,ASSET_E,68.38,2291427,Retail
2020-02-12,VNINDEX,931.79,0,Benchmark
2020-02-13,ASSET_A,187.21,1834880,Technology
2020-02-13,ASSET_B,114.12,1466144,Banking
2020-02-13,ASSET_C,61.65,2425042,Consumer
2020-02-13,ASSET_D,43.88,1460568,Materials
2020-02-13,ASSET_E,70.86,1629093,Retail
2020-02-13,VNINDEX,978.82,0,Benchmark
2020-02-14,ASSET_A,181.68,893561,Technology
2020-02-14,ASSET_B,111.89,2044211,Banking
2020-02-14,ASSET_C,60.06,2118379,Consumer
2020-02-14,ASSET_D,44.02,2212333,Materials
2020-02-14,ASSET_E,74.02,765316,Retail
2020-02-14,VNINDEX,976.99,0,Benchmark
2020-02-17,ASSET_A,175.32,403424,Technology
2020-02-17,ASSET_B,110.52,1361468,Banking
2020-02-17,ASSET_C,61.62,1296094,Consumer
2020-02-17,ASSET_D,44.02,756384,Materials
2020-02-17,ASSET_E,73.21,2403044,Retail
2020-02-17,VNINDEX,970.03,0,Benchmark
2020-02-18,ASSET_A,179.02,1393980,Technology
2020-02-18,ASSET_B,108.97,1638768,Banking
2020-02-18,ASSET_C,61.28,1660166,Consumer
2020-02-18,ASSET_D,43.68,1073421,Materials
2020-02-18,ASSET_E,69.49,1578853,Retail
2020-02-18,VNINDEX,952.91,0,Benchmark
2020-02-19,ASSET_A,173.29,1819071,Technology
2020-02-19,ASSET_B,106.37,2114107,Banking
2020-02-19,ASSET_C,59.55,1695866,Consumer
2020-02-19,ASSET_D,43.17,975165,Materials
2020-02-19,ASSET_E,69.69,1733952,Retail
2020-02-19,VNINDEX,929.92,0,Benchmark
2020-02-20,ASSET_A,175.53,1124493,Technology
2020-02-20,ASSET_B,105.08,1780313,Banking
2020-02-20,ASSET_C,56.72,2051408,Consumer
2020-02-20,ASSET_D,43.36,2014519,Materials
2020-02-20,ASSET_E,68.02,1824095,Retail
2020-02-20,VNINDEX,902.95,0,Benchmark
2020-02-21,ASSET_A,168.88,925790,Technology
2020-02-21,ASSET_B,105.03,2312787,Banking
2020-02-21,ASSET_C,58.13,2085894,Consumer
2020-02-21,ASSET_D,42.5,1477430,Materials
2020-02-21,ASSET_E,69.33,823397,Retail
2020-02-21,VNINDEX,884.27,0,Benchmark
2020-02-24,ASSET_A,170.0,724013,Technology
2020-02-24,ASSET_B,102.73,865353,Banking
2020-02-24,ASSET_C,58.03,615121,Consumer
2020-02-24,ASSET_D,41.33,866678,Materials
2020-02-24,ASSET_E,69.67,1154023,Retail
2020-02-24,VNINDEX,882.98,0,Benchmark
2020-02-25,ASSET_A,183.61,1966818,Technology
2020-02-25,ASSET_B,104.4,2052235,Banking
2020-02-25,ASSET_C,60.13,402180,Consumer
2020-02-25,ASSET_D,41.49,762921,Materials
2020-02-25,ASSET_E,70.18,670221,Retail
2020-02-25,VNINDEX,890.19,0,Benchmark
2020-02-26,ASSET_A,178.51,2209289,Technology
2020-02-26,ASSET_B,102.56,1863158,Banking
2020-02-26,ASSET_C,61.32,917639,Consumer
2020-02-26,ASSET_D,42.57,1207496,Materials
2020-02-26,ASSET_E,73.08,1510874,Retail
2020-02-26,VNINDEX,891.46,0,Benchmark
2020-02-27,ASSET_A,165.78,2016475,Technology
2020-02-27,ASSET_B,99.78,1623841,Banking
2020-02-27,ASSET_C,59.76,1506733,Consumer
2020-02-27,ASSET_D,39.46,722387,Materials
2020-02-27,ASSET_E,69.08,2473361,Retail
2020-02-27,VNINDEX,875.72,0,Benchmark
2020-02-28,ASSET_A,176.17,1488193,Technology
2020-02-28,ASSET_B,103.36,407865,Banking
2020-02-28,ASSET_C,60.22,2183307,Consumer
2020-02-28,ASSET_D,38.13,1864053,Materials
2020-02-28,ASSET_E,69.45,1717838,Retail
2020-02-28,VNINDEX,894.65,0,Benchmark
2020-03-02,ASSET_A,175.64,1920625,Technology
2020-03-02,ASSET_B,97.79,1537044,Banking
2020-03-02,ASSET_C,62.95,1771040,Consumer
2020-03-02,ASSET_D,39.99,2181422,Materials
2020-03-02,ASSET_E,69.04,1853188,Retail
2020-03-02,VNINDEX,910.5,0,Benchmark
2020-03-03,ASSET_A,174.83,1233526,Technology
2020-03-03,ASSET_B,102.87,2202779,Banking
2020-03-03,ASSET_C,64.66,685358,Consumer
2020-03-03,ASSET_D,41.82,2434692,Materials
2020-03-03,ASSET_E,65.07,807245,Retail
2020-03-03,VNINDEX,907.3,0,Benchmark
2020-03-04,ASSET_A,169.05,451415,Technology
2020-03-04,ASSET_B,102.19,1753693,Banking
2020-03-04,ASSET_C,61.45,1906131,Consumer
2020-03-04,ASSET_D,39.54,894969,Materials
2020-03-04,ASSET_E,65.58,1538101,Retail
2020-03-04,VNINDEX,893.77,0,Benchmark
2020-03-05,ASSET_A,172.88,1171910,Technology
2020-03-05,ASSET_B,102.53,410708,Banking
2020-03-05,ASSET_C,62.83,1383183,Consumer
2020-03-05,ASSET_D,40.21,1322316,Materials
2020-03-05,ASSET_E,65.47,2487938,Retail
2020-03-05,VNINDEX,905.46,0,Benchmark
2020-03-06,ASSET_A,169.26,1877846,Technology
2020-03-06,ASSET_B,107.76,1004443,Banking
2020-03-06,ASSET_C,62.92,1174457,Consumer
2020-03-06,ASSET_D,39.9,1458121,Materials
2020-03-06,ASSET_E,67.28,585034,Retail
2020-03-06,VNINDEX,909.63,0,Benchmark
2020-03-09,ASSET_A,162.08,1759416,Technology
2020-03-09,ASSET_B,102.38,1595627,Banking
2020-03-09,ASSET_C,59.9,2020479,Consumer
2020-03-09,ASSET_D,38.21,1441256,Materials
2020-03-09,ASSET_E,65.82,828151,Retail
2020-03-09,VNINDEX,879.78,0,Benchmark
2020-03-10,ASSET_A,163.85,2479305,Technology
2020-03-10,ASSET_B,102.51,2104878,Banking
2020-03-10,ASSET_C,60.15,1020853,Consumer
2020-03-10,ASSET_D,38.53,1351737,Materials
2020-03-10,ASSET_E,66.75,1911744,Retail
2020-03-10,VNINDEX,878.59,0,Benchmark
2020-03-11,ASSET_A,160.51,2494746,Technology
2020-03-11,ASSET_B,102.21,1334339,Banking
2020-03-11,ASSET_C,58.86,1699207,Consumer
2020-03-11,ASSET_D,37.24,862353,Materials
2020-03-11,ASSET_E,66.38,421710,Retail
2020-03-11,VNINDEX,884.12,0,Benchmark
2020-03-12,ASSET_A,153.78,909513,Technology
2020-03-12,ASSET_B,103.3,2199381,Banking
2020-03-12,ASSET_C,57.3,782499,Consumer
2020-03-12,ASSET_D,35.2,635083,Materials
2020-03-12,ASSET_E,63.87,833844,Retail
2020-03-12,VNINDEX,866.17,0,Benchmark
2020-03-13,ASSET_A,153.12,420082,Technology
2020-03-13,ASSET_B,103.67,2071301,Banking
2020-03-13,ASSET_C,56.61,1201284,Consumer
2020-03-13,ASSET_D,35.04,1246767,Materials
2020-03-13,ASSET_E,64.29,2382997,Retail
2020-03-13,VNINDEX,870.15,0,Benchmark
2020-03-16,ASSET_A,141.73,975901,Technology
2020-03-16,ASSET_B,99.63,961156,Banking
2020-03-16,ASSET_C,54.49,1571412,Consumer
2020-03-16,ASSET_D,33.69,593717,Materials
2020-03-16,ASSET_E,63.74,440247,Retail
2020-03-16,VNINDEX,841.79,0,Benchmark
2020-03-17,ASSET_A,145.15,2239893,Technology
2020-03-17,ASSET_B,106.54,809404,Banking
2020-03-17,ASSET_C,55.86,1709168,Consumer
2020-03-17,ASSET_D,33.6,532339,Materials
2020-03-17,ASSET_E,65.55,1301168,Retail
2020-03-17,VNINDEX,868.11,0,Benchmark
2020-03-18,ASSET_A,150.51,2108405,Technology
2020-03-18,ASSET_B,112.04,2295918,Banking
2020-03-18,ASSET_C,56.1,2330537,Consumer
2020-03-18,ASSET_D,35.49,1500698,Materials
2020-03-18,ASSET_E,66.2,1092869,Retail
2020-03-18,VNINDEX,893.39,0,Benchmark
2020-03-19,ASSET_A,147.94,607382,Technology
2020-03-19,ASSET_B,111.1,1637333,Banking
2020-03-19,ASSET_C,57.6,1009726,Consumer
2020-03-19,ASSET_D,34.83,2203030,Materials
2020-03-19,ASSET_E,63.93,1237101,Retail
2020-03-19,VNINDEX,888.47,0,Benchmark
2020-03-20,ASSET_A,148.29,736833,Technology
2020-03-20,ASSET_B,115.14,2182338,Banking
2020-03-20,ASSET_C,58.59,2281554,Consumer
2020-03-20,ASSET_D,34.69,1535229,Materials
2020-03-20,ASSET_E,64.77,941926,Retail
2020-03-20,VNINDEX,896.03,0,Benchmark
2020-03-23,ASSET_A,139.22,1583402,Technology
2020-03-23,ASSET_B,113.49,2336489,Banking
2020-03-23,ASSET_C,57.95,2114874,Consumer
2020-03-23,ASSET_D,33.05,449002,Materials
2020-03-23,ASSET_E,60.67,978909,Retail
2020-03-23,VNINDEX,848.57,0,Benchmark
2020-03-24,ASSET_A,132.75,1787225,Technology
2020-03-24,ASSET_B,110.5,1291422,Banking
2020-03-24,ASSET_C,56.51,1155928,Consumer
2020-03-24,ASSET_D,32.03,2164904,Materials
2020-03-24,ASSET_E,59.09,1997536,Retail
2020-03-24,VNINDEX,826.84,0,Benchmark
2020-03-25,ASSET_A,134.26,2462903,Technology
2020-03-25,ASSET_B,109.87,496040,Banking
2020-03-25,ASSET_C,55.6,694176,Consumer
2020-03-25,ASSET_D,32.64,1835401,Materials
2020-03-25,ASSET_E,58.39,454247,Retail
2020-03-25,VNINDEX,821.55,0,Benchmark
2020-03-26,ASSET_A,135.76,1985555,Technology
2020-03-26,ASSET_B,106.9,2308900,Banking
2020-03-26,ASSET_C,56.39,941495,Consumer
2020-03-26,ASSET_D,30.94,1036558,Materials
2020-03-26,ASSET_E,56.46,672061,Retail
2020-03-26,VNINDEX,802.13,0,Benchmark
2020-03-27,ASSET_A,136.09,844896,Technology
2020-03-27,ASSET_B,108.85,1625505,Banking
2020-03-27,ASSET_C,56.45,1781402,Consumer
2020-03-27,ASSET_D,30.66,973765,Materials
2020-03-27,ASSET_E,56.92,955593,Retail
2020-03-27,VNINDEX,806.92,0,Benchmark
2020-03-30,ASSET_A,139.29,478037,Technology
2020-03-30,ASSET_B,110.65,652921,Banking
2020-03-30,ASSET_C,57.16,2056467,Consumer
2020-03-30,ASSET_D,31.08,2289085,Materials
2020-03-30,ASSET_E,58.09,2135627,Retail
2020-03-30,VNINDEX,820.11,0,Benchmark
2020-03-31,ASSET_A,137.52,1730592,Technology
2020-03-31,ASSET_B,109.1,1512568,Banking
2020-03-31,ASSET_C,57.0,1685771,Consumer
2020-03-31,ASSET_D,30.8,1399829,Materials
2020-03-31,ASSET_E,58.57,1225930,Retail
2020-03-31,VNINDEX,812.61,0,Benchmark
2020-04-01,ASSET_A,136.97,1562900,Technology
2020-04-01,ASSET_B,106.9,458771,Banking
2020-04-01,ASSET_C,56.21,1922458,Consumer
2020-04-01,ASSET_D,30.19,696590,Materials
2020-04-01,ASSET_E,58.6,473116,Retail
2020-04-01,VNINDEX,807.38,0,Benchmark
2020-04-02,ASSET_A,139.36,2335683,Technology
2020-04-02,ASSET_B,106.2,1008578,Banking
2020-04-02,ASSET_C,56.58,613552,Consumer
2020-04-02,ASSET_D,29.8,991272,Materials
2020-04-02,ASSET_E,59.53,1492691,Retail
2020-04-02,VNINDEX,809.07,0,Benchmark
2020-04-03,ASSET_A,142.15,1609342,Technology
2020-04-03,ASSET_B,107.58,1130520,Banking
2020-04-03,ASSET_C,57.44,1461213,Consumer
2020-04-03,ASSET_D,30.27,955297,Materials
2020-04-03,ASSET_E,59.85,1717412,Retail
2020-04-03,VNINDEX,819.66,0,Benchmark
2020-04-06,ASSET_A,138.27,1452604,Technology
2020-04-06,ASSET_B,106.22,1354140,Banking
2020-04-06,ASSET_C,57.48,2234949,Consumer
2020-04-06,ASSET_D,29.73,1240148,Materials
2020-04-06,ASSET_E,58.5,1361052,Retail
2020-04-06,VNINDEX,811.95,0,Benchmark
2020-04-07,ASSET_A,139.21,1037230,Technology
2020-04-07,ASSET_B,107.99,1587414,Banking
2020-04-07,ASSET_C,57.94,1216963,Consumer
2020-04-07,ASSET_D,29.34,1126190,Materials
2020-04-07,ASSET_E,58.61,586146,Retail
2020-04-07,VNINDEX,813.73,0,Benchmark
2020-04-08,ASSET_A,143.22,581164,Technology
2020-04-08,ASSET_B,110.51,2162728,Banking
2020-04-08,ASSET_C,59.19,2287653,Consumer
2020-04-08,ASSET_D,30.1,1548233,Materials
2020-04-08,ASSET_E,59.87,2245976,Retail
2020-04-08,VNINDEX,825.68,0,Benchmark
2020-04-09,ASSET_A,140.84,2240323,Technology
2020-04-09,ASSET_B,107.93,1138029,Banking
2020-04-09,ASSET_C,58.51,659975,Consumer
2020-04-09,ASSET_D,29.5,1078612,Materials
2020-04-09,ASSET_E,59.5,2202190,Retail
2020-04-09,VNINDEX,815.2,0,Benchmark
2020-04-10,ASSET_A,140.56,2134733,Technology
2020-04-10,ASSET_B,105.97,1944187,Banking
2020-04-10,ASSET_C,57.68,2455351,Consumer
2020-04-10,ASSET_D,29.56,1745876,Materials
2020-04-10,ASSET_E,59.56,2313792,Retail
2020-04-10,VNINDEX,807.22,0,Benchmark
2020-04-13,ASSET_A,139.16,741774,Technology
2020-04-13,ASSET_B,106.66,2378342,Banking
2020-04-13,ASSET_C,58.36,2048791,Consumer
2020-04-13,ASSET_D,29.47,1434630,Materials
2020-04-13,ASSET_E,58.12,2424260,Retail
2020-04-13,VNINDEX,804.72,0,Benchmark
2020-04-14,ASSET_A,136.64,1878172,Technology
2020-04-14,ASSET_B,107.04,1971886,Banking
2020-04-14,ASSET_C,57.57,1715077,Consumer
2020-04-14,ASSET_D,29.44,2374600,Materials
2020-04-14,ASSET_E,58.53,1066025,Retail
2020-04-14,VNINDEX,801.63,0,Benchmark
2020-04-15,ASSET_A,137.85,1164808,Technology
2020-04-15,ASSET_B,107.98,934891,Banking
2020-04-15,ASSET_C,57.33,1696675,Consumer
2020-04-15,ASSET_D,29.58,2139043,Materials
2020-04-15,ASSET_E,59.06,1285487,Retail
2020-04-15,VNINDEX,806.9,0,Benchmark
2020-04-16,ASSET_A,135.95,1317774,Technology
2020-04-16,ASSET_B,107.91,1823237,Banking
2020-04-16,ASSET_C,57.66,2366287,Consumer
2020-04-16,ASSET_D,28.82,1097621,Materials
2020-04-16,ASSET_E,58.41,2415064,Retail
2020-04-16,VNINDEX,808.6,0,Benchmark
2020-04-17,ASSET_A,133.55,2182204,Technology
2020-04-17,ASSET_B,106.94,990548,Banking
2020-04-17,ASSET_C,57.63,1191451,Consumer
2020-04-17,ASSET_D,28.08,488536,Materials
2020-04-17,ASSET_E,58.02,1344491,Retail
2020-04-17,VNINDEX,797.71,0,Benchmark
2020-04-20,ASSET_A,135.8,2168254,Technology
2020-04-20,ASSET_B,106.72,1403615,Banking
2020-04-20,ASSET_C,57.91,746363,Consumer
2020-04-20,ASSET_D,28.17,1628200,Materials
2020-04-20,ASSET_E,58.33,2216361,Retail
2020-04-20,VNINDEX,801.08,0,Benchmark
2020-04-21,ASSET_A,132.78,800349,Technology
2020-04-21,ASSET_B,106.45,1733137,Banking
2020-04-21,ASSET_C,58.09,2329454,Consumer
2020-04-21,ASSET_D,28.15,1110444,Materials
2020-04-21,ASSET_E,58.28,1760190,Retail
2020-04-21,VNINDEX,797.69,0,Benchmark
2020-04-22,ASSET_A,132.75,1045980,Technology
2020-04-22,ASSET_B,109.71,1015780,Banking
2020-04-22,ASSET_C,57.81,615791,Consumer
2020-04-22,ASSET_D,27.92,2293616,Materials
2020-04-22,ASSET_E,59.34,2348033,Retail
2020-04-22,VNINDEX,805.74,0,Benchmark
2020-04-23,ASSET_A,130.8,2124885,Technology
2020-04-23,ASSET_B,109.22,408114,Banking
2020-04-23,ASSET_C,57.39,1785312,Consumer
2020-04-23,ASSET_D,27.77,1251915,Materials
2020-04-23,ASSET_E,59.29,421862,Retail
2020-04-23,VNINDEX,802.04,0,Benchmark
2020-04-24,ASSET_A,130.02,2325685,Technology
2020-04-24,ASSET_B,107.93,2158043,Banking
2020-04-24,ASSET_C,56.45,958577,Consumer
2020-04-24,ASSET_D,27.31,1009486,Materials
2020-04-24,ASSET_E,58.31,1883294,Retail
2020-04-24,VNINDEX,798.31,0,Benchmark
2020-04-27,ASSET_A,130.24,566045,Technology
2020-04-27,ASSET_B,108.88,1927869,Banking
2020-04-27,ASSET_C,56.95,2351401,Consumer
2020-04-27,ASSET_D,27.5,1112651,Materials
2020-04-27,ASSET_E,58.48,2081757,Retail
2020-04-27,VNINDEX,801.8,0,Benchmark
2020-04-28,ASSET_A,132.84,2150547,Technology
2020-04-28,ASSET_B,109.36,658584,Banking
2020-04-28,ASSET_C,56.66,2444702,Consumer
2020-04-28,ASSET_D,27.67,2216604,Materials
2020-04-28,ASSET_E,58.03,816370,Retail
2020-04-28,VNINDEX,806.66,0,Benchmark
2020-04-29,ASSET_A,134.56,1427381,Technology
2020-04-29,ASSET_B,108.74,1192685,Banking
2020-04-29,ASSET_C,56.36,1396266,Consumer
2020-04-29,ASSET_D,27.99,636313,Materials
2020-04-29,ASSET_E,58.55,1944361,Retail
2020-04-29,VNINDEX,809.6,0,Benchmark
2020-04-30,ASSET_A,133.22,1639654,Technology
2020-04-30,ASSET_B,107.53,949555,Banking
2020-04-30,ASSET_C,55.95,1519847,Consumer
2020-04-30,ASSET_D,27.93,2410865,Materials
2020-04-30,ASSET_E,58.52,809978,Retail
2020-04-30,VNINDEX,799.46,0,Benchmark
2020-05-01,ASSET_A,134.06,558194,Technology
2020-05-01,ASSET_B,109.04,2453270,Banking
2020-05-01,ASSET_C,56.55,1354697,Consumer
2020-05-01,ASSET_D,28.19,890236,Materials
2020-05-01,ASSET_E,58.16,2300116,Retail
2020-05-01,VNINDEX,802.91,0,Benchmark
2020-05-04,ASSET_A,133.37,1828752,Technology
2020-05-04,ASSET_B,107.71,2377797,Banking
2020-05-04,ASSET_C,56.12,1292966,Consumer
2020-05-04,ASSET_D,28.22,2179736,Materials
2020-05-04,ASSET_E,57.43,2308168,Retail
2020-05-04,VNINDEX,796.82,0,Benchmark
2020-05-05,ASSET_A,132.64,1823597,Technology
2020-05-05,ASSET_B,107.69,1851976,Banking
2020-05-05,ASSET_C,56.43,2368202,Consumer
2020-05-05,ASSET_D,28.17,1543078,Materials
2020-05-05,ASSET_E,57.12,407795,Retail
2020-05-05,VNINDEX,798.41,0,Benchmark
2020-05-06,ASSET_A,132.06,1791680,Technology
2020-05-06,ASSET_B,105.48,1325622,Banking
2020-05-06,ASSET_C,56.13,1002922,Consumer
2020-05-06,ASSET_D,28.68,1596707,Materials
2020-05-06,ASSET_E,56.34,1464795,Retail
2020-05-06,VNINDEX,790.06,0,Benchmark
2020-05-07,ASSET_A,131.28,2060263,Technology
2020-05-07,ASSET_B,105.86,509651,Banking
2020-05-07,ASSET_C,56.22,2415561,Consumer
2020-05-07,ASSET_D,28.43,829621,Materials
2020-05-07,ASSET_E,56.73,1203231,Retail
2020-05-07,VNINDEX,792.89,0,Benchmark
2020-05-08,ASSET_A,131.39,2386718,Technology
2020-05-08,ASSET_B,104.62,918532,Banking
2020-05-08,ASSET_C,55.54,1765881,Consumer
2020-05-08,ASSET_D,28.11,1916442,Materials
2020-05-08,ASSET_E,56.21,2269981,Retail
2020-05-08,VNINDEX,788.28,0,Benchmark
2020-05-11,ASSET_A,131.36,2184702,Technology
2020-05-11,ASSET_B,102.59,594518,Banking
2020-05-11,ASSET_C,55.3,2417611,Consumer
2020-05-11,ASSET_D,28.09,1761992,Materials
2020-05-11,ASSET_E,56.01,1072578,Retail
2020-05-11,VNINDEX,780.92,0,Benchmark
2020-05-12,ASSET_A,132.45,1964045,Technology
2020-05-12,ASSET_B,104.77,2057934,Banking
2020-05-12,ASSET_C,55.79,1685403,Consumer
2020-05-12,ASSET_D,28.47,1410238,Materials
2020-05-12,ASSET_E,56.79,1913150,Retail
2020-05-12,VNINDEX,785.27,0,Benchmark
2020-05-13,ASSET_A,132.55,2460650,Technology
2020-05-13,ASSET_B,105.41,585153,Banking
2020-05-13,ASSET_C,56.21,2119684,Consumer
2020-05-13,ASSET_D,28.67,1361345,Materials
2020-05-13,ASSET_E,57.41,645101,Retail
2020-05-13,VNINDEX,786.86,0,Benchmark
2020-05-14,ASSET_A,132.36,1816541,Technology
2020-05-14,ASSET_B,105.25,1822772,Banking
2020-05-14,ASSET_C,56.11,1428946,Consumer
2020-05-14,ASSET_D,28.74,1654237,Materials
2020-05-14,ASSET_E,56.66,846275,Retail
2020-05-14,VNINDEX,783.44,0,Benchmark
2020-05-15,ASSET_A,130.69,1811233,Technology
2020-05-15,ASSET_B,107.45,2400506,Banking
2020-05-15,ASSET_C,56.21,1371052,Consumer
2020-05-15,ASSET_D,28.47,1390765,Materials
2020-05-15,ASSET_E,57.9,2468985,Retail
2020-05-15,VNINDEX,792.1,0,Benchmark
2020-05-18,ASSET_A,130.58,1538319,Technology
2020-05-18,ASSET_B,107.63,1046664,Banking
2020-05-18,ASSET_C,56.32,940724,Consumer
2020-05-18,ASSET_D,28.83,2446395,Materials
2020-05-18,ASSET_E,58.42,1207995,Retail
2020-05-18,VNINDEX,789.69,0,Benchmark
2020-05-19,ASSET_A,130.52,2015030,Technology
2020-05-19,ASSET_B,107.37,1836508,Banking
2020-05-19,ASSET_C,56.34,841628,Consumer
2020-05-19,ASSET_D,28.79,486934,Materials
2020-05-19,ASSET_E,59.18,2008266,Retail
2020-05-19,VNINDEX,790.06,0,Benchmark
2020-05-20,ASSET_A,130.79,549889,Technology
2020-05-20,ASSET_B,107.89,2246144,Banking
2020-05-20,ASSET_C,56.27,479151,Consumer
2020-05-20,ASSET_D,29.22,927353,Materials
2020-05-20,ASSET_E,59.23,2432432,Retail
2020-05-20,VNINDEX,791.8,0,Benchmark
2020-05-21,ASSET_A,130.95,1462092,Technology
2020-05-21,ASSET_B,107.08,1297972,Banking
2020-05-21,ASSET_C,55.96,1205225,Consumer
2020-05-21,ASSET_D,28.5,2187038,Materials
2020-05-21,ASSET_E,58.63,2426964,Retail
2020-05-21,VNINDEX,788.37,0,Benchmark
2020-05-22,ASSET_A,131.42,1293174,Technology
2020-05-22,ASSET_B,107.93,1342571,Banking
2020-05-22,ASSET_C,55.89,2474253,Consumer
2020-05-22,ASSET_D,28.68,2064348,Materials
2020-05-22,ASSET_E,58.37,441123,Retail
2020-05-22,VNINDEX,791.28,0,Benchmark
2020-05-25,ASSET_A,129.56,2316747,Technology
2020-05-25,ASSET_B,107.68,821013,Banking
2020-05-25,ASSET_C,56.03,2370424,Consumer
2020-05-25,ASSET_D,28.41,1130696,Materials
2020-05-25,ASSET_E,57.66,888621,Retail
2020-05-25,VNINDEX,788.36,0,Benchmark
2020-05-26,ASSET_A,128.99,552377,Technology
2020-05-26,ASSET_B,106.99,1297765,Banking
2020-05-26,ASSET_C,55.39,1849465,Consumer
2020-05-26,ASSET_D,28.49,1463089,Materials
2020-05-26,ASSET_E,57.51,1900626,Retail
2020-05-26,VNINDEX,786.16,0,Benchmark
2020-05-27,ASSET_A,130.58,1751892,Technology
2020-05-27,ASSET_B,107.39,2234643,Banking
2020-05-27,ASSET_C,55.52,1163464,Consumer
2020-05-27,ASSET_D,28.89,456727,Materials
2020-05-27,ASSET_E,58.46,2346272,Retail
2020-05-27,VNINDEX,794.2,0,Benchmark
2020-05-28,ASSET_A,129.61,787092,Technology
2020-05-28,ASSET_B,106.48,1793032,Banking
2020-05-28,ASSET_C,55.06,1492770,Consumer
2020-05-28,ASSET_D,28.77,771433,Materials
2020-05-28,ASSET_E,58.66,2455437,Retail
2020-05-28,VNINDEX,788.37,0,Benchmark
2020-05-29,ASSET_A,127.23,2255457,Technology
2020-05-29,ASSET_B,103.96,823267,Banking
2020-05-29,ASSET_C,54.81,1989106,Consumer
2020-05-29,ASSET_D,27.96,2383443,Materials
2020-05-29,ASSET_E,57.48,1912552,Retail
2020-05-29,VNINDEX,774.84,0,Benchmark
2020-06-01,ASSET_A,130.15,2188893,Technology
2020-06-01,ASSET_B,104.17,1505735,Banking
2020-06-01,ASSET_C,55.74,404222,Consumer
2020-06-01,ASSET_D,28.29,1751424,Materials
2020-06-01,ASSET_E,58.12,618708,Retail
2020-06-01,VNINDEX,784.12,0,Benchmark
2020-06-02,ASSET_A,131.73,894449,Technology
2020-06-02,ASSET_B,107.12,1884026,Banking
2020-06-02,ASSET_C,56.05,2338309,Consumer
2020-06-02,ASSET_D,28.8,481066,Materials
2020-06-02,ASSET_E,59.11,1959282,Retail
2020-06-02,VNINDEX,798.89,0,Benchmark
2020-06-03,ASSET_A,131.52,2230582,Technology
2020-06-03,ASSET_B,107.47,562416,Banking
2020-06-03,ASSET_C,56.4,2227935,Consumer
2020-06-03,ASSET_D,28.86,2064096,Materials
2020-06-03,ASSET_E,58.66,971184,Retail
2020-06-03,VNINDEX,796.73,0,Benchmark
2020-06-04,ASSET_A,130.91,1443149,Technology
2020-06-04,ASSET_B,107.47,2002981,Banking
2020-06-04,ASSET_C,56.22,2437823,Consumer
2020-06-04,ASSET_D,28.72,1247469,Materials
2020-06-04,ASSET_E,58.24,2098095,Retail
2020-06-04,VNINDEX,785.87,0,Benchmark
2020-06-05,ASSET_A,128.67,2439191,Technology
2020-06-05,ASSET_B,106.89,822622,Banking
2020-06-05,ASSET_C,55.71,598145,Consumer
2020-06-05,ASSET_D,28.7,1594387,Materials
2020-06-05,ASSET_E,58.29,1548727,Retail
2020-06-05,VNINDEX,784.29,0,Benchmark
2020-06-08,ASSET_A,128.6,1932619,Technology
2020-06-08,ASSET_B,106.24,1018777,Banking
2020-06-08,ASSET_C,54.76,2390115,Consumer
2020-06-08,ASSET_D,28.29,2199390,Materials
2020-06-08,ASSET_E,58.25,786139,Retail
2020-06-08,VNINDEX,782.85,0,Benchmark
2020-06-09,ASSET_A,127.79,472373,Technology
2020-06-09,ASSET_B,105.26,1274323,Banking
2020-06-09,ASSET_C,54.68,1688348,Consumer
2020-06-09,ASSET_D,28.29,2158608,Materials
2020-06-09,ASSET_E,58.35,2171906,Retail
2020-06-09,VNINDEX,781.96,0,Benchmark
2020-06-10,ASSET_A,126.26,825715,Technology
2020-06-10,ASSET_B,104.36,1460320,Banking
2020-06-10,ASSET_C,54.7,1565620,Consumer
2020-06-10,ASSET_D,28.78,686557,Materials
2020-06-10,ASSET_E,58.2,2476589,Retail
2020-06-10,VNINDEX,775.93,0,Benchmark
2020-06-11,ASSET_A,125.92,1247555,Technology
2020-06-11,ASSET_B,105.1,2323627,Banking
2020-06-11,ASSET_C,55.45,777006,Consumer
2020-06-11,ASSET_D,29.38,1168324,Materials
2020-06-11,ASSET_E,58.72,1463674,Retail
2020-06-11,VNINDEX,779.32,0,Benchmark
2020-06-12,ASSET_A,126.31,843813,Technology
2020-06-12,ASSET_B,105.04,868277,Banking
2020-06-12,ASSET_C,55.34,1432948,Consumer
2020-06-12,ASSET_D,28.66,972492,Materials
2020-06-12,ASSET_E,58.56,2106385,Retail
2020-06-12,VNINDEX,782.4,0,Benchmark
2020-06-15,ASSET_A,126.77,678104,Technology
2020-06-15,ASSET_B,103.51,937279,Banking
2020-06-15,ASSET_C,55.45,1162934,Consumer
2020-06-15,ASSET_D,28.37,2318913,Materials
2020-06-15,ASSET_E,58.39,525151,Retail
2020-06-15,VNINDEX,774.31,0,Benchmark
2020-06-16,ASSET_A,126.17,2453889,Technology
2020-06-16,ASSET_B,102.79,1195752,Banking
2020-06-16,ASSET_C,54.93,2474045,Consumer
2020-06-16,ASSET_D,28.78,2039523,Materials
2020-06-16,ASSET_E,58.79,969507,Retail
2020-06-16,VNINDEX,778.33,0,Benchmark
2020-06-17,ASSET_A,127.06,2225031,Technology
2020-06-17,ASSET_B,105.45,2200280,Banking
2020-06-17,ASSET_C,55.5,1113394,Consumer
2020-06-17,ASSET_D,29.18,1761472,Materials
2020-06-17,ASSET_E,59.42,667087,Retail
2020-06-17,VNINDEX,789.89,0,Benchmark
2020-06-18,ASSET_A,125.88,1312681,Technology
2020-06-18,ASSET_B,105.08,2426782,Banking
2020-06-18,ASSET_C,55.42,858176,Consumer
2020-06-18,ASSET_D,29.09,522851,Materials
2020-06-18,ASSET_E,59.61,996252,Retail
2020-06-18,VNINDEX,791.02,0,Benchmark
2020-06-19,ASSET_A,127.41,851556,Technology
2020-06-19,ASSET_B,104.77,1354434,Banking
2020-06-19,ASSET_C,55.71,2387392,Consumer
2020-06-19,ASSET_D,28.95,2086634,Materials
2020-06-19,ASSET_E,59.64,1189481,Retail
2020-06-19,VNINDEX,789.31,0,Benchmark
2020-06-22,ASSET_A,126.8,781812,Technology
2020-06-22,ASSET_B,103.64,1855589,Banking
2020-06-22,ASSET_C,56.12,793813,Consumer
2020-06-22,ASSET_D,29.08,1577910,Materials
2020-06-22,ASSET_E,60.09,1305863,Retail
2020-06-22,VNINDEX,788.7,0,Benchmark
2020-06-23,ASSET_A,127.44,2323121,Technology
2020-06-23,ASSET_B,103.84,2326252,Banking
2020-06-23,ASSET_C,56.66,2299443,Consumer
2020-06-23,ASSET_D,28.9,973268,Materials
2020-06-23,ASSET_E,59.87,1077335,Retail
2020-06-23,VNINDEX,792.29,0,Benchmark
2020-06-24,ASSET_A,125.29,1096074,Technology
2020-06-24,ASSET_B,102.05,2177889,Banking
2020-06-24,ASSET_C,55.64,2422682,Consumer
2020-06-24,ASSET_D,28.87,1329701,Materials
2020-06-24,ASSET_E,59.8,1543994,Retail
2020-06-24,VNINDEX,782.92,0,Benchmark
2020-06-25,ASSET_A,124.5,426454,Technology
2020-06-25,ASSET_B,102.22,1830661,Banking
2020-06-25,ASSET_C,55.99,1045446,Consumer
2020-06-25,ASSET_D,28.9,1336869,Materials
2020-06-25,ASSET_E,59.89,861325,Retail
2020-06-25,VNINDEX,783.99,0,Benchmark
2020-06-26,ASSET_A,123.9,1234489,Technology
2020-06-26,ASSET_B,102.22,1535259,Banking
2020-06-26,ASSET_C,56.05,1847309,Consumer
2020-06-26,ASSET_D,28.57,1021791,Materials
2020-06-26,ASSET_E,59.52,1130343,Retail
2020-06-26,VNINDEX,782.03,0,Benchmark
2020-06-29,ASSET_A,128.37,1354113,Technology
2020-06-29,ASSET_B,105.0,2467129,Banking
2020-06-29,ASSET_C,56.1,2073178,Consumer
2020-06-29,ASSET_D,29.27,2310196,Materials
2020-06-29,ASSET_E,60.02,2164270,Retail
2020-06-29,VNINDEX,792.32,0,Benchmark
2020-06-30,ASSET_A,129.72,1708479,Technology
2020-06-30,ASSET_B,105.39,901983,Banking
2020-06-30,ASSET_C,55.36,1526238,Consumer
2020-06-30,ASSET_D,28.82,2326746,Materials
2020-06-30,ASSET_E,59.51,1580692,Retail
2020-06-30,VNINDEX,791.54,0,Benchmark
2020-07-01,ASSET_A,130.56,1111243,Technology
2020-07-01,ASSET_B,107.71,1161804,Banking
2020-07-01,ASSET_C,56.27,1863664,Consumer
2020-07-01,ASSET_D,29.02,506880,Materials
2020-07-01,ASSET_E,59.4,456451,Retail
2020-07-01,VNINDEX,800.92,0,Benchmark
2020-07-02,ASSET_A,130.15,2338330,Technology
2020-07-02,ASSET_B,107.73,1897047,Banking
2020-07-02,ASSET_C,55.85,677304,Consumer
2020-07-02,ASSET_D,28.64,2365390,Materials
2020-07-02,ASSET_E,59.28,1089366,Retail
2020-07-02,VNINDEX,795.0,0,Benchmark
2020-07-03,ASSET_A,129.89,1751430,Technology
2020-07-03,ASSET_B,108.75,443875,Banking
2020-07-03,ASSET_C,55.63,1483664,Consumer
2020-07-03,ASSET_D,29.36,1248361,Materials
2020-07-03,ASSET_E,60.41,2141622,Retail
2020-07-03,VNINDEX,798.41,0,Benchmark
2020-07-06,ASSET_A,128.36,2471839,Technology
2020-07-06,ASSET_B,109.06,1451192,Banking
2020-07-06,ASSET_C,55.67,1477804,Consumer
2020-07-06,ASSET_D,29.24,2079647,Materials
2020-07-06,ASSET_E,59.82,778323,Retail
2020-07-06,VNINDEX,800.34,0,Benchmark
2020-07-07,ASSET_A,128.59,1170735,Technology
2020-07-07,ASSET_B,108.99,2194312,Banking
2020-07-07,ASSET_C,55.52,1589596,Consumer
2020-07-07,ASSET_D,28.49,2038669,Materials
2020-07-07,ASSET_E,59.08,2335528,Retail
2020-07-07,VNINDEX,795.75,0,Benchmark
2020-07-08,ASSET_A,130.03,1768567,Technology
2020-07-08,ASSET_B,109.98,771382,Banking
2020-07-08,ASSET_C,55.56,2382864,Consumer
2020-07-08,ASSET_D,28.38,1657670,Materials
2020-07-08,ASSET_E,59.49,1021334,Retail
2020-07-08,VNINDEX,796.89,0,Benchmark
2020-07-09,ASSET_A,132.44,1167214,Technology
2020-07-09,ASSET_B,111.69,2086516,Banking
2020-07-09,ASSET_C,55.45,2131883,Consumer
2020-07-09,ASSET_D,28.75,1962010,Materials
2020-07-09,ASSET_E,59.95,1723233,Retail
2020-07-09,VNINDEX,803.72,0,Benchmark
2020-07-10,ASSET_A,131.64,1869836,Technology
2020-07-10,ASSET_B,110.32,1266102,Banking
2020-07-10,ASSET_C,55.98,1666071,Consumer
2020-07-10,ASSET_D,28.9,1830879,Materials
2020-07-10,ASSET_E,60.21,1397524,Retail
2020-07-10,VNINDEX,802.12,0,Benchmark
2020-07-13,ASSET_A,129.76,1965937,Technology
2020-07-13,ASSET_B,108.1,2207074,Banking
2020-07-13,ASSET_C,55.78,1247001,Consumer
2020-07-13,ASSET_D,29.17,2188407,Materials
2020-07-13,ASSET_E,59.52,1713235,Retail
2020-07-13,VNINDEX,793.08,0,Benchmark
2020-07-14,ASSET_A,130.57,1075841,Technology
2020-07-14,ASSET_B,107.92,1733164,Banking
2020-07-14,ASSET_C,55.67,1249720,Consumer
2020-07-14,ASSET_D,29.56,1289764,Materials
2020-07-14,ASSET_E,59.27,2074454,Retail
2020-07-14,VNINDEX,793.16,0,Benchmark
2020-07-15,ASSET_A,130.09,2369111,Technology
2020-07-15,ASSET_B,107.65,730062,Banking
2020-07-15,ASSET_C,55.29,442349,Consumer
2020-07-15,ASSET_D,29.42,1952719,Materials
2020-07-15,ASSET_E,58.84,712937,Retail
2020-07-15,VNINDEX,788.49,0,Benchmark
2020-07-16,ASSET_A,129.37,2200033,Technology
2020-07-16,ASSET_B,107.34,1944196,Banking
2020-07-16,ASSET_C,55.31,1557316,Consumer
2020-07-16,ASSET_D,29.12,2456395,Materials
2020-07-16,ASSET_E,57.7,1139646,Retail
2020-07-16,VNINDEX,786.83,0,Benchmark
2020-07-17,ASSET_A,127.63,2278445,Technology
2020-07-17,ASSET_B,108.1,517919,Banking
2020-07-17,ASSET_C,54.93,930163,Consumer
2020-07-17,ASSET_D,29.55,2388893,Materials
2020-07-17,ASSET_E,57.2,1593467,Retail
2020-07-17,VNINDEX,786.57,0,Benchmark
2020-07-20,ASSET_A,126.1,857376,Technology
2020-07-20,ASSET_B,107.46,910763,Banking
2020-07-20,ASSET_C,54.51,2260904,Consumer
2020-07-20,ASSET_D,29.1,710692,Materials
2020-07-20,ASSET_E,56.99,947258,Retail
2020-07-20,VNINDEX,777.73,0,Benchmark
2020-07-21,ASSET_A,125.65,1907487,Technology
2020-07-21,ASSET_B,106.82,2265621,Banking
2020-07-21,ASSET_C,53.6,2024598,Consumer
2020-07-21,ASSET_D,28.6,1446345,Materials
2020-07-21,ASSET_E,56.91,1187866,Retail
2020-07-21,VNINDEX,769.47,0,Benchmark
2020-07-22,ASSET_A,124.94,623399,Technology
2020-07-22,ASSET_B,108.15,2239594,Banking
2020-07-22,ASSET_C,53.73,2316982,Consumer
2020-07-22,ASSET_D,28.6,1471127,Materials
2020-07-22,ASSET_E,57.68,2260264,Retail
2020-07-22,VNINDEX,772.14,0,Benchmark
2020-07-23,ASSET_A,125.11,621571,Technology
2020-07-23,ASSET_B,106.96,497306,Banking
2020-07-23,ASSET_C,53.22,2491213,Consumer
2020-07-23,ASSET_D,28.17,1711008,Materials
2020-07-23,ASSET_E,57.69,881004,Retail
2020-07-23,VNINDEX,769.6,0,Benchmark
2020-07-24,ASSET_A,123.01,2443837,Technology
2020-07-24,ASSET_B,104.96,1197057,Banking
2020-07-24,ASSET_C,52.11,1240185,Consumer
2020-07-24,ASSET_D,27.56,1758795,Materials
2020-07-24,ASSET_E,55.84,798396,Retail
2020-07-24,VNINDEX,756.64,0,Benchmark
2020-07-27,ASSET_A,124.54,721088,Technology
2020-07-27,ASSET_B,105.29,597679,Banking
2020-07-27,ASSET_C,52.86,1299618,Consumer
2020-07-27,ASSET_D,27.66,2180182,Materials
2020-07-27,ASSET_E,55.87,1624992,Retail
2020-07-27,VNINDEX,760.79,0,Benchmark
2020-07-28,ASSET_A,125.7,2214691,Technology
2020-07-28,ASSET_B,104.43,969387,Banking
2020-07-28,ASSET_C,52.97,1676928,Consumer
2020-07-28,ASSET_D,27.9,1517593,Materials
2020-07-28,ASSET_E,56.52,609459,Retail
2020-07-28,VNINDEX,762.34,0,Benchmark
2020-07-29,ASSET_A,124.36,1304686,Technology
2020-07-29,ASSET_B,103.62,2431654,Banking
2020-07-29,ASSET_C,52.83,1304077,Consumer
2020-07-29,ASSET_D,27.67,1873550,Materials
2020-07-29,ASSET_E,56.94,402499,Retail
2020-07-29,VNINDEX,758.89,0,Benchmark
2020-07-30,ASSET_A,121.57,1037654,Technology
2020-07-30,ASSET_B,103.37,809752,Banking
2020-07-30,ASSET_C,51.84,986325,Consumer
2020-07-30,ASSET_D,27.11,2288898,Materials
2020-07-30,ASSET_E,57.04,2226236,Retail
2020-07-30,VNINDEX,752.43,0,Benchmark
2020-07-31,ASSET_A,121.86,554345,Technology
2020-07-31,ASSET_B,104.46,1747048,Banking
2020-07-31,ASSET_C,51.92,1884975,Consumer
2020-07-31,ASSET_D,26.89,614319,Materials
2020-07-31,ASSET_E,57.26,980466,Retail
2020-07-31,VNINDEX,756.79,0,Benchmark
2020-08-03,ASSET_A,123.08,1817858,Technology
2020-08-03,ASSET_B,106.19,2088759,Banking
2020-08-03,ASSET_C,52.17,1347279,Consumer
2020-08-03,ASSET_D,27.01,1749553,Materials
2020-08-03,ASSET_E,56.86,653003,Retail
2020-08-03,VNINDEX,758.71,0,Benchmark
2020-08-04,ASSET_A,124.83,1914795,Technology
2020-08-04,ASSET_B,108.54,2250055,Banking
2020-08-04,ASSET_C,52.94,2377875,Consumer
2020-08-04,ASSET_D,27.48,1170692,Materials
2020-08-04,ASSET_E,57.71,1777688,Retail
2020-08-04,VNINDEX,770.95,0,Benchmark
2020-08-05,ASSET_A,124.57,1380738,Technology
2020-08-05,ASSET_B,110.71,1143745,Banking
2020-08-05,ASSET_C,52.42,861753,Consumer
2020-08-05,ASSET_D,27.43,2302436,Materials
2020-08-05,ASSET_E,57.88,1409905,Retail
2020-08-05,VNINDEX,773.27,0,Benchmark
2020-08-06,ASSET_A,123.19,2100882,Technology
2020-08-06,ASSET_B,111.23,1863429,Banking
2020-08-06,ASSET_C,52.61,1331966,Consumer
2020-08-06,ASSET_D,27.4,1560440,Materials
2020-08-06,ASSET_E,58.69,1355585,Retail
2020-08-06,VNINDEX,775.42,0,Benchmark
2020-08-07,ASSET_A,124.78,1078569,Technology
2020-08-07,ASSET_B,111.12,1415137,Banking
2020-08-07,ASSET_C,52.68,1516091,Consumer
2020-08-07,ASSET_D,27.47,1666056,Materials
2020-08-07,ASSET_E,58.74,1320580,Retail
2020-08-07,VNINDEX,774.74,0,Benchmark
2020-08-10,ASSET_A,126.4,1558523,Technology
2020-08-10,ASSET_B,111.02,625406,Banking
2020-08-10,ASSET_C,53.32,2306483,Consumer
2020-08-10,ASSET_D,27.98,1984906,Materials
2020-08-10,ASSET_E,59.06,705845,Retail
2020-08-10,VNINDEX,779.08,0,Benchmark
2020-08-11,ASSET_A,127.8,1002225,Technology
2020-08-11,ASSET_B,112.44,867921,Banking
2020-08-11,ASSET_C,53.32,1614304,Consumer
2020-08-11,ASSET_D,27.91,908204,Materials
2020-08-11,ASSET_E,59.33,2202938,Retail
2020-08-11,VNINDEX,782.46,0,Benchmark
2020-08-12,ASSET_A,130.03,1622673,Technology
2020-08-12,ASSET_B,113.32,1971156,Banking
2020-08-12,ASSET_C,53.02,545010,Consumer
2020-08-12,ASSET_D,28.18,1541491,Materials
2020-08-12,ASSET_E,59.98,402768,Retail
2020-08-12,VNINDEX,789.08,0,Benchmark
2020-08-13,ASSET_A,130.14,685657,Technology
2020-08-13,ASSET_B,112.38,1840791,Banking
2020-08-13,ASSET_C,52.58,1109457,Consumer
2020-08-13,ASSET_D,28.33,2023291,Materials
2020-08-13,ASSET_E,60.07,1414669,Retail
2020-08-13,VNINDEX,786.57,0,Benchmark
2020-08-14,ASSET_A,129.5,1399950,Technology
2020-08-14,ASSET_B,112.92,1494296,Banking
2020-08-14,ASSET_C,52.13,2260789,Consumer
2020-08-14,ASSET_D,28.05,2032853,Materials
2020-08-14,ASSET_E,59.61,967922,Retail
2020-08-14,VNINDEX,784.5,0,Benchmark
2020-08-17,ASSET_A,128.9,1553567,Technology
2020-08-17,ASSET_B,113.33,2040170,Banking
2020-08-17,ASSET_C,52.22,971448,Consumer
2020-08-17,ASSET_D,27.96,878530,Materials
2020-08-17,ASSET_E,59.0,1747635,Retail
2020-08-17,VNINDEX,782.23,0,Benchmark
2020-08-18,ASSET_A,129.27,1568739,Technology
2020-08-18,ASSET_B,114.95,1851647,Banking
2020-08-18,ASSET_C,51.66,1115358,Consumer
2020-08-18,ASSET_D,28.11,2158979,Materials
2020-08-18,ASSET_E,59.88,1553024,Retail
2020-08-18,VNINDEX,786.44,0,Benchmark
2020-08-19,ASSET_A,133.46,1337853,Technology
2020-08-19,ASSET_B,116.18,1112793,Banking
2020-08-19,ASSET_C,51.97,717153,Consumer
2020-08-19,ASSET_D,28.08,741987,Materials
2020-08-19,ASSET_E,59.75,1208206,Retail
2020-08-19,VNINDEX,794.32,0,Benchmark
2020-08-20,ASSET_A,133.62,1751500,Technology
2020-08-20,ASSET_B,115.72,1017300,Banking
2020-08-20,ASSET_C,52.26,1910733,Consumer
2020-08-20,ASSET_D,28.04,956769,Materials
2020-08-20,ASSET_E,60.29,1522545,Retail
2020-08-20,VNINDEX,792.13,0,Benchmark
2020-08-21,ASSET_A,132.75,1475591,Technology
2020-08-21,ASSET_B,115.3,2384666,Banking
2020-08-21,ASSET_C,52.15,693041,Consumer
2020-08-21,ASSET_D,27.98,2198907,Materials
2020-08-21,ASSET_E,59.34,876698,Retail
2020-08-21,VNINDEX,790.12,0,Benchmark
2020-08-24,ASSET_A,133.57,994797,Technology
2020-08-24,ASSET_B,116.21,2440862,Banking
2020-08-24,ASSET_C,52.52,1172394,Consumer
2020-08-24,ASSET_D,28.18,1693806,Materials
2020-08-24,ASSET_E,59.22,675250,Retail
2020-08-24,VNINDEX,791.9,0,Benchmark
2020-08-25,ASSET_A,132.33,852250,Technology
2020-08-25,ASSET_B,117.15,464282,Banking
2020-08-25,ASSET_C,51.98,1894068,Consumer
2020-08-25,ASSET_D,27.85,1538573,Materials
2020-08-25,ASSET_E,59.55,2301141,Retail
2020-08-25,VNINDEX,790.82,0,Benchmark
2020-08-26,ASSET_A,134.85,1760216,Technology
2020-08-26,ASSET_B,118.4,2060583,Banking
2020-08-26,ASSET_C,51.79,2280533,Consumer
2020-08-26,ASSET_D,28.04,1569931,Materials
2020-08-26,ASSET_E,59.91,1688763,Retail
2020-08-26,VNINDEX,795.87,0,Benchmark
2020-08-27,ASSET_A,131.98,2371082,Technology
2020-08-27,ASSET_B,117.67,679180,Banking
2020-08-27,ASSET_C,51.58,865439,Consumer
2020-08-27,ASSET_D,27.95,2435376,Materials
2020-08-27,ASSET_E,58.56,1773046,Retail
2020-08-27,VNINDEX,784.58,0,Benchmark
2020-08-28,ASSET_A,131.72,1981701,Technology
2020-08-28,ASSET_B,117.56,2208579,Banking
2020-08-28,ASSET_C,51.38,1097576,Consumer
2020-08-28,ASSET_D,28.31,877366,Materials
2020-08-28,ASSET_E,58.46,2497741,Retail
2020-08-28,VNINDEX,780.59,0,Benchmark
2020-08-31,ASSET_A,132.07,1741041,Technology
2020-08-31,ASSET_B,116.66,1636452,Banking
2020-08-31,ASSET_C,51.2,647751,Consumer
2020-08-31,ASSET_D,28.49,1028237,Materials
2020-08-31,ASSET_E,58.22,2298686,Retail
2020-08-31,VNINDEX,776.85,0,Benchmark
2020-09-01,ASSET_A,130.25,2335218,Technology
2020-09-01,ASSET_B,115.05,1844326,Banking
2020-09-01,ASSET_C,50.26,1319544,Consumer
2020-09-01,ASSET_D,27.77,1428743,Materials
2020-09-01,ASSET_E,57.32,1628220,Retail
2020-09-01,VNINDEX,765.55,0,Benchmark
2020-09-02,ASSET_A,129.45,2289161,Technology
2020-09-02,ASSET_B,115.39,1872954,Banking
2020-09-02,ASSET_C,50.03,2497630,Consumer
2020-09-02,ASSET_D,27.7,2175472,Materials
2020-09-02,ASSET_E,56.75,2063933,Retail
2020-09-02,VNINDEX,761.01,0,Benchmark
2020-09-03,ASSET_A,128.63,1463588,Technology
2020-09-03,ASSET_B,115.99,1670330,Banking
2020-09-03,ASSET_C,49.48,1038867,Consumer
2020-09-03,ASSET_D,27.42,1551993,Materials
2020-09-03,ASSET_E,56.44,1508040,Retail
2020-09-03,VNINDEX,756.74,0,Benchmark
2020-09-04,ASSET_A,128.41,629469,Technology
2020-09-04,ASSET_B,116.69,926434,Banking
2020-09-04,ASSET_C,49.76,945824,Consumer
2020-09-04,ASSET_D,27.46,1924411,Materials
2020-09-04,ASSET_E,56.15,899593,Retail
2020-09-04,VNINDEX,755.93,0,Benchmark
2020-09-07,ASSET_A,128.93,1731996,Technology
2020-09-07,ASSET_B,117.82,2095096,Banking
2020-09-07,ASSET_C,50.83,1239412,Consumer
2020-09-07,ASSET_D,27.49,2116413,Materials
2020-09-07,ASSET_E,57.51,1707529,Retail
2020-09-07,VNINDEX,761.48,0,Benchmark
2020-09-08,ASSET_A,128.29,1707987,Technology
2020-09-08,ASSET_B,117.46,1563549,Banking
2020-09-08,ASSET_C,50.91,2281701,Consumer
2020-09-08,ASSET_D,27.05,2273380,Materials
2020-09-08,ASSET_E,57.34,2317410,Retail
2020-09-08,VNINDEX,760.46,0,Benchmark
2020-09-09,ASSET_A,128.8,982446,Technology
2020-09-09,ASSET_B,116.92,1544621,Banking
2020-09-09,ASSET_C,50.46,1548813,Consumer
2020-09-09,ASSET_D,26.79,1368077,Materials
2020-09-09,ASSET_E,56.85,2247308,Retail
2020-09-09,VNINDEX,755.66,0,Benchmark
2020-09-10,ASSET_A,128.67,2183869,Technology
2020-09-10,ASSET_B,118.12,1068611,Banking
2020-09-10,ASSET_C,49.75,1679290,Consumer
2020-09-10,ASSET_D,26.95,1361615,Materials
2020-09-10,ASSET_E,56.63,1460886,Retail
2020-09-10,VNINDEX,755.56,0,Benchmark
2020-09-11,ASSET_A,128.93,2226897,Technology
2020-09-11,ASSET_B,119.5,421086,Banking
2020-09-11,ASSET_C,49.58,2039124,Consumer
2020-09-11,ASSET_D,27.21,569923,Materials
2020-09-11,ASSET_E,57.7,2386598,Retail
2020-09-11,VNINDEX,760.76,0,Benchmark
2020-09-14,ASSET_A,127.55,1094933,Technology
2020-09-14,ASSET_B,118.91,1563587,Banking
2020-09-14,ASSET_C,49.75,1901647,Consumer
2020-09-14,ASSET_D,27.14,568654,Materials
2020-09-14,ASSET_E,56.73,814898,Retail
2020-09-14,VNINDEX,756.24,0,Benchmark
2020-09-15,ASSET_A,127.8,1401402,Technology
2020-09-15,ASSET_B,118.09,1124690,Banking
2020-09-15,ASSET_C,49.24,1657589,Consumer
2020-09-15,ASSET_D,27.03,1423321,Materials
2020-09-15,ASSET_E,56.57,486170,Retail
2020-09-15,VNINDEX,752.07,0,Benchmark
2020-09-16,ASSET_A,129.0,809800,Technology
2020-09-16,ASSET_B,118.43,1784588,Banking
2020-09-16,ASSET_C,49.3,1577929,Consumer
2020-09-16,ASSET_D,27.23,1973097,Materials
2020-09-16,ASSET_E,56.68,1246835,Retail
2020-09-16,VNINDEX,754.89,0,Benchmark
2020-09-17,ASSET_A,129.37,774538,Technology
2020-09-17,ASSET_B,118.13,1165487,Banking
2020-09-17,ASSET_C,49.43,1519811,Consumer
2020-09-17,ASSET_D,27.32,2159696,Materials
2020-09-17,ASSET_E,56.07,830486,Retail
2020-09-17,VNINDEX,754.01,0,Benchmark
2020-09-18,ASSET_A,129.76,956544,Technology
2020-09-18,ASSET_B,118.89,2442896,Banking
2020-09-18,ASSET_C,50.01,779703,Consumer
2020-09-18,ASSET_D,27.38,1257841,Materials
2020-09-18,ASSET_E,55.99,2411102,Retail
2020-09-18,VNINDEX,757.25,0,Benchmark
2020-09-21,ASSET_A,130.34,1168153,Technology
2020-09-21,ASSET_B,120.17,1829835,Banking
2020-09-21,ASSET_C,49.96,1270104,Consumer
2020-09-21,ASSET_D,27.4,1599636,Materials
2020-09-21,ASSET_E,56.11,643104,Retail
2020-09-21,VNINDEX,757.35,0,Benchmark
2020-09-22,ASSET_A,130.41,973160,Technology
2020-09-22,ASSET_B,120.72,1356963,Banking
2020-09-22,ASSET_C,50.05,2178808,Consumer
2020-09-22,ASSET_D,27.95,2106500,Materials
2020-09-22,ASSET_E,56.03,1522725,Retail
2020-09-22,VNINDEX,760.86,0,Benchmark
2020-09-23,ASSET_A,129.22,718432,Technology
2020-09-23,ASSET_B,119.78,1887217,Banking
2020-09-23,ASSET_C,49.8,482705,Consumer
2020-09-23,ASSET_D,27.8,1069616,Materials
2020-09-23,ASSET_E,55.8,2021942,Retail
2020-09-23,VNINDEX,756.11,0,Benchmark
2020-09-24,ASSET_A,130.18,1339117,Technology
2020-09-24,ASSET_B,119.17,1761253,Banking
2020-09-24,ASSET_C,49.64,2138742,Consumer
2020-09-24,ASSET_D,27.81,732864,Materials
2020-09-24,ASSET_E,56.46,632824,Retail
2020-09-24,VNINDEX,756.22,0,Benchmark
2020-09-25,ASSET_A,130.87,1709484,Technology
2020-09-25,ASSET_B,119.52,1703141,Banking
2020-09-25,ASSET_C,49.44,1588473,Consumer
2020-09-25,ASSET_D,27.81,2334038,Materials
2020-09-25,ASSET_E,56.47,495682,Retail
2020-09-25,VNINDEX,755.39,0,Benchmark
2020-09-28,ASSET_A,128.82,1084523,Technology
2020-09-28,ASSET_B,119.37,1613882,Banking
2020-09-28,ASSET_C,49.24,1134339,Consumer
2020-09-28,ASSET_D,27.54,1546710,Materials
2020-09-28,ASSET_E,55.53,1562558,Retail
2020-09-28,VNINDEX,749.84,0,Benchmark
2020-09-29,ASSET_A,126.6,1520453,Technology
2020-09-29,ASSET_B,119.08,2356940,Banking
2020-09-29,ASSET_C,48.89,639530,Consumer
2020-09-29,ASSET_D,27.17,726867,Materials
2020-09-29,ASSET_E,54.71,2295533,Retail
2020-09-29,VNINDEX,742.72,0,Benchmark
2020-09-30,ASSET_A,127.36,969675,Technology
2020-09-30,ASSET_B,119.92,1066865,Banking
2020-09-30,ASSET_C,49.65,2004086,Consumer
2020-09-30,ASSET_D,27.34,929171,Materials
2020-09-30,ASSET_E,54.84,434215,Retail
2020-09-30,VNINDEX,746.07,0,Benchmark
2020-10-01,ASSET_A,128.72,1878107,Technology
2020-10-01,ASSET_B,120.04,1307927,Banking
2020-10-01,ASSET_C,49.68,401488,Consumer
2020-10-01,ASSET_D,27.17,1086443,Materials
2020-10-01,ASSET_E,54.61,443166,Retail
2020-10-01,VNINDEX,744.6,0,Benchmark
2020-10-02,ASSET_A,126.0,1761875,Technology
2020-10-02,ASSET_B,118.97,931434,Banking
2020-10-02,ASSET_C,49.73,1540384,Consumer
2020-10-02,ASSET_D,26.96,822360,Materials
2020-10-02,ASSET_E,54.34,2343582,Retail
2020-10-02,VNINDEX,740.05,0,Benchmark
2020-10-05,ASSET_A,126.21,2416127,Technology
2020-10-05,ASSET_B,119.3,1595959,Banking
2020-10-05,ASSET_C,49.43,741009,Consumer
2020-10-05,ASSET_D,26.77,1317982,Materials
2020-10-05,ASSET_E,54.44,1665348,Retail
2020-10-05,VNINDEX,739.77,0,Benchmark
2020-10-06,ASSET_A,125.97,511367,Technology
2020-10-06,ASSET_B,120.65,2474528,Banking
2020-10-06,ASSET_C,49.87,2309003,Consumer
2020-10-06,ASSET_D,27.0,2106864,Materials
2020-10-06,ASSET_E,55.46,1872938,Retail
2020-10-06,VNINDEX,745.13,0,Benchmark
2020-10-07,ASSET_A,123.39,2191594,Technology
2020-10-07,ASSET_B,118.53,1677579,Banking
2020-10-07,ASSET_C,49.1,782836,Consumer
2020-10-07,ASSET_D,26.74,1949753,Materials
2020-10-07,ASSET_E,54.73,978710,Retail
2020-10-07,VNINDEX,734.84,0,Benchmark
2020-10-08,ASSET_A,121.78,1114763,Technology
2020-10-08,ASSET_B,117.24,834389,Banking
2020-10-08,ASSET_C,48.82,2085931,Consumer
2020-10-08,ASSET_D,26.44,2325813,Materials
2020-10-08,ASSET_E,53.84,1055908,Retail
2020-10-08,VNINDEX,728.22,0,Benchmark
2020-10-09,ASSET_A,120.64,538695,Technology
2020-10-09,ASSET_B,116.73,2335176,Banking
2020-10-09,ASSET_C,48.78,1605540,Consumer
2020-10-09,ASSET_D,25.85,2155068,Materials
2020-10-09,ASSET_E,53.98,1388183,Retail
2020-10-09,VNINDEX,724.24,0,Benchmark
2020-10-12,ASSET_A,121.45,1848479,Technology
2020-10-12,ASSET_B,117.93,2059578,Banking
2020-10-12,ASSET_C,49.18,486091,Consumer
2020-10-12,ASSET_D,26.23,1053765,Materials
2020-10-12,ASSET_E,54.92,849482,Retail
2020-10-12,VNINDEX,730.96,0,Benchmark
2020-10-13,ASSET_A,121.73,760612,Technology
2020-10-13,ASSET_B,118.06,1324278,Banking
2020-10-13,ASSET_C,49.9,1912126,Consumer
2020-10-13,ASSET_D,26.31,522976,Materials
2020-10-13,ASSET_E,55.11,1327960,Retail
2020-10-13,VNINDEX,732.4,0,Benchmark
2020-10-14,ASSET_A,121.95,769284,Technology
2020-10-14,ASSET_B,120.05,707833,Banking
2020-10-14,ASSET_C,50.49,2246479,Consumer
2020-10-14,ASSET_D,26.23,718499,Materials
2020-10-14,ASSET_E,55.27,2403360,Retail
2020-10-14,VNINDEX,736.03,0,Benchmark
2020-10-15,ASSET_A,119.7,2457271,Technology
2020-10-15,ASSET_B,120.95,1245584,Banking
2020-10-15,ASSET_C,50.52,865109,Consumer
2020-10-15,ASSET_D,26.21,2063275,Materials
2020-10-15,ASSET_E,55.15,1972675,Retail
2020-10-15,VNINDEX,731.05,0,Benchmark
2020-10-16,ASSET_A,119.47,863948,Technology
2020-10-16,ASSET_B,119.04,2089137,Banking
2020-10-16,ASSET_C,50.44,2433989,Consumer
2020-10-16,ASSET_D,25.73,1114643,Materials
2020-10-16,ASSET_E,54.72,2225059,Retail
2020-10-16,VNINDEX,726.19,0,Benchmark
2020-10-19,ASSET_A,120.54,1549043,Technology
2020-10-19,ASSET_B,118.6,1611929,Banking
2020-10-19,ASSET_C,51.05,2076577,Consumer
2020-10-19,ASSET_D,26.03,1913109,Materials
2020-10-19,ASSET_E,54.13,1442948,Retail
2020-10-19,VNINDEX,728.35,0,Benchmark
2020-10-20,ASSET_A,121.37,821399,Technology
2020-10-20,ASSET_B,118.01,790029,Banking
2020-10-20,ASSET_C,50.68,1958528,Consumer
2020-10-20,ASSET_D,26.04,1361327,Materials
2020-10-20,ASSET_E,54.36,2053766,Retail
2020-10-20,VNINDEX,728.77,0,Benchmark
2020-10-21,ASSET_A,120.51,660379,Technology
2020-10-21,ASSET_B,118.49,732958,Banking
2020-10-21,ASSET_C,51.21,1105693,Consumer
2020-10-21,ASSET_D,25.64,2278769,Materials
2020-10-21,ASSET_E,54.87,1284563,Retail
2020-10-21,VNINDEX,731.39,0,Benchmark
2020-10-22,ASSET_A,120.64,401944,Technology
2020-10-22,ASSET_B,118.98,2431028,Banking
2020-10-22,ASSET_C,50.9,651818,Consumer
2020-10-22,ASSET_D,25.66,1467076,Materials
2020-10-22,ASSET_E,55.35,1696622,Retail
2020-10-22,VNINDEX,730.71,0,Benchmark
2020-10-23,ASSET_A,121.51,433703,Technology
2020-10-23,ASSET_B,119.7,1339186,Banking
2020-10-23,ASSET_C,50.83,1301593,Consumer
2020-10-23,ASSET_D,25.62,2290930,Materials
2020-10-23,ASSET_E,55.18,1933581,Retail
2020-10-23,VNINDEX,732.12,0,Benchmark
2020-10-26,ASSET_A,120.76,1394912,Technology
2020-10-26,ASSET_B,120.01,1840574,Banking
2020-10-26,ASSET_C,51.03,2095489,Consumer
2020-10-26,ASSET_D,25.54,926587,Materials
2020-10-26,ASSET_E,55.33,2132218,Retail
2020-10-26,VNINDEX,732.99,0,Benchmark
2020-10-27,ASSET_A,121.46,1311400,Technology
2020-10-27,ASSET_B,121.17,1157352,Banking
2020-10-27,ASSET_C,51.58,1631967,Consumer
2020-10-27,ASSET_D,25.51,2032803,Materials
2020-10-27,ASSET_E,55.68,2344194,Retail
2020-10-27,VNINDEX,736.64,0,Benchmark
2020-10-28,ASSET_A,122.08,481813,Technology
2020-10-28,ASSET_B,121.48,589248,Banking
2020-10-28,ASSET_C,51.49,1759726,Consumer
2020-10-28,ASSET_D,25.62,1500294,Materials
2020-10-28,ASSET_E,55.99,621549,Retail
2020-10-28,VNINDEX,740.44,0,Benchmark
2020-10-29,ASSET_A,122.36,1134142,Technology
2020-10-29,ASSET_B,119.79,1265067,Banking
2020-10-29,ASSET_C,50.94,2040135,Consumer
2020-10-29,ASSET_D,25.26,799425,Materials
2020-10-29,ASSET_E,55.52,2067237,Retail
2020-10-29,VNINDEX,733.32,0,Benchmark
2020-10-30,ASSET_A,122.18,973173,Technology
2020-10-30,ASSET_B,117.7,1855671,Banking
2020-10-30,ASSET_C,50.38,1111535,Consumer
2020-10-30,ASSET_D,24.53,891367,Materials
2020-10-30,ASSET_E,54.83,1890309,Retail
2020-10-30,VNINDEX,723.51,0,Benchmark
2020-11-02,ASSET_A,121.59,1599772,Technology
2020-11-02,ASSET_B,117.56,1100013,Banking
2020-11-02,ASSET_C,50.6,478450,Consumer
2020-11-02,ASSET_D,24.95,1059130,Materials
2020-11-02,ASSET_E,55.23,1947105,Retail
2020-11-02,VNINDEX,728.09,0,Benchmark
2020-11-03,ASSET_A,124.88,2489087,Technology
2020-11-03,ASSET_B,117.88,1667603,Banking
2020-11-03,ASSET_C,51.15,2256464,Consumer
2020-11-03,ASSET_D,25.1,725222,Materials
2020-11-03,ASSET_E,55.9,430831,Retail
2020-11-03,VNINDEX,733.53,0,Benchmark
2020-11-04,ASSET_A,123.2,1852444,Technology
2020-11-04,ASSET_B,116.19,1320010,Banking
2020-11-04,ASSET_C,51.83,1688136,Consumer
2020-11-04,ASSET_D,24.79,2366271,Materials
2020-11-04,ASSET_E,56.03,1424216,Retail
2020-11-04,VNINDEX,729.16,0,Benchmark
2020-11-05,ASSET_A,122.51,2328632,Technology
2020-11-05,ASSET_B,115.05,1108847,Banking
2020-11-05,ASSET_C,51.46,1587690,Consumer
2020-11-05,ASSET_D,24.28,846714,Materials
2020-11-05,ASSET_E,55.17,2417786,Retail
2020-11-05,VNINDEX,721.13,0,Benchmark
2020-11-06,ASSET_A,123.49,803673,Technology
2020-11-06,ASSET_B,115.34,935540,Banking
2020-11-06,ASSET_C,51.29,1603881,Consumer
2020-11-06,ASSET_D,24.45,1656163,Materials
2020-11-06,ASSET_E,55.15,2290453,Retail
2020-11-06,VNINDEX,721.72,0,Benchmark
2020-11-09,ASSET_A,123.44,851659,Technology
2020-11-09,ASSET_B,116.65,947545,Banking
2020-11-09,ASSET_C,51.2,2191148,Consumer
2020-11-09,ASSET_D,24.34,1598960,Materials
2020-11-09,ASSET_E,55.3,884764,Retail
2020-11-09,VNINDEX,725.97,0,Benchmark
2020-11-10,ASSET_A,125.47,1976697,Technology
2020-11-10,ASSET_B,117.06,936986,Banking
2020-11-10,ASSET_C,51.59,2015507,Consumer
2020-11-10,ASSET_D,24.66,1531397,Materials
2020-11-10,ASSET_E,55.68,1421258,Retail
2020-11-10,VNINDEX,734.08,0,Benchmark
2020-11-11,ASSET_A,125.86,1051005,Technology
2020-11-11,ASSET_B,116.54,1909397,Banking
2020-11-11,ASSET_C,51.49,1807238,Consumer
2020-11-11,ASSET_D,24.62,1717637,Materials
2020-11-11,ASSET_E,55.27,2214204,Retail
2020-11-11,VNINDEX,736.54,0,Benchmark
2020-11-12,ASSET_A,126.07,2182417,Technology
2020-11-12,ASSET_B,116.69,1108399,Banking
2020-11-12,ASSET_C,51.52,2042223,Consumer
2020-11-12,ASSET_D,24.47,2322989,Materials
2020-11-12,ASSET_E,55.17,2353600,Retail
2020-11-12,VNINDEX,735.05,0,Benchmark
2020-11-13,ASSET_A,125.53,1373779,Technology
2020-11-13,ASSET_B,114.02,1956858,Banking
2020-11-13,ASSET_C,51.42,1005883,Consumer
2020-11-13,ASSET_D,24.11,2432573,Materials
2020-11-13,ASSET_E,55.07,1095404,Retail
2020-11-13,VNINDEX,731.25,0,Benchmark
2020-11-16,ASSET_A,126.66,821724,Technology
2020-11-16,ASSET_B,114.89,1053227,Banking
2020-11-16,ASSET_C,51.31,1894617,Consumer
2020-11-16,ASSET_D,24.0,2235817,Materials
2020-11-16,ASSET_E,55.03,2086136,Retail
2020-11-16,VNINDEX,731.46,0,Benchmark
2020-11-17,ASSET_A,126.5,2173268,Technology
2020-11-17,ASSET_B,113.43,1087132,Banking
2020-11-17,ASSET_C,51.78,2447539,Consumer
2020-11-17,ASSET_D,23.96,1365281,Materials
2020-11-17,ASSET_E,54.95,2152999,Retail
2020-11-17,VNINDEX,730.3,0,Benchmark
2020-11-18,ASSET_A,125.49,1555964,Technology
2020-11-18,ASSET_B,113.12,2340894,Banking
2020-11-18,ASSET_C,51.32,893424,Consumer
2020-11-18,ASSET_D,23.86,1927741,Materials
2020-11-18,ASSET_E,54.79,715546,Retail
2020-11-18,VNINDEX,726.0,0,Benchmark
2020-11-19,ASSET_A,128.33,2085556,Technology
2020-11-19,ASSET_B,114.38,2240076,Banking
2020-11-19,ASSET_C,51.84,1599111,Consumer
2020-11-19,ASSET_D,24.02,790357,Materials
2020-11-19,ASSET_E,55.96,467117,Retail
2020-11-19,VNINDEX,735.19,0,Benchmark
2020-11-20,ASSET_A,130.5,1349705,Technology
2020-11-20,ASSET_B,116.75,1241478,Banking
2020-11-20,ASSET_C,52.5,1830546,Consumer
2020-11-20,ASSET_D,24.28,2252729,Materials
2020-11-20,ASSET_E,56.4,498683,Retail
2020-11-20,VNINDEX,743.31,0,Benchmark
2020-11-23,ASSET_A,132.26,665107,Technology
2020-11-23,ASSET_B,120.07,964537,Banking
2020-11-23,ASSET_C,53.06,1485186,Consumer
2020-11-23,ASSET_D,24.64,810570,Materials
2020-11-23,ASSET_E,56.34,705274,Retail
2020-11-23,VNINDEX,748.58,0,Benchmark
2020-11-24,ASSET_A,130.83,1830176,Technology
2020-11-24,ASSET_B,117.66,1902815,Banking
2020-11-24,ASSET_C,53.18,2434580,Consumer
2020-11-24,ASSET_D,24.17,639053,Materials
2020-11-24,ASSET_E,56.02,1955796,Retail
2020-11-24,VNINDEX,744.6,0,Benchmark
2020-11-25,ASSET_A,130.65,661342,Technology
2020-11-25,ASSET_B,118.97,546715,Banking
2020-11-25,ASSET_C,53.54,1247370,Consumer
2020-11-25,ASSET_D,24.31,2140315,Materials
2020-11-25,ASSET_E,57.01,1217976,Retail
2020-11-25,VNINDEX,748.61,0,Benchmark
2020-11-26,ASSET_A,130.73,1792910,Technology
2020-11-26,ASSET_B,118.33,1358551,Banking
2020-11-26,ASSET_C,54.02,857484,Consumer
2020-11-26,ASSET_D,24.22,1990842,Materials
2020-11-26,ASSET_E,56.8,1840262,Retail
2020-11-26,VNINDEX,751.66,0,Benchmark
2020-11-27,ASSET_A,130.58,1275137,Technology
2020-11-27,ASSET_B,119.08,1659722,Banking
2020-11-27,ASSET_C,53.97,686322,Consumer
2020-11-27,ASSET_D,24.09,690588,Materials
2020-11-27,ASSET_E,57.19,588722,Retail
2020-11-27,VNINDEX,753.83,0,Benchmark
2020-11-30,ASSET_A,132.49,2062211,Technology
2020-11-30,ASSET_B,120.13,1819132,Banking
2020-11-30,ASSET_C,54.58,2183499,Consumer
2020-11-30,ASSET_D,24.34,2427844,Materials
2020-11-30,ASSET_E,58.05,1664386,Retail
2020-11-30,VNINDEX,759.68,0,Benchmark
2020-12-01,ASSET_A,134.05,2227200,Technology
2020-12-01,ASSET_B,120.86,624848,Banking
2020-12-01,ASSET_C,55.03,1841047,Consumer
2020-12-01,ASSET_D,24.33,634395,Materials
2020-12-01,ASSET_E,57.38,1964685,Retail
2020-12-01,VNINDEX,762.75,0,Benchmark
2020-12-02,ASSET_A,134.62,1255482,Technology
2020-12-02,ASSET_B,120.94,406292,Banking
2020-12-02,ASSET_C,55.69,1613799,Consumer
2020-12-02,ASSET_D,24.21,502851,Materials
2020-12-02,ASSET_E,57.79,2450102,Retail
2020-12-02,VNINDEX,766.32,0,Benchmark
2020-12-03,ASSET_A,136.64,2252378,Technology
2020-12-03,ASSET_B,122.14,980994,Banking
2020-12-03,ASSET_C,55.39,1304678,Consumer
2020-12-03,ASSET_D,24.58,2407133,Materials
2020-12-03,ASSET_E,58.24,1070526,Retail
2020-12-03,VNINDEX,769.42,0,Benchmark
2020-12-04,ASSET_A,138.35,632888,Technology
2020-12-04,ASSET_B,121.46,650409,Banking
2020-12-04,ASSET_C,55.24,1260883,Consumer
2020-12-04,ASSET_D,24.82,868395,Materials
2020-12-04,ASSET_E,58.27,1545346,Retail
2020-12-04,VNINDEX,771.17,0,Benchmark
2020-12-07,ASSET_A,136.93,625468,Technology
2020-12-07,ASSET_B,120.7,1465091,Banking
2020-12-07,ASSET_C,54.98,2362686,Consumer
2020-12-07,ASSET_D,24.16,893048,Materials
2020-12-07,ASSET_E,57.45,1414511,Retail
2020-12-07,VNINDEX,763.13,0,Benchmark
2020-12-08,ASSET_A,136.24,2486431,Technology
2020-12-08,ASSET_B,120.52,2330957,Banking
2020-12-08,ASSET_C,54.26,1828768,Consumer
2020-12-08,ASSET_D,23.89,2067333,Materials
2020-12-08,ASSET_E,57.27,1130589,Retail
2020-12-08,VNINDEX,763.68,0,Benchmark
2020-12-09,ASSET_A,137.29,1606024,Technology
2020-12-09,ASSET_B,119.05,1001355,Banking
2020-12-09,ASSET_C,54.26,2426704,Consumer
2020-12-09,ASSET_D,23.93,1675091,Materials
2020-12-09,ASSET_E,56.97,1743564,Retail
2020-12-09,VNINDEX,761.3,0,Benchmark
2020-12-10,ASSET_A,136.06,1346497,Technology
2020-12-10,ASSET_B,119.01,1352788,Banking
2020-12-10,ASSET_C,54.21,2083163,Consumer
2020-12-10,ASSET_D,23.69,1492099,Materials
2020-12-10,ASSET_E,56.46,1586428,Retail
2020-12-10,VNINDEX,755.65,0,Benchmark
2020-12-11,ASSET_A,137.81,726917,Technology
2020-12-11,ASSET_B,120.56,851492,Banking
2020-12-11,ASSET_C,54.53,2012045,Consumer
2020-12-11,ASSET_D,24.24,2474906,Materials
2020-12-11,ASSET_E,56.83,2149260,Retail
2020-12-11,VNINDEX,763.47,0,Benchmark
2020-12-14,ASSET_A,139.16,1006895,Technology
2020-12-14,ASSET_B,123.61,492351,Banking
2020-12-14,ASSET_C,54.9,1562637,Consumer
2020-12-14,ASSET_D,24.64,581898,Materials
2020-12-14,ASSET_E,57.28,459664,Retail
2020-12-14,VNINDEX,771.59,0,Benchmark
2020-12-15,ASSET_A,139.61,1840871,Technology
2020-12-15,ASSET_B,125.86,1876689,Banking
2020-12-15,ASSET_C,54.98,909239,Consumer
2020-12-15,ASSET_D,24.91,2344023,Materials
2020-12-15,ASSET_E,58.19,866012,Retail
2020-12-15,VNINDEX,778.07,0,Benchmark
2020-12-16,ASSET_A,138.43,2125597,Technology
2020-12-16,ASSET_B,125.55,938436,Banking
2020-12-16,ASSET_C,54.91,1772464,Consumer
2020-12-16,ASSET_D,24.75,962711,Materials
2020-12-16,ASSET_E,57.82,1616454,Retail
2020-12-16,VNINDEX,779.43,0,Benchmark
2020-12-17,ASSET_A,140.39,2324509,Technology
2020-12-17,ASSET_B,126.85,1548698,Banking
2020-12-17,ASSET_C,55.16,1903557,Consumer
2020-12-17,ASSET_D,25.07,1707493,Materials
2020-12-17,ASSET_E,57.62,1604914,Retail
2020-12-17,VNINDEX,785.93,0,Benchmark
2020-12-18,ASSET_A,139.65,1256240,Technology
2020-12-18,ASSET_B,126.99,1834493,Banking
2020-12-18,ASSET_C,54.98,1496136,Consumer
2020-12-18,ASSET_D,24.82,1080525,Materials
2020-12-18,ASSET_E,58.09,2295103,Retail
2020-12-18,VNINDEX,786.16,0,Benchmark
2020-12-21,ASSET_A,142.98,1355015,Technology
2020-12-21,ASSET_B,128.37,2163498,Banking
2020-12-21,ASSET_C,54.83,442885,Consumer
2020-12-21,ASSET_D,25.12,1015499,Materials
2020-12-21,ASSET_E,58.1,1817189,Retail
2020-12-21,VNINDEX,787.29,0,Benchmark
2020-12-22,ASSET_A,140.84,742925,Technology
2020-12-22,ASSET_B,127.65,789702,Banking
2020-12-22,ASSET_C,54.46,2416006,Consumer
2020-12-22,ASSET_D,25.04,1074231,Materials
2020-12-22,ASSET_E,57.61,409093,Retail
2020-12-22,VNINDEX,782.33,0,Benchmark
2020-12-23,ASSET_A,140.0,574473,Technology
2020-12-23,ASSET_B,128.21,1620603,Banking
2020-12-23,ASSET_C,54.5,2135441,Consumer
2020-12-23,ASSET_D,24.94,1573971,Materials
2020-12-23,ASSET_E,57.71,1427188,Retail
2020-12-23,VNINDEX,784.36,0,Benchmark
2020-12-24,ASSET_A,140.6,1319486,Technology
2020-12-24,ASSET_B,128.16,2312605,Banking
2020-12-24,ASSET_C,55.06,1139629,Consumer
2020-12-24,ASSET_D,25.12,2243112,Materials
2020-12-24,ASSET_E,57.82,2175138,Retail
2020-12-24,VNINDEX,784.81,0,Benchmark
2020-12-25,ASSET_A,140.92,1616433,Technology
2020-12-25,ASSET_B,126.86,1415239,Banking
2020-12-25,ASSET_C,54.6,1436598,Consumer
2020-12-25,ASSET_D,25.38,636221,Materials
2020-12-25,ASSET_E,57.21,2233591,Retail
2020-12-25,VNINDEX,778.9,0,Benchmark
2020-12-28,ASSET_A,140.97,619063,Technology
2020-12-28,ASSET_B,127.82,485285,Banking
2020-12-28,ASSET_C,54.69,659068,Consumer
2020-12-28,ASSET_D,25.33,1790276,Materials
2020-12-28,ASSET_E,57.39,2084050,Retail
2020-12-28,VNINDEX,778.83,0,Benchmark
2020-12-29,ASSET_A,141.5,1257885,Technology
2020-12-29,ASSET_B,127.78,948638,Banking
2020-12-29,ASSET_C,54.52,2367153,Consumer
2020-12-29,ASSET_D,25.44,2206492,Materials
2020-12-29,ASSET_E,57.02,1402601,Retail
2020-12-29,VNINDEX,778.63,0,Benchmark
2020-12-30,ASSET_A,141.42,1747282,Technology
2020-12-30,ASSET_B,129.32,2068961,Banking
2020-12-30,ASSET_C,54.86,884320,Consumer
2020-12-30,ASSET_D,25.64,1943326,Materials
2020-12-30,ASSET_E,57.5,622816,Retail
2020-12-30,VNINDEX,787.22,0,Benchmark
2020-12-31,ASSET_A,141.65,2102887,Technology
2020-12-31,ASSET_B,129.83,2063338,Banking
2020-12-31,ASSET_C,54.63,1193296,Consumer
2020-12-31,ASSET_D,25.81,2458299,Materials
2020-12-31,ASSET_E,56.98,847992,Retail
2020-12-31,VNINDEX,791.61,0,Benchmark
2021-01-01,ASSET_A,140.61,2370823,Technology
2021-01-01,ASSET_B,129.46,1060436,Banking
2021-01-01,ASSET_C,54.2,1299956,Consumer
2021-01-01,ASSET_D,25.5,428497,Materials
2021-01-01,ASSET_E,57.43,2178344,Retail
2021-01-01,VNINDEX,791.84,0,Benchmark
2021-01-04,ASSET_A,138.99,1114723,Technology
2021-01-04,ASSET_B,128.68,813429,Banking
2021-01-04,ASSET_C,53.94,952664,Consumer
2021-01-04,ASSET_D,25.55,1161270,Materials
2021-01-04,ASSET_E,57.46,1115309,Retail
2021-01-04,VNINDEX,793.19,0,Benchmark
2021-01-05,ASSET_A,139.18,1222626,Technology
2021-01-05,ASSET_B,128.2,1012719,Banking
2021-01-05,ASSET_C,54.01,1732841,Consumer
2021-01-05,ASSET_D,25.57,1297775,Materials
2021-01-05,ASSET_E,57.74,2003445,Retail
2021-01-05,VNINDEX,793.58,0,Benchmark
2021-01-06,ASSET_A,136.81,2237284,Technology
2021-01-06,ASSET_B,129.16,908679,Banking
2021-01-06,ASSET_C,54.27,2489618,Consumer
2021-01-06,ASSET_D,25.92,1524798,Materials
2021-01-06,ASSET_E,57.86,475995,Retail
2021-01-06,VNINDEX,792.79,0,Benchmark
2021-01-07,ASSET_A,134.55,1855867,Technology
2021-01-07,ASSET_B,127.96,1956032,Banking
2021-01-07,ASSET_C,53.48,2196032,Consumer
2021-01-07,ASSET_D,25.38,1067423,Materials
2021-01-07,ASSET_E,57.73,1431197,Retail
2021-01-07,VNINDEX,787.85,0,Benchmark
2021-01-08,ASSET_A,133.93,974770,Technology
2021-01-08,ASSET_B,128.38,2167336,Banking
2021-01-08,ASSET_C,53.3,1514423,Consumer
2021-01-08,ASSET_D,25.3,931702,Materials
2021-01-08,ASSET_E,57.69,2395807,Retail
2021-01-08,VNINDEX,787.31,0,Benchmark
2021-01-11,ASSET_A,132.49,1838798,Technology
2021-01-11,ASSET_B,125.83,497861,Banking
2021-01-11,ASSET_C,52.73,675026,Consumer
2021-01-11,ASSET_D,25.46,2189043,Materials
2021-01-11,ASSET_E,57.6,914949,Retail
2021-01-11,VNINDEX,783.97,0,Benchmark
2021-01-12,ASSET_A,131.76,730787,Technology
2021-01-12,ASSET_B,125.06,1956504,Banking
2021-01-12,ASSET_C,52.34,2212683,Consumer
2021-01-12,ASSET_D,25.21,888462,Materials
2021-01-12,ASSET_E,56.85,464103,Retail
2021-01-12,VNINDEX,778.3,0,Benchmark
2021-01-13,ASSET_A,132.55,1342986,Technology
2021-01-13,ASSET_B,125.48,1980160,Banking
2021-01-13,ASSET_C,52.78,939155,Consumer
2021-01-13,ASSET_D,25.26,2403126,Materials
2021-01-13,ASSET_E,56.59,1005010,Retail
2021-01-13,VNINDEX,780.86,0,Benchmark
2021-01-14,ASSET_A,133.79,1043608,Technology
2021-01-14,ASSET_B,125.54,1687034,Banking
2021-01-14,ASSET_C,52.77,2313220,Consumer
2021-01-14,ASSET_D,25.16,477789,Materials
2021-01-14,ASSET_E,56.69,532375,Retail
2021-01-14,VNINDEX,782.86,0,Benchmark
2021-01-15,ASSET_A,132.9,2484545,Technology
2021-01-15,ASSET_B,123.98,2229717,Banking
2021-01-15,ASSET_C,52.29,1230404,Consumer
2021-01-15,ASSET_D,24.7,1289015,Materials
2021-01-15,ASSET_E,55.88,1685777,Retail
2021-01-15,VNINDEX,774.7,0,Benchmark
2021-01-18,ASSET_A,133.91,473323,Technology
2021-01-18,ASSET_B,123.54,481733,Banking
2021-01-18,ASSET_C,52.66,1488784,Consumer
2021-01-18,ASSET_D,24.32,1679717,Materials
2021-01-18,ASSET_E,56.38,802701,Retail
2021-01-18,VNINDEX,774.3,0,Benchmark
2021-01-19,ASSET_A,134.87,2199208,Technology
2021-01-19,ASSET_B,122.99,1869479,Banking
2021-01-19,ASSET_C,53.07,1317050,Consumer
2021-01-19,ASSET_D,24.35,2443427,Materials
2021-01-19,ASSET_E,56.85,917238,Retail
2021-01-19,VNINDEX,779.11,0,Benchmark
2021-01-20,ASSET_A,136.19,990616,Technology
2021-01-20,ASSET_B,124.72,667240,Banking
2021-01-20,ASSET_C,53.15,1356999,Consumer
2021-01-20,ASSET_D,24.33,2005608,Materials
2021-01-20,ASSET_E,56.94,1634121,Retail
2021-01-20,VNINDEX,784.24,0,Benchmark
2021-01-21,ASSET_A,137.69,476069,Technology
2021-01-21,ASSET_B,125.94,2283712,Banking
2021-01-21,ASSET_C,53.49,746456,Consumer
2021-01-21,ASSET_D,24.51,430154,Materials
2021-01-21,ASSET_E,57.18,1083246,Retail
2021-01-21,VNINDEX,789.25,0,Benchmark
2021-01-22,ASSET_A,137.9,1786247,Technology
2021-01-22,ASSET_B,125.78,1449910,Banking
2021-01-22,ASSET_C,53.28,1561060,Consumer
2021-01-22,ASSET_D,24.37,1971990,Materials
2021-01-22,ASSET_E,57.25,1766086,Retail
2021-01-22,VNINDEX,789.61,0,Benchmark
2021-01-25,ASSET_A,136.75,1823870,Technology
2021-01-25,ASSET_B,124.28,590813,Banking
2021-01-25,ASSET_C,53.17,1246239,Consumer
2021-01-25,ASSET_D,24.15,1084010,Materials
2021-01-25,ASSET_E,56.97,2354760,Retail
2021-01-25,VNINDEX,785.79,0,Benchmark
2021-01-26,ASSET_A,135.44,698794,Technology
2021-01-26,ASSET_B,122.21,1967311,Banking
2021-01-26,ASSET_C,53.03,2180252,Consumer
2021-01-26,ASSET_D,23.9,2205773,Materials
2021-01-26,ASSET_E,56.73,2355691,Retail
2021-01-26,VNINDEX,780.87,0,Benchmark
2021-01-27,ASSET_A,135.0,480483,Technology
2021-01-27,ASSET_B,122.74,1973359,Banking
2021-01-27,ASSET_C,52.76,1402162,Consumer
2021-01-27,ASSET_D,23.95,2027355,Materials
2021-01-27,ASSET_E,56.88,1931590,Retail
2021-01-27,VNINDEX,782.66,0,Benchmark
2021-01-28,ASSET_A,135.8,633866,Technology
2021-01-28,ASSET_B,124.31,1374611,Banking
2021-01-28,ASSET_C,52.92,2425786,Consumer
2021-01-28,ASSET_D,23.91,803099,Materials
2021-01-28,ASSET_E,56.5,2434293,Retail
2021-01-28,VNINDEX,784.61,0,Benchmark
2021-01-29,ASSET_A,136.95,1258626,Technology
2021-01-29,ASSET_B,125.75,1051888,Banking
2021-01-29,ASSET_C,53.24,1022999,Consumer
2021-01-29,ASSET_D,23.9,1156209,Materials
2021-01-29,ASSET_E,56.13,1945755,Retail
2021-01-29,VNINDEX,790.88,0,Benchmark
2021-02-01,ASSET_A,137.38,678009,Technology
2021-02-01,ASSET_B,125.84,436315,Banking
2021-02-01,ASSET_C,53.71,1089476,Consumer
2021-02-01,ASSET_D,24.09,2124305,Materials
2021-02-01,ASSET_E,56.36,542514,Retail
2021-02-01,VNINDEX,796.3,0,Benchmark
2021-02-02,ASSET_A,136.64,1876390,Technology
2021-02-02,ASSET_B,125.92,2306722,Banking
2021-02-02,ASSET_C,53.92,477122,Consumer
2021-02-02,ASSET_D,24.29,2334020,Materials
2021-02-02,ASSET_E,56.54,2407466,Retail
2021-02-02,VNINDEX,795.84,0,Benchmark
2021-02-03,ASSET_A,134.33,562858,Technology
2021-02-03,ASSET_B,124.69,786966,Banking
2021-02-03,ASSET_C,53.72,1951123,Consumer
2021-02-03,ASSET_D,24.13,1667615,Materials
2021-02-03,ASSET_E,56.01,1590289,Retail
2021-02-03,VNINDEX,790.08,0,Benchmark
2021-02-04,ASSET_A,135.01,2056724,Technology
2021-02-04,ASSET_B,125.05,2169654,Banking
2021-02-04,ASSET_C,53.55,554288,Consumer
2021-02-04,ASSET_D,23.97,858776,Materials
2021-02-04,ASSET_E,56.38,412167,Retail
2021-02-04,VNINDEX,788.74,0,Benchmark
2021-02-05,ASSET_A,135.32,2236734,Technology
2021-02-05,ASSET_B,125.75,1636410,Banking
2021-02-05,ASSET_C,53.89,999286,Consumer
2021-02-05,ASSET_D,23.98,1218128,Materials
2021-02-05,ASSET_E,56.44,1703081,Retail
2021-02-05,VNINDEX,789.94,0,Benchmark
2021-02-08,ASSET_A,134.33,1905387,Technology
2021-02-08,ASSET_B,123.4,1838926,Banking
2021-02-08,ASSET_C,53.6,2312159,Consumer
2021-02-08,ASSET_D,23.56,2070900,Materials
2021-02-08,ASSET_E,56.89,913420,Retail
2021-02-08,VNINDEX,789.16,0,Benchmark
2021-02-09,ASSET_A,134.61,2382641,Technology
2021-02-09,ASSET_B,123.27,1857855,Banking
2021-02-09,ASSET_C,53.08,1683001,Consumer
2021-02-09,ASSET_D,23.45,1656597,Materials
2021-02-09,ASSET_E,57.15,1522267,Retail
2021-02-09,VNINDEX,786.59,0,Benchmark
2021-02-10,ASSET_A,134.34,2372384,Technology
2021-02-10,ASSET_B,122.82,2201989,Banking
2021-02-10,ASSET_C,52.27,1573436,Consumer
2021-02-10,ASSET_D,23.41,823574,Materials
2021-02-10,ASSET_E,57.64,1781745,Retail
2021-02-10,VNINDEX,787.96,0,Benchmark
2021-02-11,ASSET_A,132.55,497778,Technology
2021-02-11,ASSET_B,121.35,470199,Banking
2021-02-11,ASSET_C,52.13,2090058,Consumer
2021-02-11,ASSET_D,23.17,999782,Materials
2021-02-11,ASSET_E,57.03,458330,Retail
2021-02-11,VNINDEX,785.74,0,Benchmark
2021-02-12,ASSET_A,132.98,1118120,Technology
2021-02-12,ASSET_B,120.65,2481485,Banking
2021-02-12,ASSET_C,51.75,2020135,Consumer
2021-02-12,ASSET_D,22.94,813920,Materials
2021-02-12,ASSET_E,56.84,1320370,Retail
2021-02-12,VNINDEX,782.94,0,Benchmark
2021-02-15,ASSET_A,132.79,1996150,Technology
2021-02-15,ASSET_B,121.28,490996,Banking
2021-02-15,ASSET_C,51.95,2261621,Consumer
2021-02-15,ASSET_D,22.91,1385209,Materials
2021-02-15,ASSET_E,57.42,516568,Retail
2021-02-15,VNINDEX,784.59,0,Benchmark
2021-02-16,ASSET_A,132.06,1113243,Technology
2021-02-16,ASSET_B,119.76,2498033,Banking
2021-02-16,ASSET_C,51.32,1797075,Consumer
2021-02-16,ASSET_D,23.05,1336073,Materials
2021-02-16,ASSET_E,57.4,636890,Retail
2021-02-16,VNINDEX,782.86,0,Benchmark
2021-02-17,ASSET_A,132.36,1948018,Technology
2021-02-17,ASSET_B,120.53,948751,Banking
2021-02-17,ASSET_C,51.22,1342303,Consumer
2021-02-17,ASSET_D,23.3,1537732,Materials
2021-02-17,ASSET_E,57.7,843764,Retail
2021-02-17,VNINDEX,784.19,0,Benchmark
2021-02-18,ASSET_A,133.75,2026032,Technology
2021-02-18,ASSET_B,121.37,2176286,Banking
2021-02-18,ASSET_C,51.43,674389,Consumer
2021-02-18,ASSET_D,23.16,2384375,Materials
2021-02-18,ASSET_E,57.28,2040590,Retail
2021-02-18,VNINDEX,785.66,0,Benchmark
2021-02-19,ASSET_A,132.74,2493509,Technology
2021-02-19,ASSET_B,120.35,575353,Banking
2021-02-19,ASSET_C,50.86,1176486,Consumer
2021-02-19,ASSET_D,22.9,1768174,Materials
2021-02-19,ASSET_E,57.64,1267575,Retail
2021-02-19,VNINDEX,780.42,0,Benchmark
2021-02-22,ASSET_A,131.19,1092721,Technology
2021-02-22,ASSET_B,119.32,1367939,Banking
2021-02-22,ASSET_C,50.85,1881012,Consumer
2021-02-22,ASSET_D,22.75,1629455,Materials
2021-02-22,ASSET_E,57.19,498852,Retail
2021-02-22,VNINDEX,778.32,0,Benchmark
2021-02-23,ASSET_A,133.07,1130528,Technology
2021-02-23,ASSET_B,120.01,1538087,Banking
2021-02-23,ASSET_C,51.09,932248,Consumer
2021-02-23,ASSET_D,23.12,1169089,Materials
2021-02-23,ASSET_E,56.93,1968865,Retail
2021-02-23,VNINDEX,785.31,0,Benchmark
2021-02-24,ASSET_A,131.56,450974,Technology
2021-02-24,ASSET_B,119.68,2404082,Banking
2021-02-24,ASSET_C,50.78,1809046,Consumer
2021-02-24,ASSET_D,22.98,1733569,Materials
2021-02-24,ASSET_E,56.43,1542087,Retail
2021-02-24,VNINDEX,779.97,0,Benchmark
2021-02-25,ASSET_A,131.45,999568,Technology
2021-02-25,ASSET_B,116.68,659774,Banking
2021-02-25,ASSET_C,50.4,680176,Consumer
2021-02-25,ASSET_D,22.69,2406311,Materials
2021-02-25,ASSET_E,54.86,697385,Retail
2021-02-25,VNINDEX,770.17,0,Benchmark
2021-02-26,ASSET_A,129.78,989111,Technology
2021-02-26,ASSET_B,115.74,476609,Banking
2021-02-26,ASSET_C,50.18,526872,Consumer
2021-02-26,ASSET_D,22.53,420438,Materials
2021-02-26,ASSET_E,53.9,1581175,Retail
2021-02-26,VNINDEX,761.67,0,Benchmark
2021-03-01,ASSET_A,127.75,1351472,Technology
2021-03-01,ASSET_B,115.68,1761260,Banking
2021-03-01,ASSET_C,50.22,1166326,Consumer
2021-03-01,ASSET_D,22.43,1134537,Materials
2021-03-01,ASSET_E,54.84,922399,Retail
2021-03-01,VNINDEX,761.98,0,Benchmark
2021-03-02,ASSET_A,128.14,1284478,Technology
2021-03-02,ASSET_B,115.68,503411,Banking
2021-03-02,ASSET_C,50.02,882743,Consumer
2021-03-02,ASSET_D,22.69,518891,Materials
2021-03-02,ASSET_E,54.72,1735518,Retail
2021-03-02,VNINDEX,762.29,0,Benchmark
2021-03-03,ASSET_A,129.9,2198807,Technology
2021-03-03,ASSET_B,114.43,2032173,Banking
2021-03-03,ASSET_C,49.88,2231153,Consumer
2021-03-03,ASSET_D,22.68,827813,Materials
2021-03-03,ASSET_E,54.18,2389924,Retail
2021-03-03,VNINDEX,761.91,0,Benchmark
2021-03-04,ASSET_A,132.56,2024959,Technology
2021-03-04,ASSET_B,115.47,480486,Banking
2021-03-04,ASSET_C,50.37,1194373,Consumer
2021-03-04,ASSET_D,22.7,540561,Materials
2021-03-04,ASSET_E,54.58,1062815,Retail
2021-03-04,VNINDEX,767.74,0,Benchmark
2021-03-05,ASSET_A,131.88,1930046,Technology
2021-03-05,ASSET_B,113.49,2438084,Banking
2021-03-05,ASSET_C,49.42,1279499,Consumer
2021-03-05,ASSET_D,22.28,1643855,Materials
2021-03-05,ASSET_E,53.44,1965448,Retail
2021-03-05,VNINDEX,755.49,0,Benchmark
2021-03-08,ASSET_A,131.29,410946,Technology
2021-03-08,ASSET_B,112.98,1518690,Banking
2021-03-08,ASSET_C,49.48,1247358,Consumer
2021-03-08,ASSET_D,22.57,2121248,Materials
2021-03-08,ASSET_E,53.88,449561,Retail
2021-03-08,VNINDEX,757.48,0,Benchmark
2021-03-09,ASSET_A,133.67,1390410,Technology
2021-03-09,ASSET_B,114.76,2391654,Banking
2021-03-09,ASSET_C,49.79,1066315,Consumer
2021-03-09,ASSET_D,22.72,2374548,Materials
2021-03-09,ASSET_E,54.06,1254999,Retail
2021-03-09,VNINDEX,764.91,0,Benchmark
2021-03-10,ASSET_A,131.94,1932157,Technology
2021-03-10,ASSET_B,113.83,665958,Banking
2021-03-10,ASSET_C,49.49,2327222,Consumer
2021-03-10,ASSET_D,22.74,897389,Materials
2021-03-10,ASSET_E,53.82,2266864,Retail
2021-03-10,VNINDEX,759.82,0,Benchmark
2021-03-11,ASSET_A,131.84,913581,Technology
2021-03-11,ASSET_B,113.08,974066,Banking
2021-03-11,ASSET_C,49.13,1952177,Consumer
2021-03-11,ASSET_D,22.57,1868756,Materials
2021-03-11,ASSET_E,53.3,556677,Retail
2021-03-11,VNINDEX,758.22,0,Benchmark
2021-03-12,ASSET_A,129.96,1292188,Technology
2021-03-12,ASSET_B,113.02,1355254,Banking
2021-03-12,ASSET_C,48.47,733578,Consumer
2021-03-12,ASSET_D,22.33,1090560,Materials
2021-03-12,ASSET_E,54.0,2351330,Retail
2021-03-12,VNINDEX,754.9,0,Benchmark
2021-03-15,ASSET_A,128.56,1926733,Technology
2021-03-15,ASSET_B,110.77,461760,Banking
2021-03-15,ASSET_C,48.39,852727,Consumer
2021-03-15,ASSET_D,22.33,1063178,Materials
2021-03-15,ASSET_E,53.92,596639,Retail
2021-03-15,VNINDEX,750.93,0,Benchmark
2021-03-16,ASSET_A,127.66,2068533,Technology
2021-03-16,ASSET_B,110.75,616148,Banking
2021-03-16,ASSET_C,48.56,570116,Consumer
2021-03-16,ASSET_D,22.12,1680900,Materials
2021-03-16,ASSET_E,53.77,1412176,Retail
2021-03-16,VNINDEX,749.59,0,Benchmark
2021-03-17,ASSET_A,129.85,2194506,Technology
2021-03-17,ASSET_B,113.15,1091765,Banking
2021-03-17,ASSET_C,48.47,938202,Consumer
2021-03-17,ASSET_D,22.49,1825903,Materials
2021-03-17,ASSET_E,54.13,780192,Retail
2021-03-17,VNINDEX,756.37,0,Benchmark
2021-03-18,ASSET_A,132.36,1302606,Technology
2021-03-18,ASSET_B,115.85,1947791,Banking
2021-03-18,ASSET_C,49.04,1778805,Consumer
2021-03-18,ASSET_D,22.83,1626304,Materials
2021-03-18,ASSET_E,54.52,443344,Retail
2021-03-18,VNINDEX,765.14,0,Benchmark
2021-03-19,ASSET_A,132.35,1239897,Technology
2021-03-19,ASSET_B,115.85,1887808,Banking
2021-03-19,ASSET_C,49.25,2365408,Consumer
2021-03-19,ASSET_D,22.62,609502,Materials
2021-03-19,ASSET_E,54.15,1133508,Retail
2021-03-19,VNINDEX,763.72,0,Benchmark
2021-03-22,ASSET_A,132.85,1203685,Technology
2021-03-22,ASSET_B,117.45,582298,Banking
2021-03-22,ASSET_C,49.91,1411441,Consumer
2021-03-22,ASSET_D,22.89,1262111,Materials
2021-03-22,ASSET_E,54.48,1619829,Retail
2021-03-22,VNINDEX,772.92,0,Benchmark
2021-03-23,ASSET_A,132.61,1804029,Technology
2021-03-23,ASSET_B,117.07,525582,Banking
2021-03-23,ASSET_C,49.82,571338,Consumer
2021-03-23,ASSET_D,22.79,999956,Materials
2021-03-23,ASSET_E,55.12,1916993,Retail
2021-03-23,VNINDEX,773.26,0,Benchmark
2021-03-24,ASSET_A,133.57,1281052,Technology
2021-03-24,ASSET_B,118.54,1777662,Banking
2021-03-24,ASSET_C,50.04,499507,Consumer
2021-03-24,ASSET_D,23.13,409030,Materials
2021-03-24,ASSET_E,55.5,1063452,Retail
2021-03-24,VNINDEX,781.86,0,Benchmark
2021-03-25,ASSET_A,134.38,1240445,Technology
2021-03-25,ASSET_B,118.88,1155396,Banking
2021-03-25,ASSET_C,50.04,1270725,Consumer
2021-03-25,ASSET_D,23.49,485342,Materials
2021-03-25,ASSET_E,54.69,1434088,Retail
2021-03-25,VNINDEX,781.58,0,Benchmark
2021-03-26,ASSET_A,135.72,753381,Technology
2021-03-26,ASSET_B,118.46,2063457,Banking
2021-03-26,ASSET_C,50.15,955845,Consumer
2021-03-26,ASSET_D,23.44,1344165,Materials
2021-03-26,ASSET_E,54.31,783219,Retail
2021-03-26,VNINDEX,782.39,0,Benchmark
2021-03-29,ASSET_A,137.18,1404836,Technology
2021-03-29,ASSET_B,119.39,1025872,Banking
2021-03-29,ASSET_C,50.29,1611177,Consumer
2021-03-29,ASSET_D,23.61,610913,Materials
2021-03-29,ASSET_E,54.78,1932165,Retail
2021-03-29,VNINDEX,784.33,0,Benchmark
2021-03-30,ASSET_A,139.58,898305,Technology
2021-03-30,ASSET_B,124.13,1161945,Banking
2021-03-30,ASSET_C,51.1,648404,Consumer
2021-03-30,ASSET_D,24.11,1951653,Materials
2021-03-30,ASSET_E,55.74,754800,Retail
2021-03-30,VNINDEX,800.14,0,Benchmark
2021-03-31,ASSET_A,137.63,1502311,Technology
2021-03-31,ASSET_B,124.97,860625,Banking
2021-03-31,ASSET_C,51.04,883547,Consumer
2021-03-31,ASSET_D,24.26,518151,Materials
2021-03-31,ASSET_E,55.98,2208172,Retail
2021-03-31,VNINDEX,804.57,0,Benchmark
2021-04-01,ASSET_A,135.18,2266190,Technology
2021-04-01,ASSET_B,123.28,959653,Banking
2021-04-01,ASSET_C,50.97,1567257,Consumer
2021-04-01,ASSET_D,24.12,894002,Materials
2021-04-01,ASSET_E,56.2,776436,Retail
2021-04-01,VNINDEX,801.21,0,Benchmark
2021-04-02,ASSET_A,137.61,2029024,Technology
2021-04-02,ASSET_B,123.27,1882874,Banking
2021-04-02,ASSET_C,51.37,990126,Consumer
2021-04-02,ASSET_D,24.1,2469930,Materials
2021-04-02,ASSET_E,56.24,1794528,Retail
2021-04-02,VNINDEX,806.24,0,Benchmark
2021-04-05,ASSET_A,136.88,1403914,Technology
2021-04-05,ASSET_B,123.53,1389592,Banking
2021-04-05,ASSET_C,51.34,1165881,Consumer
2021-04-05,ASSET_D,24.12,1887551,Materials
2021-04-05,ASSET_E,56.37,1094766,Retail
2021-04-05,VNINDEX,804.6,0,Benchmark
2021-04-06,ASSET_A,135.67,2452762,Technology
2021-04-06,ASSET_B,123.03,1784103,Banking
2021-04-06,ASSET_C,51.25,865875,Consumer
2021-04-06,ASSET_D,23.99,1570520,Materials
2021-04-06,ASSET_E,55.96,2492652,Retail
2021-04-06,VNINDEX,802.32,0,Benchmark
2021-04-07,ASSET_A,138.28,2458473,Technology
2021-04-07,ASSET_B,124.65,565172,Banking
2021-04-07,ASSET_C,51.98,508165,Consumer
2021-04-07,ASSET_D,23.95,431820,Materials
2021-04-07,ASSET_E,56.5,989302,Retail
2021-04-07,VNINDEX,807.07,0,Benchmark
2021-04-08,ASSET_A,139.66,1333168,Technology
2021-04-08,ASSET_B,124.31,1524537,Banking
2021-04-08,ASSET_C,51.82,1124889,Consumer
2021-04-08,ASSET_D,24.17,491731,Materials
2021-04-08,ASSET_E,56.37,2392330,Retail
2021-04-08,VNINDEX,807.4,0,Benchmark
2021-04-09,ASSET_A,140.0,2003356,Technology
2021-04-09,ASSET_B,125.26,1363155,Banking
2021-04-09,ASSET_C,52.27,1092415,Consumer
2021-04-09,ASSET_D,24.24,2306816,Materials
2021-04-09,ASSET_E,56.38,2156492,Retail
2021-04-09,VNINDEX,808.99,0,Benchmark
2021-04-12,ASSET_A,139.75,1118861,Technology
2021-04-12,ASSET_B,125.19,2312626,Banking
2021-04-12,ASSET_C,52.08,2286862,Consumer
2021-04-12,ASSET_D,24.2,2078685,Materials
2021-04-12,ASSET_E,56.72,1382724,Retail
2021-04-12,VNINDEX,809.24,0,Benchmark
2021-04-13,ASSET_A,139.98,2245154,Technology
2021-04-13,ASSET_B,125.01,1289310,Banking
2021-04-13,ASSET_C,52.5,2274710,Consumer
2021-04-13,ASSET_D,24.54,2395082,Materials
2021-04-13,ASSET_E,57.13,1440160,Retail
2021-04-13,VNINDEX,811.13,0,Benchmark
2021-04-14,ASSET_A,140.69,1184541,Technology
2021-04-14,ASSET_B,125.17,616591,Banking
2021-04-14,ASSET_C,52.98,1306333,Consumer
2021-04-14,ASSET_D,24.23,2097069,Materials
2021-04-14,ASSET_E,57.23,1142956,Retail
2021-04-14,VNINDEX,813.48,0,Benchmark
2021-04-15,ASSET_A,140.45,942389,Technology
2021-04-15,ASSET_B,122.33,1864066,Banking
2021-04-15,ASSET_C,52.36,1004765,Consumer
2021-04-15,ASSET_D,24.19,405169,Materials
2021-04-15,ASSET_E,56.4,1298059,Retail
2021-04-15,VNINDEX,803.79,0,Benchmark
2021-04-16,ASSET_A,141.61,681167,Technology
2021-04-16,ASSET_B,124.55,714347,Banking
2021-04-16,ASSET_C,53.04,1277440,Consumer
2021-04-16,ASSET_D,24.12,2091687,Materials
2021-04-16,ASSET_E,57.26,1378578,Retail
2021-04-16,VNINDEX,807.36,0,Benchmark
2021-04-19,ASSET_A,141.42,2169538,Technology
2021-04-19,ASSET_B,123.51,2309047,Banking
2021-04-19,ASSET_C,52.91,1676583,Consumer
2021-04-19,ASSET_D,24.01,1361418,Materials
2021-04-19,ASSET_E,57.17,706250,Retail
2021-04-19,VNINDEX,802.54,0,Benchmark
2021-04-20,ASSET_A,141.22,1023571,Technology
2021-04-20,ASSET_B,122.58,1205244,Banking
2021-04-20,ASSET_C,52.26,1211819,Consumer
2021-04-20,ASSET_D,23.67,1853935,Materials
2021-04-20,ASSET_E,56.53,1078092,Retail
2021-04-20,VNINDEX,795.42,0,Benchmark
2021-04-21,ASSET_A,139.95,2107970,Technology
2021-04-21,ASSET_B,122.15,2047522,Banking
2021-04-21,ASSET_C,52.14,1987910,Consumer
2021-04-21,ASSET_D,23.48,1269026,Materials
2021-04-21,ASSET_E,56.27,2239370,Retail
2021-04-21,VNINDEX,795.3,0,Benchmark
2021-04-22,ASSET_A,140.87,581539,Technology
2021-04-22,ASSET_B,121.47,1777352,Banking
2021-04-22,ASSET_C,52.5,2424643,Consumer
2021-04-22,ASSET_D,23.76,1914118,Materials
2021-04-22,ASSET_E,56.71,2455702,Retail
2021-04-22,VNINDEX,795.9,0,Benchmark
2021-04-23,ASSET_A,139.88,1451855,Technology
2021-04-23,ASSET_B,120.64,1376230,Banking
2021-04-23,ASSET_C,52.58,1247026,Consumer
2021-04-23,ASSET_D,24.04,2167955,Materials
2021-04-23,ASSET_E,56.53,515126,Retail
2021-04-23,VNINDEX,792.57,0,Benchmark
2021-04-26,ASSET_A,138.1,1298577,Technology
2021-04-26,ASSET_B,122.34,1626566,Banking
2021-04-26,ASSET_C,52.52,646328,Consumer
2021-04-26,ASSET_D,24.14,2446485,Materials
2021-04-26,ASSET_E,56.76,1937898,Retail
2021-04-26,VNINDEX,796.95,0,Benchmark
2021-04-27,ASSET_A,134.59,1321520,Technology
2021-04-27,ASSET_B,120.63,783706,Banking
2021-04-27,ASSET_C,52.11,653706,Consumer
2021-04-27,ASSET_D,24.0,1535515,Materials
2021-04-27,ASSET_E,56.36,903015,Retail
2021-04-27,VNINDEX,790.34,0,Benchmark
2021-04-28,ASSET_A,133.18,751450,Technology
2021-04-28,ASSET_B,119.6,555489,Banking
2021-04-28,ASSET_C,52.06,2230938,Consumer
2021-04-28,ASSET_D,23.95,985920,Materials
2021-04-28,ASSET_E,56.36,1773155,Retail
2021-04-28,VNINDEX,788.46,0,Benchmark
2021-04-29,ASSET_A,133.18,555117,Technology
2021-04-29,ASSET_B,119.17,2009222,Banking
2021-04-29,ASSET_C,51.76,1273801,Consumer
2021-04-29,ASSET_D,24.22,1683867,Materials
2021-04-29,ASSET_E,56.15,1705091,Retail
2021-04-29,VNINDEX,785.69,0,Benchmark
2021-04-30,ASSET_A,133.29,1127454,Technology
2021-04-30,ASSET_B,119.54,2412692,Banking
2021-04-30,ASSET_C,52.44,1087038,Consumer
2021-04-30,ASSET_D,23.78,1449704,Materials
2021-04-30,ASSET_E,56.62,2245664,Retail
2021-04-30,VNINDEX,785.63,0,Benchmark
2021-05-03,ASSET_A,133.78,1387489,Technology
2021-05-03,ASSET_B,121.09,2210029,Banking
2021-05-03,ASSET_C,52.6,1700735,Consumer
2021-05-03,ASSET_D,23.91,825262,Materials
2021-05-03,ASSET_E,57.23,1874856,Retail
2021-05-03,VNINDEX,787.21,0,Benchmark
2021-05-04,ASSET_A,134.83,2066513,Technology
2021-05-04,ASSET_B,120.38,1040636,Banking
2021-05-04,ASSET_C,52.3,2408674,Consumer
2021-05-04,ASSET_D,23.6,1921576,Materials
2021-05-04,ASSET_E,57.1,2129588,Retail
2021-05-04,VNINDEX,782.3,0,Benchmark
2021-05-05,ASSET_A,134.27,1371154,Technology
2021-05-05,ASSET_B,121.63,1151857,Banking
2021-05-05,ASSET_C,52.87,1291772,Consumer
2021-05-05,ASSET_D,23.24,561835,Materials
2021-05-05,ASSET_E,57.92,2082428,Retail
2021-05-05,VNINDEX,786.13,0,Benchmark
2021-05-06,ASSET_A,134.34,916448,Technology
2021-05-06,ASSET_B,122.29,1153842,Banking
2021-05-06,ASSET_C,52.79,1061977,Consumer
2021-05-06,ASSET_D,23.18,1246663,Materials
2021-05-06,ASSET_E,57.96,1759514,Retail
2021-05-06,VNINDEX,786.62,0,Benchmark
2021-05-07,ASSET_A,132.81,951228,Technology
2021-05-07,ASSET_B,119.52,1875368,Banking
2021-05-07,ASSET_C,52.55,2211713,Consumer
2021-05-07,ASSET_D,23.26,1853895,Materials
2021-05-07,ASSET_E,57.58,1261611,Retail
2021-05-07,VNINDEX,777.25,0,Benchmark
2021-05-10,ASSET_A,130.18,1684978,Technology
2021-05-10,ASSET_B,116.89,1709622,Banking
2021-05-10,ASSET_C,51.52,574036,Consumer
2021-05-10,ASSET_D,22.83,2334212,Materials
2021-05-10,ASSET_E,57.31,1107902,Retail
2021-05-10,VNINDEX,767.64,0,Benchmark
2021-05-11,ASSET_A,130.23,1314880,Technology
2021-05-11,ASSET_B,116.11,2072602,Banking
2021-05-11,ASSET_C,51.39,2172967,Consumer
2021-05-11,ASSET_D,22.99,1703419,Materials
2021-05-11,ASSET_E,57.73,1128154,Retail
2021-05-11,VNINDEX,767.75,0,Benchmark
2021-05-12,ASSET_A,128.45,2292480,Technology
2021-05-12,ASSET_B,114.96,2384847,Banking
2021-05-12,ASSET_C,51.64,1492087,Consumer
2021-05-12,ASSET_D,23.21,2456452,Materials
2021-05-12,ASSET_E,58.03,1153185,Retail
2021-05-12,VNINDEX,766.82,0,Benchmark
2021-05-13,ASSET_A,129.79,1323519,Technology
2021-05-13,ASSET_B,115.47,1224001,Banking
2021-05-13,ASSET_C,52.08,442335,Consumer
2021-05-13,ASSET_D,23.19,2147890,Materials
2021-05-13,ASSET_E,58.27,1005958,Retail
2021-05-13,VNINDEX,766.48,0,Benchmark
2021-05-14,ASSET_A,129.11,1590551,Technology
2021-05-14,ASSET_B,115.69,1791645,Banking
2021-05-14,ASSET_C,51.86,878517,Consumer
2021-05-14,ASSET_D,23.22,895943,Materials
2021-05-14,ASSET_E,59.08,1052495,Retail
2021-05-14,VNINDEX,766.51,0,Benchmark
2021-05-17,ASSET_A,131.43,534199,Technology
2021-05-17,ASSET_B,116.0,1450881,Banking
2021-05-17,ASSET_C,51.67,1826371,Consumer
2021-05-17,ASSET_D,22.91,2173835,Materials
2021-05-17,ASSET_E,58.95,1592998,Retail
2021-05-17,VNINDEX,767.8,0,Benchmark
2021-05-18,ASSET_A,132.37,806964,Technology
2021-05-18,ASSET_B,115.05,2405023,Banking
2021-05-18,ASSET_C,52.12,1981278,Consumer
2021-05-18,ASSET_D,22.92,1105942,Materials
2021-05-18,ASSET_E,59.25,967363,Retail
2021-05-18,VNINDEX,772.73,0,Benchmark
2021-05-19,ASSET_A,132.36,2185350,Technology
2021-05-19,ASSET_B,115.51,1143415,Banking
2021-05-19,ASSET_C,51.62,810807,Consumer
2021-05-19,ASSET_D,22.93,1725174,Materials
2021-05-19,ASSET_E,58.76,1132134,Retail
2021-05-19,VNINDEX,767.31,0,Benchmark
2021-05-20,ASSET_A,131.17,1124009,Technology
2021-05-20,ASSET_B,113.75,793941,Banking
2021-05-20,ASSET_C,51.22,1780341,Consumer
2021-05-20,ASSET_D,22.77,821721,Materials
2021-05-20,ASSET_E,58.19,1889080,Retail
2021-05-20,VNINDEX,761.61,0,Benchmark
2021-05-21,ASSET_A,130.1,1284125,Technology
2021-05-21,ASSET_B,114.22,1195560,Banking
2021-05-21,ASSET_C,51.17,2477461,Consumer
2021-05-21,ASSET_D,22.68,1530558,Materials
2021-05-21,ASSET_E,57.0,1088997,Retail
2021-05-21,VNINDEX,756.34,0,Benchmark
2021-05-24,ASSET_A,129.82,1639775,Technology
2021-05-24,ASSET_B,113.47,1699500,Banking
2021-05-24,ASSET_C,51.11,1841585,Consumer
2021-05-24,ASSET_D,22.75,1826888,Materials
2021-05-24,ASSET_E,57.68,623771,Retail
2021-05-24,VNINDEX,757.94,0,Benchmark
2021-05-25,ASSET_A,131.2,521498,Technology
2021-05-25,ASSET_B,114.12,2402063,Banking
2021-05-25,ASSET_C,50.9,1875142,Consumer
2021-05-25,ASSET_D,23.41,2319417,Materials
2021-05-25,ASSET_E,57.71,435470,Retail
2021-05-25,VNINDEX,764.35,0,Benchmark
2021-05-26,ASSET_A,131.14,1463883,Technology
2021-05-26,ASSET_B,112.13,2140645,Banking
2021-05-26,ASSET_C,50.41,806327,Consumer
2021-05-26,ASSET_D,23.25,2381148,Materials
2021-05-26,ASSET_E,57.64,2006812,Retail
2021-05-26,VNINDEX,762.34,0,Benchmark
2021-05-27,ASSET_A,127.91,1126970,Technology
2021-05-27,ASSET_B,110.03,438553,Banking
2021-05-27,ASSET_C,49.72,1738741,Consumer
2021-05-27,ASSET_D,23.19,2082654,Materials
2021-05-27,ASSET_E,56.18,2391463,Retail
2021-05-27,VNINDEX,750.02,0,Benchmark
2021-05-28,ASSET_A,126.17,712101,Technology
2021-05-28,ASSET_B,107.69,1468951,Banking
2021-05-28,ASSET_C,48.73,1888123,Consumer
2021-05-28,ASSET_D,22.95,1573296,Materials
2021-05-28,ASSET_E,55.84,1833362,Retail
2021-05-28,VNINDEX,741.78,0,Benchmark
2021-05-31,ASSET_A,124.8,1278507,Technology
2021-05-31,ASSET_B,106.21,734159,Banking
2021-05-31,ASSET_C,48.43,632350,Consumer
2021-05-31,ASSET_D,23.17,2253092,Materials
2021-05-31,ASSET_E,55.25,527247,Retail
2021-05-31,VNINDEX,737.86,0,Benchmark
2021-06-01,ASSET_A,126.59,1338272,Technology
2021-06-01,ASSET_B,104.8,1160564,Banking
2021-06-01,ASSET_C,47.9,1053795,Consumer
2021-06-01,ASSET_D,22.84,622730,Materials
2021-06-01,ASSET_E,54.62,1583036,Retail
2021-06-01,VNINDEX,735.3,0,Benchmark
2021-06-02,ASSET_A,126.13,791285,Technology
2021-06-02,ASSET_B,104.99,2382287,Banking
2021-06-02,ASSET_C,48.25,2253442,Consumer
2021-06-02,ASSET_D,22.81,2491265,Materials
2021-06-02,ASSET_E,54.56,968830,Retail
2021-06-02,VNINDEX,733.46,0,Benchmark
2021-06-03,ASSET_A,127.77,1540440,Technology
2021-06-03,ASSET_B,105.54,2467992,Banking
2021-06-03,ASSET_C,48.88,2497215,Consumer
2021-06-03,ASSET_D,22.75,828165,Materials
2021-06-03,ASSET_E,54.31,1073675,Retail
2021-06-03,VNINDEX,733.81,0,Benchmark
2021-06-04,ASSET_A,127.29,1966978,Technology
2021-06-04,ASSET_B,106.54,722721,Banking
2021-06-04,ASSET_C,48.5,763728,Consumer
2021-06-04,ASSET_D,22.73,1247362,Materials
2021-06-04,ASSET_E,53.99,2334981,Retail
2021-06-04,VNINDEX,732.45,0,Benchmark
2021-06-07,ASSET_A,128.62,961398,Technology
2021-06-07,ASSET_B,107.06,696073,Banking
2021-06-07,ASSET_C,48.87,1936712,Consumer
2021-06-07,ASSET_D,23.16,2305916,Materials
2021-06-07,ASSET_E,54.43,2131230,Retail
2021-06-07,VNINDEX,737.77,0,Benchmark
2021-06-08,ASSET_A,126.64,2429714,Technology
2021-06-08,ASSET_B,106.62,1862255,Banking
2021-06-08,ASSET_C,48.42,1453411,Consumer
2021-06-08,ASSET_D,23.13,1905562,Materials
2021-06-08,ASSET_E,54.52,1944231,Retail
2021-06-08,VNINDEX,734.6,0,Benchmark
2021-06-09,ASSET_A,125.38,1686135,Technology
2021-06-09,ASSET_B,104.96,1262952,Banking
2021-06-09,ASSET_C,48.11,1639864,Consumer
2021-06-09,ASSET_D,23.26,2184579,Materials
2021-06-09,ASSET_E,53.91,1451888,Retail
2021-06-09,VNINDEX,730.52,0,Benchmark
2021-06-10,ASSET_A,126.09,2023474,Technology
2021-06-10,ASSET_B,105.19,1308947,Banking
2021-06-10,ASSET_C,48.76,1472947,Consumer
2021-06-10,ASSET_D,23.2,1844942,Materials
2021-06-10,ASSET_E,53.7,1614093,Retail
2021-06-10,VNINDEX,733.04,0,Benchmark
2021-06-11,ASSET_A,126.24,547336,Technology
2021-06-11,ASSET_B,103.47,2234084,Banking
2021-06-11,ASSET_C,48.21,2220947,Consumer
2021-06-11,ASSET_D,22.78,1662266,Materials
2021-06-11,ASSET_E,53.2,2323410,Retail
2021-06-11,VNINDEX,725.66,0,Benchmark
2021-06-14,ASSET_A,126.88,2011685,Technology
2021-06-14,ASSET_B,104.17,2333253,Banking
2021-06-14,ASSET_C,48.25,1334735,Consumer
2021-06-14,ASSET_D,22.85,765699,Materials
2021-06-14,ASSET_E,53.55,1787709,Retail
2021-06-14,VNINDEX,727.73,0,Benchmark
2021-06-15,ASSET_A,128.44,1106874,Technology
2021-06-15,ASSET_B,105.0,2291009,Banking
2021-06-15,ASSET_C,48.02,1637554,Consumer
2021-06-15,ASSET_D,22.87,2492054,Materials
2021-06-15,ASSET_E,54.18,1615878,Retail
2021-06-15,VNINDEX,728.39,0,Benchmark
2021-06-16,ASSET_A,128.99,1891301,Technology
2021-06-16,ASSET_B,105.58,2044259,Banking
2021-06-16,ASSET_C,48.31,1805473,Consumer
2021-06-16,ASSET_D,22.81,1736752,Materials
2021-06-16,ASSET_E,53.71,603826,Retail
2021-06-16,VNINDEX,727.82,0,Benchmark
2021-06-17,ASSET_A,132.37,2088981,Technology
2021-06-17,ASSET_B,106.5,2458802,Banking
2021-06-17,ASSET_C,47.84,1560774,Consumer
2021-06-17,ASSET_D,22.87,1803248,Materials
2021-06-17,ASSET_E,54.15,2492549,Retail
2021-06-17,VNINDEX,735.87,0,Benchmark
2021-06-18,ASSET_A,131.7,925837,Technology
2021-06-18,ASSET_B,106.65,1911708,Banking
2021-06-18,ASSET_C,47.55,2247225,Consumer
2021-06-18,ASSET_D,23.03,1298987,Materials
2021-06-18,ASSET_E,54.41,2098159,Retail
2021-06-18,VNINDEX,732.93,0,Benchmark
2021-06-21,ASSET_A,136.5,944498,Technology
2021-06-21,ASSET_B,108.62,2258179,Banking
2021-06-21,ASSET_C,48.11,898362,Consumer
2021-06-21,ASSET_D,23.3,2399305,Materials
2021-06-21,ASSET_E,55.97,1165960,Retail
2021-06-21,VNINDEX,743.44,0,Benchmark
2021-06-22,ASSET_A,135.76,524989,Technology
2021-06-22,ASSET_B,108.2,1534795,Banking
2021-06-22,ASSET_C,47.87,2390811,Consumer
2021-06-22,ASSET_D,23.57,1346334,Materials
2021-06-22,ASSET_E,55.49,925224,Retail
2021-06-22,VNINDEX,742.47,0,Benchmark
2021-06-23,ASSET_A,133.6,1670871,Technology
2021-06-23,ASSET_B,106.5,507009,Banking
2021-06-23,ASSET_C,47.77,1824035,Consumer
2021-06-23,ASSET_D,23.37,799744,Materials
2021-06-23,ASSET_E,54.74,2432414,Retail
2021-06-23,VNINDEX,736.17,0,Benchmark
2021-06-24,ASSET_A,132.38,2025469,Technology
2021-06-24,ASSET_B,106.2,2114562,Banking
2021-06-24,ASSET_C,48.14,2416116,Consumer
2021-06-24,ASSET_D,23.53,778289,Materials
2021-06-24,ASSET_E,54.93,2408049,Retail
2021-06-24,VNINDEX,736.69,0,Benchmark
2021-06-25,ASSET_A,133.83,1261062,Technology
2021-06-25,ASSET_B,106.45,2352509,Banking
2021-06-25,ASSET_C,47.45,1186753,Consumer
2021-06-25,ASSET_D,23.47,1866660,Materials
2021-06-25,ASSET_E,54.32,1282563,Retail
2021-06-25,VNINDEX,731.43,0,Benchmark
2021-06-28,ASSET_A,133.97,738074,Technology
2021-06-28,ASSET_B,105.99,1055861,Banking
2021-06-28,ASSET_C,47.85,1405564,Consumer
2021-06-28,ASSET_D,23.17,1963952,Materials
2021-06-28,ASSET_E,53.76,885886,Retail
2021-06-28,VNINDEX,727.82,0,Benchmark
2021-06-29,ASSET_A,134.06,1064566,Technology
2021-06-29,ASSET_B,106.52,1299151,Banking
2021-06-29,ASSET_C,47.56,490473,Consumer
2021-06-29,ASSET_D,23.32,832563,Materials
2021-06-29,ASSET_E,54.01,2075426,Retail
2021-06-29,VNINDEX,729.97,0,Benchmark
2021-06-30,ASSET_A,136.08,1245972,Technology
2021-06-30,ASSET_B,106.89,1601437,Banking
2021-06-30,ASSET_C,48.09,2340358,Consumer
2021-06-30,ASSET_D,23.85,1865676,Materials
2021-06-30,ASSET_E,54.85,1713265,Retail
2021-06-30,VNINDEX,732.94,0,Benchmark
2021-07-01,ASSET_A,136.22,2323876,Technology
2021-07-01,ASSET_B,108.1,1768400,Banking
2021-07-01,ASSET_C,47.97,2113729,Consumer
2021-07-01,ASSET_D,23.8,2494932,Materials
2021-07-01,ASSET_E,54.11,2290171,Retail
2021-07-01,VNINDEX,729.95,0,Benchmark
2021-07-02,ASSET_A,139.58,660440,Technology
2021-07-02,ASSET_B,110.07,1816978,Banking
2021-07-02,ASSET_C,48.11,1022239,Consumer
2021-07-02,ASSET_D,24.18,1517809,Materials
2021-07-02,ASSET_E,55.09,1545181,Retail
2021-07-02,VNINDEX,735.13,0,Benchmark
2021-07-05,ASSET_A,139.12,1120849,Technology
2021-07-05,ASSET_B,110.71,1227979,Banking
2021-07-05,ASSET_C,48.33,508933,Consumer
2021-07-05,ASSET_D,24.56,2437994,Materials
2021-07-05,ASSET_E,55.28,1558879,Retail
2021-07-05,VNINDEX,741.22,0,Benchmark
2021-07-06,ASSET_A,140.45,1739930,Technology
2021-07-06,ASSET_B,111.98,2194270,Banking
2021-07-06,ASSET_C,48.74,1863367,Consumer
2021-07-06,ASSET_D,24.89,729110,Materials
2021-07-06,ASSET_E,55.97,700516,Retail
2021-07-06,VNINDEX,748.83,0,Benchmark
2021-07-07,ASSET_A,140.54,897019,Technology
2021-07-07,ASSET_B,112.39,2108702,Banking
2021-07-07,ASSET_C,48.97,1811830,Consumer
2021-07-07,ASSET_D,25.04,1246130,Materials
2021-07-07,ASSET_E,56.86,1666535,Retail
2021-07-07,VNINDEX,751.76,0,Benchmark
2021-07-08,ASSET_A,139.8,2257944,Technology
2021-07-08,ASSET_B,113.94,2378762,Banking
2021-07-08,ASSET_C,49.1,1508119,Consumer
2021-07-08,ASSET_D,25.43,1569416,Materials
2021-07-08,ASSET_E,57.53,1162147,Retail
2021-07-08,VNINDEX,759.13,0,Benchmark
2021-07-09,ASSET_A,138.96,2309532,Technology
2021-07-09,ASSET_B,111.5,1609430,Banking
2021-07-09,ASSET_C,48.49,729113,Consumer
2021-07-09,ASSET_D,25.27,1151830,Materials
2021-07-09,ASSET_E,56.7,831476,Retail
2021-07-09,VNINDEX,749.36,0,Benchmark
2021-07-12,ASSET_A,138.33,1198227,Technology
2021-07-12,ASSET_B,111.54,562662,Banking
2021-07-12,ASSET_C,48.18,2328619,Consumer
2021-07-12,ASSET_D,24.89,610280,Materials
2021-07-12,ASSET_E,56.9,2040714,Retail
2021-07-12,VNINDEX,747.86,0,Benchmark
2021-07-13,ASSET_A,138.25,1966483,Technology
2021-07-13,ASSET_B,111.81,2175643,Banking
2021-07-13,ASSET_C,47.59,1308395,Consumer
2021-07-13,ASSET_D,24.8,1362323,Materials
2021-07-13,ASSET_E,56.51,1126174,Retail
2021-07-13,VNINDEX,743.48,0,Benchmark
2021-07-14,ASSET_A,141.2,1987433,Technology
2021-07-14,ASSET_B,110.95,566931,Banking
2021-07-14,ASSET_C,47.39,1921585,Consumer
2021-07-14,ASSET_D,24.78,1112681,Materials
2021-07-14,ASSET_E,56.79,846434,Retail
2021-07-14,VNINDEX,744.27,0,Benchmark
2021-07-15,ASSET_A,140.16,1831779,Technology
2021-07-15,ASSET_B,109.55,806920,Banking
2021-07-15,ASSET_C,46.91,2204092,Consumer
2021-07-15,ASSET_D,24.59,828003,Materials
2021-07-15,ASSET_E,56.5,2417184,Retail
2021-07-15,VNINDEX,741.43,0,Benchmark
2021-07-16,ASSET_A,139.51,791621,Technology
2021-07-16,ASSET_B,109.05,998867,Banking
2021-07-16,ASSET_C,46.75,1551484,Consumer
2021-07-16,ASSET_D,24.87,1181951,Materials
2021-07-16,ASSET_E,56.82,2422000,Retail
2021-07-16,VNINDEX,740.73,0,Benchmark
2021-07-19,ASSET_A,141.85,504023,Technology
2021-07-19,ASSET_B,110.65,788464,Banking
2021-07-19,ASSET_C,47.42,598281,Consumer
2021-07-19,ASSET_D,25.05,1277864,Materials
2021-07-19,ASSET_E,56.94,1438562,Retail
2021-07-19,VNINDEX,750.84,0,Benchmark
2021-07-20,ASSET_A,142.88,1129166,Technology
2021-07-20,ASSET_B,112.05,1919856,Banking
2021-07-20,ASSET_C,47.41,2264202,Consumer
2021-07-20,ASSET_D,24.69,2255193,Materials
2021-07-20,ASSET_E,56.45,1020515,Retail
2021-07-20,VNINDEX,750.1,0,Benchmark
2021-07-21,ASSET_A,142.71,675530,Technology
2021-07-21,ASSET_B,113.3,1324791,Banking
2021-07-21,ASSET_C,48.13,1801016,Consumer
2021-07-21,ASSET_D,24.96,1432190,Materials
2021-07-21,ASSET_E,56.0,739815,Retail
2021-07-21,VNINDEX,752.47,0,Benchmark
2021-07-22,ASSET_A,141.71,1013883,Technology
2021-07-22,ASSET_B,113.84,860587,Banking
2021-07-22,ASSET_C,47.41,2278202,Consumer
2021-07-22,ASSET_D,24.59,1272680,Materials
2021-07-22,ASSET_E,55.9,1716115,Retail
2021-07-22,VNINDEX,751.39,0,Benchmark
2021-07-23,ASSET_A,143.12,1740513,Technology
2021-07-23,ASSET_B,113.74,409978,Banking
2021-07-23,ASSET_C,47.58,1686499,Consumer
2021-07-23,ASSET_D,24.15,1217351,Materials
2021-07-23,ASSET_E,55.28,1682696,Retail
2021-07-23,VNINDEX,751.97,0,Benchmark
2021-07-26,ASSET_A,143.63,1636484,Technology
2021-07-26,ASSET_B,113.55,854422,Banking
2021-07-26,ASSET_C,47.59,2305651,Consumer
2021-07-26,ASSET_D,24.37,1656786,Materials
2021-07-26,ASSET_E,55.0,1699620,Retail
2021-07-26,VNINDEX,752.16,0,Benchmark
2021-07-27,ASSET_A,141.69,839808,Technology
2021-07-27,ASSET_B,112.9,1854991,Banking
2021-07-27,ASSET_C,47.98,2221812,Consumer
2021-07-27,ASSET_D,24.5,978739,Materials
2021-07-27,ASSET_E,54.7,2012282,Retail
2021-07-27,VNINDEX,754.75,0,Benchmark
2021-07-28,ASSET_A,141.6,437192,Technology
2021-07-28,ASSET_B,114.8,2068016,Banking
2021-07-28,ASSET_C,48.55,852833,Consumer
2021-07-28,ASSET_D,24.83,2237035,Materials
2021-07-28,ASSET_E,55.79,1388634,Retail
2021-07-28,VNINDEX,761.27,0,Benchmark
2021-07-29,ASSET_A,145.45,873839,Technology
2021-07-29,ASSET_B,117.02,1021712,Banking
2021-07-29,ASSET_C,49.0,762743,Consumer
2021-07-29,ASSET_D,25.04,1279362,Materials
2021-07-29,ASSET_E,56.0,1834963,Retail
2021-07-29,VNINDEX,770.53,0,Benchmark
2021-07-30,ASSET_A,146.37,1355085,Technology
2021-07-30,ASSET_B,118.47,553812,Banking
2021-07-30,ASSET_C,49.15,736483,Consumer
2021-07-30,ASSET_D,24.77,1294094,Materials
2021-07-30,ASSET_E,55.57,1776256,Retail
2021-07-30,VNINDEX,772.43,0,Benchmark
2021-08-02,ASSET_A,146.16,2036190,Technology
2021-08-02,ASSET_B,118.98,1570328,Banking
2021-08-02,ASSET_C,49.11,2079553,Consumer
2021-08-02,ASSET_D,24.6,534135,Materials
2021-08-02,ASSET_E,55.91,2070786,Retail
2021-08-02,VNINDEX,775.9,0,Benchmark
2021-08-03,ASSET_A,144.58,1166798,Technology
2021-08-03,ASSET_B,117.62,2044082,Banking
2021-08-03,ASSET_C,48.96,904811,Consumer
2021-08-03,ASSET_D,24.32,2255777,Materials
2021-08-03,ASSET_E,56.23,1961511,Retail
2021-08-03,VNINDEX,769.62,0,Benchmark
2021-08-04,ASSET_A,144.53,1000442,Technology
2021-08-04,ASSET_B,117.69,547007,Banking
2021-08-04,ASSET_C,48.37,1345254,Consumer
2021-08-04,ASSET_D,24.01,1389420,Materials
2021-08-04,ASSET_E,56.15,475476,Retail
2021-08-04,VNINDEX,769.3,0,Benchmark
2021-08-05,ASSET_A,146.65,1557834,Technology
2021-08-05,ASSET_B,119.54,2070637,Banking
2021-08-05,ASSET_C,48.9,2054748,Consumer
2021-08-05,ASSET_D,24.26,686568,Materials
2021-08-05,ASSET_E,56.51,1699906,Retail
2021-08-05,VNINDEX,774.75,0,Benchmark
2021-08-06,ASSET_A,146.01,550333,Technology
2021-08-06,ASSET_B,119.3,758353,Banking
2021-08-06,ASSET_C,49.16,1300152,Consumer
2021-08-06,ASSET_D,24.32,759973,Materials
2021-08-06,ASSET_E,57.45,2448360,Retail
2021-08-06,VNINDEX,779.84,0,Benchmark
2021-08-09,ASSET_A,145.24,873443,Technology
2021-08-09,ASSET_B,120.21,941601,Banking
2021-08-09,ASSET_C,49.08,529891,Consumer
2021-08-09,ASSET_D,24.41,1166170,Materials
2021-08-09,ASSET_E,57.95,1575988,Retail
2021-08-09,VNINDEX,781.22,0,Benchmark
2021-08-10,ASSET_A,146.72,476507,Technology
2021-08-10,ASSET_B,121.24,1708004,Banking
2021-08-10,ASSET_C,49.29,1159747,Consumer
2021-08-10,ASSET_D,24.62,2039075,Materials
2021-08-10,ASSET_E,58.52,1512509,Retail
2021-08-10,VNINDEX,786.48,0,Benchmark
2021-08-11,ASSET_A,147.23,1503794,Technology
2021-08-11,ASSET_B,120.92,507883,Banking
2021-08-11,ASSET_C,49.4,598639,Consumer
2021-08-11,ASSET_D,24.81,598927,Materials
2021-08-11,ASSET_E,58.46,1673917,Retail
2021-08-11,VNINDEX,789.5,0,Benchmark
2021-08-12,ASSET_A,149.53,1330673,Technology
2021-08-12,ASSET_B,120.53,1041891,Banking
2021-08-12,ASSET_C,50.2,1209705,Consumer
2021-08-12,ASSET_D,25.17,653096,Materials
2021-08-12,ASSET_E,59.18,1575993,Retail
2021-08-12,VNINDEX,796.68,0,Benchmark
2021-08-13,ASSET_A,148.31,1623356,Technology
2021-08-13,ASSET_B,120.78,691662,Banking
2021-08-13,ASSET_C,51.35,1947110,Consumer
2021-08-13,ASSET_D,25.15,1577952,Materials
2021-08-13,ASSET_E,58.67,1244107,Retail
2021-08-13,VNINDEX,798.56,0,Benchmark
2021-08-16,ASSET_A,148.37,1695970,Technology
2021-08-16,ASSET_B,121.67,850916,Banking
2021-08-16,ASSET_C,51.65,1491915,Consumer
2021-08-16,ASSET_D,25.13,1447916,Materials
2021-08-16,ASSET_E,58.24,2487295,Retail
2021-08-16,VNINDEX,796.63,0,Benchmark
2021-08-17,ASSET_A,150.28,1229753,Technology
2021-08-17,ASSET_B,123.59,2024142,Banking
2021-08-17,ASSET_C,51.58,1817241,Consumer
2021-08-17,ASSET_D,25.26,2410292,Materials
2021-08-17,ASSET_E,59.07,548833,Retail
2021-08-17,VNINDEX,798.79,0,Benchmark
2021-08-18,ASSET_A,147.24,2224658,Technology
2021-08-18,ASSET_B,120.49,880577,Banking
2021-08-18,ASSET_C,50.85,624279,Consumer
2021-08-18,ASSET_D,24.1,1979225,Materials
2021-08-18,ASSET_E,58.49,2109937,Retail
2021-08-18,VNINDEX,781.77,0,Benchmark
2021-08-19,ASSET_A,147.94,2328326,Technology
2021-08-19,ASSET_B,122.71,491348,Banking
2021-08-19,ASSET_C,51.21,1975306,Consumer
2021-08-19,ASSET_D,24.34,1779598,Materials
2021-08-19,ASSET_E,58.86,735366,Retail
2021-08-19,VNINDEX,784.17,0,Benchmark
2021-08-20,ASSET_A,143.3,632689,Technology
2021-08-20,ASSET_B,118.44,851120,Banking
2021-08-20,ASSET_C,49.75,1292638,Consumer
2021-08-20,ASSET_D,23.69,1105359,Materials
2021-08-20,ASSET_E,56.48,833576,Retail
2021-08-20,VNINDEX,763.29,0,Benchmark
2021-08-23,ASSET_A,140.18,2332256,Technology
2021-08-23,ASSET_B,117.33,582184,Banking
2021-08-23,ASSET_C,48.81,1002686,Consumer
2021-08-23,ASSET_D,23.51,1714758,Materials
2021-08-23,ASSET_E,55.26,1674078,Retail
2021-08-23,VNINDEX,753.69,0,Benchmark
2021-08-24,ASSET_A,140.67,813012,Technology
2021-08-24,ASSET_B,117.49,1707986,Banking
2021-08-24,ASSET_C,48.94,1769160,Consumer
2021-08-24,ASSET_D,23.3,1627177,Materials
2021-08-24,ASSET_E,55.15,1739667,Retail
2021-08-24,VNINDEX,756.41,0,Benchmark
2021-08-25,ASSET_A,142.89,921660,Technology
2021-08-25,ASSET_B,117.62,2442965,Banking
2021-08-25,ASSET_C,49.36,683152,Consumer
2021-08-25,ASSET_D,23.31,984133,Materials
2021-08-25,ASSET_E,55.27,2347065,Retail
2021-08-25,VNINDEX,759.3,0,Benchmark
2021-08-26,ASSET_A,141.35,1512581,Technology
2021-08-26,ASSET_B,115.75,752151,Banking
2021-08-26,ASSET_C,48.49,1446203,Consumer
2021-08-26,ASSET_D,22.85,1178835,Materials
2021-08-26,ASSET_E,54.27,1018087,Retail
2021-08-26,VNINDEX,752.85,0,Benchmark
2021-08-27,ASSET_A,139.39,461749,Technology
2021-08-27,ASSET_B,113.24,1930603,Banking
2021-08-27,ASSET_C,48.05,1286580,Consumer
2021-08-27,ASSET_D,22.9,2355324,Materials
2021-08-27,ASSET_E,53.89,454055,Retail
2021-08-27,VNINDEX,748.98,0,Benchmark
2021-08-30,ASSET_A,140.47,1164627,Technology
2021-08-30,ASSET_B,115.91,1161683,Banking
2021-08-30,ASSET_C,48.67,748241,Consumer
2021-08-30,ASSET_D,22.83,1529814,Materials
2021-08-30,ASSET_E,55.23,935596,Retail
2021-08-30,VNINDEX,756.95,0,Benchmark
2021-08-31,ASSET_A,140.17,808647,Technology
2021-08-31,ASSET_B,114.84,550833,Banking
2021-08-31,ASSET_C,48.54,2399629,Consumer
2021-08-31,ASSET_D,22.53,1390223,Materials
2021-08-31,ASSET_E,55.23,1542473,Retail
2021-08-31,VNINDEX,754.34,0,Benchmark
2021-09-01,ASSET_A,142.49,1413328,Technology
2021-09-01,ASSET_B,116.75,1844562,Banking
2021-09-01,ASSET_C,49.72,1162408,Consumer
2021-09-01,ASSET_D,23.06,2072966,Materials
2021-09-01,ASSET_E,56.25,1150466,Retail
2021-09-01,VNINDEX,767.46,0,Benchmark
2021-09-02,ASSET_A,143.16,2110839,Technology
2021-09-02,ASSET_B,115.76,840790,Banking
2021-09-02,ASSET_C,49.27,485613,Consumer
2021-09-02,ASSET_D,22.92,960704,Materials
2021-09-02,ASSET_E,55.79,929329,Retail
2021-09-02,VNINDEX,767.62,0,Benchmark
2021-09-03,ASSET_A,144.39,2340661,Technology
2021-09-03,ASSET_B,116.09,1478709,Banking
2021-09-03,ASSET_C,50.18,1330219,Consumer
2021-09-03,ASSET_D,22.78,861175,Materials
2021-09-03,ASSET_E,55.21,2319642,Retail
2021-09-03,VNINDEX,770.18,0,Benchmark
2021-09-06,ASSET_A,147.69,845585,Technology
2021-09-06,ASSET_B,119.56,1464921,Banking
2021-09-06,ASSET_C,50.2,2429987,Consumer
2021-09-06,ASSET_D,23.3,2474169,Materials
2021-09-06,ASSET_E,55.31,1579653,Retail
2021-09-06,VNINDEX,779.93,0,Benchmark
2021-09-07,ASSET_A,149.84,1544272,Technology
2021-09-07,ASSET_B,121.65,1654289,Banking
2021-09-07,ASSET_C,49.58,1804637,Consumer
2021-09-07,ASSET_D,23.56,2086874,Materials
2021-09-07,ASSET_E,54.6,1811245,Retail
2021-09-07,VNINDEX,780.88,0,Benchmark
2021-09-08,ASSET_A,149.92,1396275,Technology
2021-09-08,ASSET_B,118.98,683382,Banking
2021-09-08,ASSET_C,49.25,1737155,Consumer
2021-09-08,ASSET_D,23.56,1288560,Materials
2021-09-08,ASSET_E,54.25,1974280,Retail
2021-09-08,VNINDEX,775.07,0,Benchmark
2021-09-09,ASSET_A,148.53,1271753,Technology
2021-09-09,ASSET_B,118.57,926904,Banking
2021-09-09,ASSET_C,48.85,2291609,Consumer
2021-09-09,ASSET_D,23.75,2387170,Materials
2021-09-09,ASSET_E,54.39,1259251,Retail
2021-09-09,VNINDEX,774.59,0,Benchmark
2021-09-10,ASSET_A,147.29,1728660,Technology
2021-09-10,ASSET_B,117.64,1948427,Banking
2021-09-10,ASSET_C,48.84,576225,Consumer
2021-09-10,ASSET_D,23.69,1180147,Materials
2021-09-10,ASSET_E,53.95,1944451,Retail
2021-09-10,VNINDEX,774.54,0,Benchmark
2021-09-13,ASSET_A,145.45,2477823,Technology
2021-09-13,ASSET_B,116.94,2358701,Banking
2021-09-13,ASSET_C,48.39,1555788,Consumer
2021-09-13,ASSET_D,23.38,1817937,Materials
2021-09-13,ASSET_E,53.49,2423882,Retail
2021-09-13,VNINDEX,766.59,0,Benchmark
2021-09-14,ASSET_A,144.55,1251005,Technology
2021-09-14,ASSET_B,116.92,424621,Banking
2021-09-14,ASSET_C,48.25,1073716,Consumer
2021-09-14,ASSET_D,23.18,473418,Materials
2021-09-14,ASSET_E,54.06,1922260,Retail
2021-09-14,VNINDEX,765.24,0,Benchmark
2021-09-15,ASSET_A,142.12,536952,Technology
2021-09-15,ASSET_B,115.53,1269146,Banking
2021-09-15,ASSET_C,47.75,1820373,Consumer
2021-09-15,ASSET_D,23.09,1864981,Materials
2021-09-15,ASSET_E,54.68,1023389,Retail
2021-09-15,VNINDEX,761.01,0,Benchmark
2021-09-16,ASSET_A,142.75,2323533,Technology
2021-09-16,ASSET_B,116.71,2250928,Banking
2021-09-16,ASSET_C,48.19,2190737,Consumer
2021-09-16,ASSET_D,23.14,774419,Materials
2021-09-16,ASSET_E,55.42,2035739,Retail
2021-09-16,VNINDEX,766.67,0,Benchmark
2021-09-17,ASSET_A,142.2,2357438,Technology
2021-09-17,ASSET_B,116.36,1002624,Banking
2021-09-17,ASSET_C,48.11,562098,Consumer
2021-09-17,ASSET_D,23.05,906873,Materials
2021-09-17,ASSET_E,55.37,895833,Retail
2021-09-17,VNINDEX,767.05,0,Benchmark
2021-09-20,ASSET_A,140.99,1076970,Technology
2021-09-20,ASSET_B,117.5,1339992,Banking
2021-09-20,ASSET_C,48.39,732188,Consumer
2021-09-20,ASSET_D,23.15,2099301,Materials
2021-09-20,ASSET_E,55.61,552482,Retail
2021-09-20,VNINDEX,765.52,0,Benchmark
2021-09-21,ASSET_A,140.47,1453489,Technology
2021-09-21,ASSET_B,117.9,2299084,Banking
2021-09-21,ASSET_C,48.31,2404380,Consumer
2021-09-21,ASSET_D,23.42,831622,Materials
2021-09-21,ASSET_E,56.22,1332661,Retail
2021-09-21,VNINDEX,765.05,0,Benchmark
2021-09-22,ASSET_A,142.36,2211435,Technology
2021-09-22,ASSET_B,118.81,2434825,Banking
2021-09-22,ASSET_C,48.07,1433119,Consumer
2021-09-22,ASSET_D,23.57,1413659,Materials
2021-09-22,ASSET_E,55.37,1470113,Retail
2021-09-22,VNINDEX,766.56,0,Benchmark
2021-09-23,ASSET_A,143.46,1457888,Technology
2021-09-23,ASSET_B,117.17,1776108,Banking
2021-09-23,ASSET_C,47.72,1061938,Consumer
2021-09-23,ASSET_D,24.16,2333338,Materials
2021-09-23,ASSET_E,56.35,1386561,Retail
2021-09-23,VNINDEX,770.46,0,Benchmark
2021-09-24,ASSET_A,145.55,1410516,Technology
2021-09-24,ASSET_B,115.95,1857687,Banking
2021-09-24,ASSET_C,47.36,719706,Consumer
2021-09-24,ASSET_D,23.78,2405236,Materials
2021-09-24,ASSET_E,55.68,949734,Retail
2021-09-24,VNINDEX,764.58,0,Benchmark
2021-09-27,ASSET_A,144.45,2336125,Technology
2021-09-27,ASSET_B,116.61,1689286,Banking
2021-09-27,ASSET_C,46.63,1144012,Consumer
2021-09-27,ASSET_D,23.12,1332344,Materials
2021-09-27,ASSET_E,55.0,973167,Retail
2021-09-27,VNINDEX,758.48,0,Benchmark
2021-09-28,ASSET_A,145.55,2140490,Technology
2021-09-28,ASSET_B,119.19,995617,Banking
2021-09-28,ASSET_C,46.55,410498,Consumer
2021-09-28,ASSET_D,23.52,576160,Materials
2021-09-28,ASSET_E,55.3,2334668,Retail
2021-09-28,VNINDEX,765.31,0,Benchmark
2021-09-29,ASSET_A,145.04,1465380,Technology
2021-09-29,ASSET_B,117.03,2262142,Banking
2021-09-29,ASSET_C,46.6,867969,Consumer
2021-09-29,ASSET_D,23.25,1002541,Materials
2021-09-29,ASSET_E,55.3,1012259,Retail
2021-09-29,VNINDEX,762.98,0,Benchmark
2021-09-30,ASSET_A,143.56,739151,Technology
2021-09-30,ASSET_B,115.08,471555,Banking
2021-09-30,ASSET_C,45.6,784314,Consumer
2021-09-30,ASSET_D,22.92,1693481,Materials
2021-09-30,ASSET_E,54.2,2044046,Retail
2021-09-30,VNINDEX,754.6,0,Benchmark
2021-10-01,ASSET_A,144.78,1320654,Technology
2021-10-01,ASSET_B,114.56,522934,Banking
2021-10-01,ASSET_C,46.19,577807,Consumer
2021-10-01,ASSET_D,22.57,1107653,Materials
2021-10-01,ASSET_E,54.25,940952,Retail
2021-10-01,VNINDEX,757.44,0,Benchmark
2021-10-04,ASSET_A,148.35,1820552,Technology
2021-10-04,ASSET_B,116.7,1663773,Banking
2021-10-04,ASSET_C,46.4,2434954,Consumer
2021-10-04,ASSET_D,22.44,1911966,Materials
2021-10-04,ASSET_E,54.71,625844,Retail
2021-10-04,VNINDEX,760.42,0,Benchmark
2021-10-05,ASSET_A,145.13,972226,Technology
2021-10-05,ASSET_B,115.11,2159126,Banking
2021-10-05,ASSET_C,45.91,2059098,Consumer
2021-10-05,ASSET_D,21.8,2484258,Materials
2021-10-05,ASSET_E,54.19,532760,Retail
2021-10-05,VNINDEX,751.32,0,Benchmark
2021-10-06,ASSET_A,146.68,1528289,Technology
2021-10-06,ASSET_B,114.72,2109900,Banking
2021-10-06,ASSET_C,45.66,2374799,Consumer
2021-10-06,ASSET_D,21.75,1704484,Materials
2021-10-06,ASSET_E,54.47,910816,Retail
2021-10-06,VNINDEX,752.87,0,Benchmark
2021-10-07,ASSET_A,148.02,1783515,Technology
2021-10-07,ASSET_B,115.67,1823515,Banking
2021-10-07,ASSET_C,46.15,905029,Consumer
2021-10-07,ASSET_D,21.79,1712129,Materials
2021-10-07,ASSET_E,54.64,2166720,Retail
2021-10-07,VNINDEX,757.5,0,Benchmark
2021-10-08,ASSET_A,146.33,578543,Technology
2021-10-08,ASSET_B,113.8,1190219,Banking
2021-10-08,ASSET_C,46.27,1005689,Consumer
2021-10-08,ASSET_D,21.89,1512742,Materials
2021-10-08,ASSET_E,55.14,1355962,Retail
2021-10-08,VNINDEX,759.96,0,Benchmark
2021-10-11,ASSET_A,148.33,1596254,Technology
2021-10-11,ASSET_B,113.61,1155984,Banking
2021-10-11,ASSET_C,46.26,993644,Consumer
2021-10-11,ASSET_D,22.31,791639,Materials
2021-10-11,ASSET_E,55.94,1859563,Retail
2021-10-11,VNINDEX,764.02,0,Benchmark
2021-10-12,ASSET_A,148.25,1948872,Technology
2021-10-12,ASSET_B,112.01,1293873,Banking
2021-10-12,ASSET_C,45.89,1572873,Consumer
2021-10-12,ASSET_D,22.22,1614426,Materials
2021-10-12,ASSET_E,55.83,2422108,Retail
2021-10-12,VNINDEX,755.54,0,Benchmark
2021-10-13,ASSET_A,147.52,850125,Technology
2021-10-13,ASSET_B,113.19,938337,Banking
2021-10-13,ASSET_C,45.46,781772,Consumer
2021-10-13,ASSET_D,21.89,2356965,Materials
2021-10-13,ASSET_E,56.2,501019,Retail
2021-10-13,VNINDEX,757.74,0,Benchmark
2021-10-14,ASSET_A,147.12,1551673,Technology
2021-10-14,ASSET_B,111.13,1280195,Banking
2021-10-14,ASSET_C,44.85,894515,Consumer
2021-10-14,ASSET_D,21.99,1848054,Materials
2021-10-14,ASSET_E,56.55,630313,Retail
2021-10-14,VNINDEX,756.05,0,Benchmark
2021-10-15,ASSET_A,144.05,1889767,Technology
2021-10-15,ASSET_B,110.26,620092,Banking
2021-10-15,ASSET_C,44.36,2447259,Consumer
2021-10-15,ASSET_D,21.93,1979739,Materials
2021-10-15,ASSET_E,56.79,2332223,Retail
2021-10-15,VNINDEX,753.24,0,Benchmark
2021-10-18,ASSET_A,143.5,493007,Technology
2021-10-18,ASSET_B,112.22,1071727,Banking
2021-10-18,ASSET_C,44.74,1139563,Consumer
2021-10-18,ASSET_D,22.07,2212853,Materials
2021-10-18,ASSET_E,58.56,1592741,Retail
2021-10-18,VNINDEX,758.79,0,Benchmark
2021-10-19,ASSET_A,147.05,1752582,Technology
2021-10-19,ASSET_B,112.71,2376255,Banking
2021-10-19,ASSET_C,45.21,2040173,Consumer
2021-10-19,ASSET_D,22.36,1213706,Materials
2021-10-19,ASSET_E,59.9,1697585,Retail
2021-10-19,VNINDEX,768.2,0,Benchmark
2021-10-20,ASSET_A,148.92,945462,Technology
2021-10-20,ASSET_B,115.14,1884554,Banking
2021-10-20,ASSET_C,46.14,880807,Consumer
2021-10-20,ASSET_D,22.76,1106323,Materials
2021-10-20,ASSET_E,60.7,1116703,Retail
2021-10-20,VNINDEX,779.78,0,Benchmark
2021-10-21,ASSET_A,149.18,1234401,Technology
2021-10-21,ASSET_B,116.86,698015,Banking
2021-10-21,ASSET_C,46.27,2352789,Consumer
2021-10-21,ASSET_D,22.85,2436823,Materials
2021-10-21,ASSET_E,60.85,2136275,Retail
2021-10-21,VNINDEX,788.43,0,Benchmark
2021-10-22,ASSET_A,149.4,1760800,Technology
2021-10-22,ASSET_B,118.38,1001179,Banking
2021-10-22,ASSET_C,46.43,1857045,Consumer
2021-10-22,ASSET_D,22.79,1365273,Materials
2021-10-22,ASSET_E,60.66,1757314,Retail
2021-10-22,VNINDEX,787.89,0,Benchmark
2021-10-25,ASSET_A,149.17,409241,Technology
2021-10-25,ASSET_B,118.65,944820,Banking
2021-10-25,ASSET_C,46.52,2209619,Consumer
2021-10-25,ASSET_D,23.17,1940620,Materials
2021-10-25,ASSET_E,60.66,941202,Retail
2021-10-25,VNINDEX,790.36,0,Benchmark
2021-10-26,ASSET_A,149.6,435261,Technology
2021-10-26,ASSET_B,119.5,991512,Banking
2021-10-26,ASSET_C,46.46,1484369,Consumer
2021-10-26,ASSET_D,23.14,1735410,Materials
2021-10-26,ASSET_E,61.33,1762284,Retail
2021-10-26,VNINDEX,795.57,0,Benchmark
2021-10-27,ASSET_A,150.92,1337820,Technology
2021-10-27,ASSET_B,120.52,1851325,Banking
2021-10-27,ASSET_C,46.64,2303223,Consumer
2021-10-27,ASSET_D,22.91,659533,Materials
2021-10-27,ASSET_E,61.01,408146,Retail
2021-10-27,VNINDEX,796.55,0,Benchmark
2021-10-28,ASSET_A,149.41,2394514,Technology
2021-10-28,ASSET_B,119.43,2279520,Banking
2021-10-28,ASSET_C,46.67,1161570,Consumer
2021-10-28,ASSET_D,22.92,1059853,Materials
2021-10-28,ASSET_E,61.75,905242,Retail
2021-10-28,VNINDEX,797.59,0,Benchmark
2021-10-29,ASSET_A,149.28,412722,Technology
2021-10-29,ASSET_B,120.32,1891320,Banking
2021-10-29,ASSET_C,46.74,1405971,Consumer
2021-10-29,ASSET_D,22.8,1085038,Materials
2021-10-29,ASSET_E,61.39,828245,Retail
2021-10-29,VNINDEX,803.27,0,Benchmark
2021-11-01,ASSET_A,149.46,2056443,Technology
2021-11-01,ASSET_B,119.83,1425694,Banking
2021-11-01,ASSET_C,46.74,529316,Consumer
2021-11-01,ASSET_D,22.35,775444,Materials
2021-11-01,ASSET_E,60.47,2050199,Retail
2021-11-01,VNINDEX,803.05,0,Benchmark
2021-11-02,ASSET_A,149.9,557496,Technology
2021-11-02,ASSET_B,118.78,737614,Banking
2021-11-02,ASSET_C,46.46,758137,Consumer
2021-11-02,ASSET_D,22.13,2036026,Materials
2021-11-02,ASSET_E,60.06,1943788,Retail
2021-11-02,VNINDEX,798.33,0,Benchmark
2021-11-03,ASSET_A,151.21,1426757,Technology
2021-11-03,ASSET_B,119.1,700067,Banking
2021-11-03,ASSET_C,46.28,2019516,Consumer
2021-11-03,ASSET_D,22.42,2428954,Materials
2021-11-03,ASSET_E,59.41,591651,Retail
2021-11-03,VNINDEX,795.73,0,Benchmark
2021-11-04,ASSET_A,151.16,1304280,Technology
2021-11-04,ASSET_B,120.52,2109675,Banking
2021-11-04,ASSET_C,46.36,1086448,Consumer
2021-11-04,ASSET_D,22.54,2429146,Materials
2021-11-04,ASSET_E,59.04,2303556,Retail
2021-11-04,VNINDEX,800.16,0,Benchmark
2021-11-05,ASSET_A,152.64,1382990,Technology
2021-11-05,ASSET_B,119.81,1823014,Banking
2021-11-05,ASSET_C,45.93,614211,Consumer
2021-11-05,ASSET_D,22.59,808930,Materials
2021-11-05,ASSET_E,58.71,2118091,Retail
2021-11-05,VNINDEX,800.36,0,Benchmark
2021-11-08,ASSET_A,151.97,572031,Technology
2021-11-08,ASSET_B,120.43,1471603,Banking
2021-11-08,ASSET_C,46.07,1014148,Consumer
2021-11-08,ASSET_D,22.12,1343981,Materials
2021-11-08,ASSET_E,58.48,1313046,Retail
2021-11-08,VNINDEX,802.84,0,Benchmark
2021-11-09,ASSET_A,155.86,1982418,Technology
2021-11-09,ASSET_B,122.87,1612103,Banking
2021-11-09,ASSET_C,46.03,1140881,Consumer
2021-11-09,ASSET_D,22.37,888739,Materials
2021-11-09,ASSET_E,58.81,845130,Retail
2021-11-09,VNINDEX,807.59,0,Benchmark
2021-11-10,ASSET_A,153.56,978897,Technology
2021-11-10,ASSET_B,121.55,2181759,Banking
2021-11-10,ASSET_C,45.57,1905981,Consumer
2021-11-10,ASSET_D,22.32,531259,Materials
2021-11-10,ASSET_E,58.31,1282568,Retail
2021-11-10,VNINDEX,805.2,0,Benchmark
2021-11-11,ASSET_A,156.84,2019209,Technology
2021-11-11,ASSET_B,122.76,2109009,Banking
2021-11-11,ASSET_C,45.75,590056,Consumer
2021-11-11,ASSET_D,22.3,1699240,Materials
2021-11-11,ASSET_E,58.39,1638116,Retail
2021-11-11,VNINDEX,810.58,0,Benchmark
2021-11-12,ASSET_A,156.41,1776531,Technology
2021-11-12,ASSET_B,123.11,583299,Banking
2021-11-12,ASSET_C,46.13,453912,Consumer
2021-11-12,ASSET_D,22.43,2205258,Materials
2021-11-12,ASSET_E,58.58,1723186,Retail
2021-11-12,VNINDEX,813.38,0,Benchmark
2021-11-15,ASSET_A,157.78,1557709,Technology
2021-11-15,ASSET_B,121.4,1229725,Banking
2021-11-15,ASSET_C,45.79,1920642,Consumer
2021-11-15,ASSET_D,22.23,562473,Materials
2021-11-15,ASSET_E,58.55,1129350,Retail
2021-11-15,VNINDEX,805.02,0,Benchmark
2021-11-16,ASSET_A,161.05,1048092,Technology
2021-11-16,ASSET_B,121.73,489942,Banking
2021-11-16,ASSET_C,46.1,698288,Consumer
2021-11-16,ASSET_D,22.25,1747868,Materials
2021-11-16,ASSET_E,60.07,613334,Retail
2021-11-16,VNINDEX,815.2,0,Benchmark
2021-11-17,ASSET_A,158.63,1769756,Technology
2021-11-17,ASSET_B,122.53,1208071,Banking
2021-11-17,ASSET_C,45.75,1281275,Consumer
2021-11-17,ASSET_D,22.24,471500,Materials
2021-11-17,ASSET_E,59.92,1680537,Retail
2021-11-17,VNINDEX,811.88,0,Benchmark
2021-11-18,ASSET_A,155.26,2495062,Technology
2021-11-18,ASSET_B,119.53,1737679,Banking
2021-11-18,ASSET_C,45.42,1834058,Consumer
2021-11-18,ASSET_D,22.23,2170454,Materials
2021-11-18,ASSET_E,59.26,1880796,Retail
2021-11-18,VNINDEX,800.58,0,Benchmark
2021-11-19,ASSET_A,154.94,2338566,Technology
2021-11-19,ASSET_B,119.2,837646,Banking
2021-11-19,ASSET_C,44.28,1479731,Consumer
2021-11-19,ASSET_D,21.97,534428,Materials
2021-11-19,ASSET_E,58.66,961577,Retail
2021-11-19,VNINDEX,793.58,0,Benchmark
2021-11-22,ASSET_A,155.09,2324234,Technology
2021-11-22,ASSET_B,117.26,715049,Banking
2021-11-22,ASSET_C,44.22,659228,Consumer
2021-11-22,ASSET_D,21.55,1314766,Materials
2021-11-22,ASSET_E,58.45,1742983,Retail
2021-11-22,VNINDEX,786.78,0,Benchmark
2021-11-23,ASSET_A,155.1,861380,Technology
2021-11-23,ASSET_B,116.74,1430956,Banking
2021-11-23,ASSET_C,43.63,1916581,Consumer
2021-11-23,ASSET_D,21.52,658853,Materials
2021-11-23,ASSET_E,58.7,1594823,Retail
2021-11-23,VNINDEX,787.31,0,Benchmark
2021-11-24,ASSET_A,154.79,1629150,Technology
2021-11-24,ASSET_B,117.62,1502392,Banking
2021-11-24,ASSET_C,43.09,501412,Consumer
2021-11-24,ASSET_D,21.69,1265525,Materials
2021-11-24,ASSET_E,59.32,1452847,Retail
2021-11-24,VNINDEX,785.61,0,Benchmark
2021-11-25,ASSET_A,155.53,1235389,Technology
2021-11-25,ASSET_B,118.2,1899613,Banking
2021-11-25,ASSET_C,42.82,887874,Consumer
2021-11-25,ASSET_D,21.31,1301313,Materials
2021-11-25,ASSET_E,58.12,417216,Retail
2021-11-25,VNINDEX,783.49,0,Benchmark
2021-11-26,ASSET_A,156.75,2430588,Technology
2021-11-26,ASSET_B,119.28,429628,Banking
2021-11-26,ASSET_C,43.74,629351,Consumer
2021-11-26,ASSET_D,21.59,1533803,Materials
2021-11-26,ASSET_E,58.3,1045331,Retail
2021-11-26,VNINDEX,787.9,0,Benchmark
2021-11-29,ASSET_A,155.21,2395179,Technology
2021-11-29,ASSET_B,120.56,920764,Banking
2021-11-29,ASSET_C,44.42,1476455,Consumer
2021-11-29,ASSET_D,21.49,2141447,Materials
2021-11-29,ASSET_E,58.67,1186354,Retail
2021-11-29,VNINDEX,790.42,0,Benchmark
2021-11-30,ASSET_A,154.43,2222836,Technology
2021-11-30,ASSET_B,120.73,2037851,Banking
2021-11-30,ASSET_C,44.77,1850415,Consumer
2021-11-30,ASSET_D,21.62,2492646,Materials
2021-11-30,ASSET_E,58.82,2151084,Retail
2021-11-30,VNINDEX,792.78,0,Benchmark
2021-12-01,ASSET_A,155.49,741737,Technology
2021-12-01,ASSET_B,121.32,1832155,Banking
2021-12-01,ASSET_C,45.04,1764797,Consumer
2021-12-01,ASSET_D,21.56,1118140,Materials
2021-12-01,ASSET_E,58.51,2135417,Retail
2021-12-01,VNINDEX,795.82,0,Benchmark
2021-12-02,ASSET_A,158.52,1069686,Technology
2021-12-02,ASSET_B,121.52,2289013,Banking
2021-12-02,ASSET_C,44.62,692583,Consumer
2021-12-02,ASSET_D,21.54,2338894,Materials
2021-12-02,ASSET_E,58.09,2234876,Retail
2021-12-02,VNINDEX,800.31,0,Benchmark
2021-12-03,ASSET_A,157.87,1893678,Technology
2021-12-03,ASSET_B,119.58,2111016,Banking
2021-12-03,ASSET_C,43.98,1121058,Consumer
2021-12-03,ASSET_D,21.52,1297815,Materials
2021-12-03,ASSET_E,57.53,1372313,Retail
2021-12-03,VNINDEX,785.76,0,Benchmark
2021-12-06,ASSET_A,158.63,1974152,Technology
2021-12-06,ASSET_B,118.41,2161653,Banking
2021-12-06,ASSET_C,43.68,707239,Consumer
2021-12-06,ASSET_D,21.09,648448,Materials
2021-12-06,ASSET_E,56.95,1086535,Retail
2021-12-06,VNINDEX,783.4,0,Benchmark
2021-12-07,ASSET_A,155.66,1135609,Technology
2021-12-07,ASSET_B,117.0,1472356,Banking
2021-12-07,ASSET_C,42.71,1119663,Consumer
2021-12-07,ASSET_D,20.79,1660527,Materials
2021-12-07,ASSET_E,54.99,1448448,Retail
2021-12-07,VNINDEX,768.6,0,Benchmark
2021-12-08,ASSET_A,157.0,687346,Technology
2021-12-08,ASSET_B,116.76,2412540,Banking
2021-12-08,ASSET_C,42.78,883630,Consumer
2021-12-08,ASSET_D,21.24,1917793,Materials
2021-12-08,ASSET_E,55.48,2062555,Retail
2021-12-08,VNINDEX,769.01,0,Benchmark
2021-12-09,ASSET_A,155.92,687511,Technology
2021-12-09,ASSET_B,116.81,1273477,Banking
2021-12-09,ASSET_C,42.63,1954828,Consumer
2021-12-09,ASSET_D,21.42,1034503,Materials
2021-12-09,ASSET_E,55.73,1705311,Retail
2021-12-09,VNINDEX,769.15,0,Benchmark
2021-12-10,ASSET_A,157.38,1837557,Technology
2021-12-10,ASSET_B,119.05,2296501,Banking
2021-12-10,ASSET_C,43.27,1976912,Consumer
2021-12-10,ASSET_D,21.29,1638346,Materials
2021-12-10,ASSET_E,56.18,1662591,Retail
2021-12-10,VNINDEX,776.52,0,Benchmark
2021-12-13,ASSET_A,157.96,1353755,Technology
2021-12-13,ASSET_B,120.76,1222882,Banking
2021-12-13,ASSET_C,43.02,2118620,Consumer
2021-12-13,ASSET_D,21.2,1308329,Materials
2021-12-13,ASSET_E,56.26,1311840,Retail
2021-12-13,VNINDEX,784.97,0,Benchmark
2021-12-14,ASSET_A,156.23,1431271,Technology
2021-12-14,ASSET_B,120.77,1332437,Banking
2021-12-14,ASSET_C,43.12,820741,Consumer
2021-12-14,ASSET_D,21.06,704547,Materials
2021-12-14,ASSET_E,56.3,1862599,Retail
2021-12-14,VNINDEX,786.57,0,Benchmark
2021-12-15,ASSET_A,156.02,2112266,Technology
2021-12-15,ASSET_B,120.07,1839872,Banking
2021-12-15,ASSET_C,42.67,428341,Consumer
2021-12-15,ASSET_D,21.0,1211254,Materials
2021-12-15,ASSET_E,56.74,2220861,Retail
2021-12-15,VNINDEX,783.22,0,Benchmark
2021-12-16,ASSET_A,157.15,435334,Technology
2021-12-16,ASSET_B,121.74,1236531,Banking
2021-12-16,ASSET_C,42.7,474288,Consumer
2021-12-16,ASSET_D,21.16,1297727,Materials
2021-12-16,ASSET_E,56.1,1802732,Retail
2021-12-16,VNINDEX,786.82,0,Benchmark
2021-12-17,ASSET_A,157.5,1984514,Technology
2021-12-17,ASSET_B,120.32,708910,Banking
2021-12-17,ASSET_C,42.63,2171316,Consumer
2021-12-17,ASSET_D,20.74,1117955,Materials
2021-12-17,ASSET_E,55.01,1246981,Retail
2021-12-17,VNINDEX,783.26,0,Benchmark
2021-12-20,ASSET_A,158.47,975882,Technology
2021-12-20,ASSET_B,120.22,2281985,Banking
2021-12-20,ASSET_C,42.27,2302313,Consumer
2021-12-20,ASSET_D,20.52,2321786,Materials
2021-12-20,ASSET_E,54.68,2163899,Retail
2021-12-20,VNINDEX,783.42,0,Benchmark
2021-12-21,ASSET_A,160.56,2355540,Technology
2021-12-21,ASSET_B,121.66,1351146,Banking
2021-12-21,ASSET_C,42.65,844707,Consumer
2021-12-21,ASSET_D,20.51,1215625,Materials
2021-12-21,ASSET_E,55.15,2379360,Retail
2021-12-21,VNINDEX,790.61,0,Benchmark
2021-12-22,ASSET_A,160.64,2406302,Technology
2021-12-22,ASSET_B,121.83,2346571,Banking
2021-12-22,ASSET_C,42.41,2240268,Consumer
2021-12-22,ASSET_D,20.36,1715042,Materials
2021-12-22,ASSET_E,54.62,2072806,Retail
2021-12-22,VNINDEX,786.8,0,Benchmark
2021-12-23,ASSET_A,161.96,1454486,Technology
2021-12-23,ASSET_B,122.92,1238142,Banking
2021-12-23,ASSET_C,42.46,1512462,Consumer
2021-12-23,ASSET_D,21.03,423347,Materials
2021-12-23,ASSET_E,55.37,2241569,Retail
2021-12-23,VNINDEX,792.75,0,Benchmark
2021-12-24,ASSET_A,163.89,1063246,Technology
2021-12-24,ASSET_B,125.96,2442955,Banking
2021-12-24,ASSET_C,42.53,788119,Consumer
2021-12-24,ASSET_D,20.93,1057964,Materials
2021-12-24,ASSET_E,56.31,957544,Retail
2021-12-24,VNINDEX,797.83,0,Benchmark
2021-12-27,ASSET_A,161.02,889681,Technology
2021-12-27,ASSET_B,124.4,1666097,Banking
2021-12-27,ASSET_C,42.17,1057159,Consumer
2021-12-27,ASSET_D,20.5,2261147,Materials
2021-12-27,ASSET_E,56.01,1284284,Retail
2021-12-27,VNINDEX,791.09,0,Benchmark
2021-12-28,ASSET_A,163.38,781054,Technology
2021-12-28,ASSET_B,125.62,2013466,Banking
2021-12-28,ASSET_C,42.24,957219,Consumer
2021-12-28,ASSET_D,20.4,2274173,Materials
2021-12-28,ASSET_E,56.81,923622,Retail
2021-12-28,VNINDEX,798.34,0,Benchmark
2021-12-29,ASSET_A,165.83,2498333,Technology
2021-12-29,ASSET_B,126.51,1986621,Banking
2021-12-29,ASSET_C,42.48,2003605,Consumer
2021-12-29,ASSET_D,20.71,2452428,Materials
2021-12-29,ASSET_E,57.33,1168181,Retail
2021-12-29,VNINDEX,803.64,0,Benchmark
2021-12-30,ASSET_A,164.84,793816,Technology
2021-12-30,ASSET_B,125.21,824176,Banking
2021-12-30,ASSET_C,42.43,795970,Consumer
2021-12-30,ASSET_D,20.72,519427,Materials
2021-12-30,ASSET_E,57.4,1940335,Retail
2021-12-30,VNINDEX,804.57,0,Benchmark
2021-12-31,ASSET_A,163.65,1337784,Technology
2021-12-31,ASSET_B,122.96,2112520,Banking
2021-12-31,ASSET_C,41.98,784442,Consumer
2021-12-31,ASSET_D,20.35,2211242,Materials
2021-12-31,ASSET_E,56.29,1820918,Retail
2021-12-31,VNINDEX,799.12,0,Benchmark
2022-01-03,ASSET_A,161.09,1406347,Technology
2022-01-03,ASSET_B,121.15,2384403,Banking
2022-01-03,ASSET_C,42.24,1911022,Consumer
2022-01-03,ASSET_D,20.09,962038,Materials
2022-01-03,ASSET_E,55.31,406699,Retail
2022-01-03,VNINDEX,792.99,0,Benchmark
2022-01-04,ASSET_A,159.29,1826279,Technology
2022-01-04,ASSET_B,121.65,1788378,Banking
2022-01-04,ASSET_C,42.21,1034626,Consumer
2022-01-04,ASSET_D,19.79,412058,Materials
2022-01-04,ASSET_E,54.32,1986144,Retail
2022-01-04,VNINDEX,789.23,0,Benchmark
2022-01-05,ASSET_A,158.27,2169563,Technology
2022-01-05,ASSET_B,122.45,2388997,Banking
2022-01-05,ASSET_C,42.27,925018,Consumer
2022-01-05,ASSET_D,19.98,594212,Materials
2022-01-05,ASSET_E,54.51,803371,Retail
2022-01-05,VNINDEX,793.38,0,Benchmark
2022-01-06,ASSET_A,158.92,1571792,Technology
2022-01-06,ASSET_B,120.55,2176783,Banking
2022-01-06,ASSET_C,42.01,2096383,Consumer
2022-01-06,ASSET_D,20.48,1976859,Materials
2022-01-06,ASSET_E,54.19,790309,Retail
2022-01-06,VNINDEX,786.55,0,Benchmark
2022-01-07,ASSET_A,161.61,1991803,Technology
2022-01-07,ASSET_B,122.58,1798875,Banking
2022-01-07,ASSET_C,41.82,2356044,Consumer
2022-01-07,ASSET_D,20.72,1642969,Materials
2022-01-07,ASSET_E,53.62,1541595,Retail
2022-01-07,VNINDEX,789.93,0,Benchmark
2022-01-10,ASSET_A,160.47,1590041,Technology
2022-01-10,ASSET_B,122.5,1402133,Banking
2022-01-10,ASSET_C,41.27,1566271,Consumer
2022-01-10,ASSET_D,20.45,1603510,Materials
2022-01-10,ASSET_E,53.08,906194,Retail
2022-01-10,VNINDEX,781.02,0,Benchmark
2022-01-11,ASSET_A,163.72,1317389,Technology
2022-01-11,ASSET_B,123.64,2200288,Banking
2022-01-11,ASSET_C,41.1,2138046,Consumer
2022-01-11,ASSET_D,20.24,2252196,Materials
2022-01-11,ASSET_E,52.53,2422243,Retail
2022-01-11,VNINDEX,779.7,0,Benchmark
2022-01-12,ASSET_A,163.61,731274,Technology
2022-01-12,ASSET_B,122.88,789544,Banking
2022-01-12,ASSET_C,40.73,2166668,Consumer
2022-01-12,ASSET_D,19.92,597767,Materials
2022-01-12,ASSET_E,52.02,707130,Retail
2022-01-12,VNINDEX,780.68,0,Benchmark
2022-01-13,ASSET_A,173.83,838326,Technology
2022-01-13,ASSET_B,126.06,1578470,Banking
2022-01-13,ASSET_C,41.67,1635642,Consumer
2022-01-13,ASSET_D,20.6,573722,Materials
2022-01-13,ASSET_E,52.84,718452,Retail
2022-01-13,VNINDEX,798.95,0,Benchmark
2022-01-14,ASSET_A,170.87,1308077,Technology
2022-01-14,ASSET_B,126.08,2113025,Banking
2022-01-14,ASSET_C,41.05,2142364,Consumer
2022-01-14,ASSET_D,20.51,2359004,Materials
2022-01-14,ASSET_E,51.61,1997452,Retail
2022-01-14,VNINDEX,788.86,0,Benchmark
2022-01-17,ASSET_A,174.16,496736,Technology
2022-01-17,ASSET_B,128.69,2382666,Banking
2022-01-17,ASSET_C,41.43,418770,Consumer
2022-01-17,ASSET_D,20.69,1673086,Materials
2022-01-17,ASSET_E,52.63,1001812,Retail
2022-01-17,VNINDEX,800.04,0,Benchmark
2022-01-18,ASSET_A,173.71,1064359,Technology
2022-01-18,ASSET_B,128.65,960947,Banking
2022-01-18,ASSET_C,41.29,474163,Consumer
2022-01-18,ASSET_D,21.05,2030055,Materials
2022-01-18,ASSET_E,52.63,1900243,Retail
2022-01-18,VNINDEX,801.35,0,Benchmark
2022-01-19,ASSET_A,175.26,1371523,Technology
2022-01-19,ASSET_B,130.2,597266,Banking
2022-01-19,ASSET_C,42.46,2255705,Consumer
2022-01-19,ASSET_D,21.15,1502102,Materials
2022-01-19,ASSET_E,53.28,1831113,Retail
2022-01-19,VNINDEX,804.64,0,Benchmark
2022-01-20,ASSET_A,177.2,1392534,Technology
2022-01-20,ASSET_B,131.65,1100056,Banking
2022-01-20,ASSET_C,42.27,694907,Consumer
2022-01-20,ASSET_D,21.39,705122,Materials
2022-01-20,ASSET_E,53.1,797013,Retail
2022-01-20,VNINDEX,805.72,0,Benchmark
2022-01-21,ASSET_A,177.88,2111028,Technology
2022-01-21,ASSET_B,131.71,2214323,Banking
2022-01-21,ASSET_C,41.71,1928299,Consumer
2022-01-21,ASSET_D,21.57,1497563,Materials
2022-01-21,ASSET_E,53.1,1617784,Retail
2022-01-21,VNINDEX,809.31,0,Benchmark
2022-01-24,ASSET_A,181.25,2432084,Technology
2022-01-24,ASSET_B,131.77,1500042,Banking
2022-01-24,ASSET_C,41.12,1282265,Consumer
2022-01-24,ASSET_D,21.49,2424487,Materials
2022-01-24,ASSET_E,54.08,1527437,Retail
2022-01-24,VNINDEX,808.31,0,Benchmark
2022-01-25,ASSET_A,184.71,1932332,Technology
2022-01-25,ASSET_B,135.36,516557,Banking
2022-01-25,ASSET_C,41.88,2054605,Consumer
2022-01-25,ASSET_D,21.54,647143,Materials
2022-01-25,ASSET_E,53.89,598657,Retail
2022-01-25,VNINDEX,819.76,0,Benchmark
2022-01-26,ASSET_A,184.4,567025,Technology
2022-01-26,ASSET_B,133.19,650661,Banking
2022-01-26,ASSET_C,42.2,1796943,Consumer
2022-01-26,ASSET_D,21.41,665017,Materials
2022-01-26,ASSET_E,54.4,2004902,Retail
2022-01-26,VNINDEX,816.38,0,Benchmark
2022-01-27,ASSET_A,184.83,1258061,Technology
2022-01-27,ASSET_B,135.13,1112124,Banking
2022-01-27,ASSET_C,42.36,550832,Consumer
2022-01-27,ASSET_D,21.9,1127914,Materials
2022-01-27,ASSET_E,55.93,2200540,Retail
2022-01-27,VNINDEX,825.45,0,Benchmark
2022-01-28,ASSET_A,184.45,1932812,Technology
2022-01-28,ASSET_B,132.69,1119741,Banking
2022-01-28,ASSET_C,42.59,1107347,Consumer
2022-01-28,ASSET_D,21.62,1354827,Materials
2022-01-28,ASSET_E,56.06,2388760,Retail
2022-01-28,VNINDEX,820.55,0,Benchmark
2022-01-31,ASSET_A,184.09,1648875,Technology
2022-01-31,ASSET_B,131.41,684183,Banking
2022-01-31,ASSET_C,42.85,1887976,Consumer
2022-01-31,ASSET_D,21.73,1720452,Materials
2022-01-31,ASSET_E,55.85,584588,Retail
2022-01-31,VNINDEX,820.25,0,Benchmark
2022-02-01,ASSET_A,180.7,1361346,Technology
2022-02-01,ASSET_B,129.01,1437702,Banking
2022-02-01,ASSET_C,42.41,2335259,Consumer
2022-02-01,ASSET_D,21.2,733849,Materials
2022-02-01,ASSET_E,56.15,774897,Retail
2022-02-01,VNINDEX,812.01,0,Benchmark
2022-02-02,ASSET_A,180.04,1316117,Technology
2022-02-02,ASSET_B,130.37,1406183,Banking
2022-02-02,ASSET_C,42.49,2089637,Consumer
2022-02-02,ASSET_D,21.52,2361270,Materials
2022-02-02,ASSET_E,56.2,2132697,Retail
2022-02-02,VNINDEX,815.76,0,Benchmark
2022-02-03,ASSET_A,188.74,1252514,Technology
2022-02-03,ASSET_B,132.39,818546,Banking
2022-02-03,ASSET_C,43.07,2272911,Consumer
2022-02-03,ASSET_D,21.94,715400,Materials
2022-02-03,ASSET_E,56.54,1039092,Retail
2022-02-03,VNINDEX,827.42,0,Benchmark
2022-02-04,ASSET_A,188.05,1615933,Technology
2022-02-04,ASSET_B,131.49,887716,Banking
2022-02-04,ASSET_C,43.37,2408934,Consumer
2022-02-04,ASSET_D,21.58,820173,Materials
2022-02-04,ASSET_E,56.28,1713629,Retail
2022-02-04,VNINDEX,826.98,0,Benchmark
2022-02-07,ASSET_A,184.54,775440,Technology
2022-02-07,ASSET_B,131.27,1795291,Banking
2022-02-07,ASSET_C,43.45,2277860,Consumer
2022-02-07,ASSET_D,21.48,2432392,Materials
2022-02-07,ASSET_E,55.86,1131513,Retail
2022-02-07,VNINDEX,825.58,0,Benchmark
2022-02-08,ASSET_A,180.82,1486761,Technology
2022-02-08,ASSET_B,128.06,2399351,Banking
2022-02-08,ASSET_C,42.81,1618987,Consumer
2022-02-08,ASSET_D,21.5,1190983,Materials
2022-02-08,ASSET_E,54.75,856920,Retail
2022-02-08,VNINDEX,816.87,0,Benchmark
2022-02-09,ASSET_A,180.3,832322,Technology
2022-02-09,ASSET_B,128.25,2492646,Banking
2022-02-09,ASSET_C,42.68,1105902,Consumer
2022-02-09,ASSET_D,21.1,1601457,Materials
2022-02-09,ASSET_E,55.29,1712452,Retail
2022-02-09,VNINDEX,815.22,0,Benchmark
2022-02-10,ASSET_A,178.28,1830029,Technology
2022-02-10,ASSET_B,127.09,1574574,Banking
2022-02-10,ASSET_C,42.84,1466887,Consumer
2022-02-10,ASSET_D,20.48,1313369,Materials
2022-02-10,ASSET_E,54.04,831598,Retail
2022-02-10,VNINDEX,802.83,0,Benchmark
2022-02-11,ASSET_A,177.65,2215972,Technology
2022-02-11,ASSET_B,125.56,480845,Banking
2022-02-11,ASSET_C,42.61,2070953,Consumer
2022-02-11,ASSET_D,20.27,944267,Materials
2022-02-11,ASSET_E,53.58,686479,Retail
2022-02-11,VNINDEX,795.87,0,Benchmark
2022-02-14,ASSET_A,179.57,1466188,Technology
2022-02-14,ASSET_B,125.72,2285234,Banking
2022-02-14,ASSET_C,43.02,1293333,Consumer
2022-02-14,ASSET_D,20.91,1464146,Materials
2022-02-14,ASSET_E,52.89,1513948,Retail
2022-02-14,VNINDEX,797.81,0,Benchmark
2022-02-15,ASSET_A,180.94,1213917,Technology
2022-02-15,ASSET_B,128.35,2396095,Banking
2022-02-15,ASSET_C,43.7,2144736,Consumer
2022-02-15,ASSET_D,21.01,2030438,Materials
2022-02-15,ASSET_E,53.57,806201,Retail
2022-02-15,VNINDEX,808.39,0,Benchmark
2022-02-16,ASSET_A,187.57,2375283,Technology
2022-02-16,ASSET_B,130.51,983922,Banking
2022-02-16,ASSET_C,44.86,1872704,Consumer
2022-02-16,ASSET_D,21.78,424013,Materials
2022-02-16,ASSET_E,54.33,803727,Retail
2022-02-16,VNINDEX,831.22,0,Benchmark
2022-02-17,ASSET_A,184.46,1785353,Technology
2022-02-17,ASSET_B,130.24,1240752,Banking
2022-02-17,ASSET_C,44.69,839566,Consumer
2022-02-17,ASSET_D,21.73,2238013,Materials
2022-02-17,ASSET_E,53.37,2038917,Retail
2022-02-17,VNINDEX,826.61,0,Benchmark
2022-02-18,ASSET_A,186.18,1298859,Technology
2022-02-18,ASSET_B,136.74,454552,Banking
2022-02-18,ASSET_C,45.59,2333724,Consumer
2022-02-18,ASSET_D,21.88,787158,Materials
2022-02-18,ASSET_E,54.04,1510343,Retail
2022-02-18,VNINDEX,838.59,0,Benchmark
2022-02-21,ASSET_A,184.72,460446,Technology
2022-02-21,ASSET_B,137.04,2082527,Banking
2022-02-21,ASSET_C,45.97,2177146,Consumer
2022-02-21,ASSET_D,21.99,2326968,Materials
2022-02-21,ASSET_E,54.79,1538312,Retail
2022-02-21,VNINDEX,840.8,0,Benchmark
2022-02-22,ASSET_A,181.87,433424,Technology
2022-02-22,ASSET_B,136.66,2028875,Banking
2022-02-22,ASSET_C,46.03,1659485,Consumer
2022-02-22,ASSET_D,21.83,2420673,Materials
2022-02-22,ASSET_E,54.98,701165,Retail
2022-02-22,VNINDEX,839.72,0,Benchmark
2022-02-23,ASSET_A,185.14,865121,Technology
2022-02-23,ASSET_B,138.46,443317,Banking
2022-02-23,ASSET_C,45.93,807625,Consumer
2022-02-23,ASSET_D,21.83,2359268,Materials
2022-02-23,ASSET_E,55.53,736811,Retail
2022-02-23,VNINDEX,843.52,0,Benchmark
2022-02-24,ASSET_A,186.85,896384,Technology
2022-02-24,ASSET_B,140.84,1874993,Banking
2022-02-24,ASSET_C,46.11,877295,Consumer
2022-02-24,ASSET_D,21.36,1766749,Materials
2022-02-24,ASSET_E,55.49,1220548,Retail
2022-02-24,VNINDEX,844.23,0,Benchmark
2022-02-25,ASSET_A,189.32,1914939,Technology
2022-02-25,ASSET_B,142.43,1264951,Banking
2022-02-25,ASSET_C,46.14,2162831,Consumer
2022-02-25,ASSET_D,21.38,2301721,Materials
2022-02-25,ASSET_E,55.36,1215708,Retail
2022-02-25,VNINDEX,845.34,0,Benchmark
2022-02-28,ASSET_A,188.57,1451274,Technology
2022-02-28,ASSET_B,138.77,1545532,Banking
2022-02-28,ASSET_C,45.86,436905,Consumer
2022-02-28,ASSET_D,21.56,2205043,Materials
2022-02-28,ASSET_E,55.63,1348419,Retail
2022-02-28,VNINDEX,842.09,0,Benchmark
2022-03-01,ASSET_A,187.34,2499914,Technology
2022-03-01,ASSET_B,137.06,858503,Banking
2022-03-01,ASSET_C,46.4,1415584,Consumer
2022-03-01,ASSET_D,21.27,1741758,Materials
2022-03-01,ASSET_E,54.57,682437,Retail
2022-03-01,VNINDEX,830.58,0,Benchmark
2022-03-02,ASSET_A,180.24,1535200,Technology
2022-03-02,ASSET_B,137.8,2112219,Banking
2022-03-02,ASSET_C,45.19,1700137,Consumer
2022-03-02,ASSET_D,21.24,2273189,Materials
2022-03-02,ASSET_E,54.28,2286715,Retail
2022-03-02,VNINDEX,818.0,0,Benchmark
2022-03-03,ASSET_A,183.54,2296552,Technology
2022-03-03,ASSET_B,139.87,1249252,Banking
2022-03-03,ASSET_C,45.84,888253,Consumer
2022-03-03,ASSET_D,21.56,1119179,Materials
2022-03-03,ASSET_E,55.37,1161649,Retail
2022-03-03,VNINDEX,823.57,0,Benchmark
2022-03-04,ASSET_A,183.39,1560008,Technology
2022-03-04,ASSET_B,137.83,2164177,Banking
2022-03-04,ASSET_C,45.39,2215655,Consumer
2022-03-04,ASSET_D,21.49,2152820,Materials
2022-03-04,ASSET_E,54.73,2114072,Retail
2022-03-04,VNINDEX,821.46,0,Benchmark
2022-03-07,ASSET_A,183.56,1152180,Technology
2022-03-07,ASSET_B,137.18,711370,Banking
2022-03-07,ASSET_C,45.22,1496863,Consumer
2022-03-07,ASSET_D,21.17,2343692,Materials
2022-03-07,ASSET_E,54.02,1240418,Retail
2022-03-07,VNINDEX,816.72,0,Benchmark
2022-03-08,ASSET_A,184.47,1900559,Technology
2022-03-08,ASSET_B,135.51,1634596,Banking
2022-03-08,ASSET_C,46.26,538548,Consumer
2022-03-08,ASSET_D,21.04,1733933,Materials
2022-03-08,ASSET_E,53.71,1391568,Retail
2022-03-08,VNINDEX,816.97,0,Benchmark
2022-03-09,ASSET_A,184.02,1343795,Technology
2022-03-09,ASSET_B,138.65,1051324,Banking
2022-03-09,ASSET_C,46.2,1072342,Consumer
2022-03-09,ASSET_D,20.8,657242,Materials
2022-03-09,ASSET_E,53.27,635431,Retail
2022-03-09,VNINDEX,823.75,0,Benchmark
2022-03-10,ASSET_A,181.13,976761,Technology
2022-03-10,ASSET_B,137.71,2428448,Banking
2022-03-10,ASSET_C,45.98,1234899,Consumer
2022-03-10,ASSET_D,20.77,849631,Materials
2022-03-10,ASSET_E,53.1,1821029,Retail
2022-03-10,VNINDEX,825.43,0,Benchmark
2022-03-11,ASSET_A,178.25,1393773,Technology
2022-03-11,ASSET_B,136.67,1569460,Banking
2022-03-11,ASSET_C,45.73,867894,Consumer
2022-03-11,ASSET_D,20.67,754479,Materials
2022-03-11,ASSET_E,53.54,525650,Retail
2022-03-11,VNINDEX,820.13,0,Benchmark
2022-03-14,ASSET_A,182.12,1796297,Technology
2022-03-14,ASSET_B,137.76,1911395,Banking
2022-03-14,ASSET_C,45.88,2374098,Consumer
2022-03-14,ASSET_D,21.45,1519553,Materials
2022-03-14,ASSET_E,53.56,1970538,Retail
2022-03-14,VNINDEX,830.61,0,Benchmark
2022-03-15,ASSET_A,187.13,1188674,Technology
2022-03-15,ASSET_B,139.95,580995,Banking
2022-03-15,ASSET_C,46.88,1157063,Consumer
2022-03-15,ASSET_D,21.98,1311037,Materials
2022-03-15,ASSET_E,55.21,2251363,Retail
2022-03-15,VNINDEX,844.27,0,Benchmark
2022-03-16,ASSET_A,185.15,1878467,Technology
2022-03-16,ASSET_B,143.02,1821438,Banking
2022-03-16,ASSET_C,46.87,1453521,Consumer
2022-03-16,ASSET_D,21.84,2137425,Materials
2022-03-16,ASSET_E,55.22,1159395,Retail
2022-03-16,VNINDEX,848.73,0,Benchmark
2022-03-17,ASSET_A,185.1,2459502,Technology
2022-03-17,ASSET_B,145.07,612263,Banking
2022-03-17,ASSET_C,47.55,1524046,Consumer
2022-03-17,ASSET_D,21.64,995696,Materials
2022-03-17,ASSET_E,57.08,2264060,Retail
2022-03-17,VNINDEX,857.42,0,Benchmark
2022-03-18,ASSET_A,186.22,1263689,Technology
2022-03-18,ASSET_B,146.71,1158985,Banking
2022-03-18,ASSET_C,47.51,863382,Consumer
2022-03-18,ASSET_D,21.87,747699,Materials
2022-03-18,ASSET_E,57.35,1867472,Retail
2022-03-18,VNINDEX,868.59,0,Benchmark
2022-03-21,ASSET_A,187.94,1019993,Technology
2022-03-21,ASSET_B,147.28,867204,Banking
2022-03-21,ASSET_C,47.23,1592618,Consumer
2022-03-21,ASSET_D,22.39,1693038,Materials
2022-03-21,ASSET_E,57.9,405415,Retail
2022-03-21,VNINDEX,878.92,0,Benchmark
2022-03-22,ASSET_A,186.21,1244555,Technology
2022-03-22,ASSET_B,145.76,404743,Banking
2022-03-22,ASSET_C,47.39,1142678,Consumer
2022-03-22,ASSET_D,22.48,691833,Materials
2022-03-22,ASSET_E,57.67,826083,Retail
2022-03-22,VNINDEX,884.68,0,Benchmark
2022-03-23,ASSET_A,184.33,2160349,Technology
2022-03-23,ASSET_B,145.14,1631204,Banking
2022-03-23,ASSET_C,46.98,421672,Consumer
2022-03-23,ASSET_D,22.8,2301134,Materials
2022-03-23,ASSET_E,57.58,1746528,Retail
2022-03-23,VNINDEX,890.35,0,Benchmark
2022-03-24,ASSET_A,183.64,775742,Technology
2022-03-24,ASSET_B,146.36,905979,Banking
2022-03-24,ASSET_C,47.86,1257093,Consumer
2022-03-24,ASSET_D,22.88,570446,Materials
2022-03-24,ASSET_E,58.76,1873477,Retail
2022-03-24,VNINDEX,895.33,0,Benchmark
2022-03-25,ASSET_A,181.5,2444722,Technology
2022-03-25,ASSET_B,145.69,1476419,Banking
2022-03-25,ASSET_C,46.76,1626070,Consumer
2022-03-25,ASSET_D,22.84,1431165,Materials
2022-03-25,ASSET_E,58.45,596725,Retail
2022-03-25,VNINDEX,885.43,0,Benchmark
2022-03-28,ASSET_A,180.41,1269373,Technology
2022-03-28,ASSET_B,146.28,2004233,Banking
2022-03-28,ASSET_C,46.62,646307,Consumer
2022-03-28,ASSET_D,22.51,2392289,Materials
2022-03-28,ASSET_E,59.56,1837733,Retail
2022-03-28,VNINDEX,892.07,0,Benchmark
2022-03-29,ASSET_A,177.31,2167390,Technology
2022-03-29,ASSET_B,145.98,774131,Banking
2022-03-29,ASSET_C,46.25,2036705,Consumer
2022-03-29,ASSET_D,22.69,1563128,Materials
2022-03-29,ASSET_E,57.91,2101297,Retail
2022-03-29,VNINDEX,879.8,0,Benchmark
2022-03-30,ASSET_A,178.0,2052314,Technology
2022-03-30,ASSET_B,143.42,1890729,Banking
2022-03-30,ASSET_C,45.69,1787663,Consumer
2022-03-30,ASSET_D,22.15,2097471,Materials
2022-03-30,ASSET_E,57.9,592968,Retail
2022-03-30,VNINDEX,872.76,0,Benchmark
2022-03-31,ASSET_A,177.94,2045513,Technology
2022-03-31,ASSET_B,145.66,1023763,Banking
2022-03-31,ASSET_C,45.6,1050932,Consumer
2022-03-31,ASSET_D,22.73,1288580,Materials
2022-03-31,ASSET_E,58.02,2247081,Retail
2022-03-31,VNINDEX,884.88,0,Benchmark
2022-04-01,ASSET_A,179.33,2308843,Technology
2022-04-01,ASSET_B,145.75,1095146,Banking
2022-04-01,ASSET_C,46.8,1643545,Consumer
2022-04-01,ASSET_D,22.85,1985182,Materials
2022-04-01,ASSET_E,57.64,1519466,Retail
2022-04-01,VNINDEX,892.86,0,Benchmark
2022-04-04,ASSET_A,184.96,788190,Technology
2022-04-04,ASSET_B,150.28,1611690,Banking
2022-04-04,ASSET_C,47.0,1037680,Consumer
2022-04-04,ASSET_D,23.2,1885895,Materials
2022-04-04,ASSET_E,58.67,1694891,Retail
2022-04-04,VNINDEX,907.04,0,Benchmark
2022-04-05,ASSET_A,183.44,1646587,Technology
2022-04-05,ASSET_B,153.02,1713724,Banking
2022-04-05,ASSET_C,46.82,1760218,Consumer
2022-04-05,ASSET_D,23.05,1478628,Materials
2022-04-05,ASSET_E,58.67,506184,Retail
2022-04-05,VNINDEX,904.67,0,Benchmark
2022-04-06,ASSET_A,179.66,607909,Technology
2022-04-06,ASSET_B,147.98,1776331,Banking
2022-04-06,ASSET_C,46.26,723284,Consumer
2022-04-06,ASSET_D,22.85,611446,Materials
2022-04-06,ASSET_E,58.05,1687626,Retail
2022-04-06,VNINDEX,894.0,0,Benchmark
2022-04-07,ASSET_A,181.82,1028677,Technology
2022-04-07,ASSET_B,147.02,810103,Banking
2022-04-07,ASSET_C,46.47,1682662,Consumer
2022-04-07,ASSET_D,22.95,2439001,Materials
2022-04-07,ASSET_E,58.4,1354394,Retail
2022-04-07,VNINDEX,891.95,0,Benchmark
2022-04-08,ASSET_A,181.39,485234,Technology
2022-04-08,ASSET_B,149.19,1617188,Banking
2022-04-08,ASSET_C,46.72,515705,Consumer
2022-04-08,ASSET_D,23.33,502038,Materials
2022-04-08,ASSET_E,59.06,1180111,Retail
2022-04-08,VNINDEX,893.1,0,Benchmark
2022-04-11,ASSET_A,184.15,1832808,Technology
2022-04-11,ASSET_B,147.19,953618,Banking
2022-04-11,ASSET_C,46.4,435011,Consumer
2022-04-11,ASSET_D,23.83,1149630,Materials
2022-04-11,ASSET_E,60.12,2038665,Retail
2022-04-11,VNINDEX,894.04,0,Benchmark
2022-04-12,ASSET_A,187.77,1676228,Technology
2022-04-12,ASSET_B,150.41,981532,Banking
2022-04-12,ASSET_C,46.75,934052,Consumer
2022-04-12,ASSET_D,24.25,1746810,Materials
2022-04-12,ASSET_E,60.0,923884,Retail
2022-04-12,VNINDEX,905.0,0,Benchmark
2022-04-13,ASSET_A,186.18,1954307,Technology
2022-04-13,ASSET_B,151.61,2389556,Banking
2022-04-13,ASSET_C,46.51,766371,Consumer
2022-04-13,ASSET_D,24.76,2015197,Materials
2022-04-13,ASSET_E,60.83,525993,Retail
2022-04-13,VNINDEX,901.75,0,Benchmark
2022-04-14,ASSET_A,188.17,770078,Technology
2022-04-14,ASSET_B,152.52,611935,Banking
2022-04-14,ASSET_C,46.99,1430510,Consumer
2022-04-14,ASSET_D,24.9,1523244,Materials
2022-04-14,ASSET_E,62.4,1448468,Retail
2022-04-14,VNINDEX,905.31,0,Benchmark
2022-04-15,ASSET_A,186.72,1097646,Technology
2022-04-15,ASSET_B,151.36,1267679,Banking
2022-04-15,ASSET_C,46.08,747701,Consumer
2022-04-15,ASSET_D,25.02,1242617,Materials
2022-04-15,ASSET_E,61.53,1961818,Retail
2022-04-15,VNINDEX,896.07,0,Benchmark
2022-04-18,ASSET_A,190.25,1820316,Technology
2022-04-18,ASSET_B,155.16,1322522,Banking
2022-04-18,ASSET_C,47.15,913360,Consumer
2022-04-18,ASSET_D,25.3,1255451,Materials
2022-04-18,ASSET_E,60.65,680806,Retail
2022-04-18,VNINDEX,900.56,0,Benchmark
2022-04-19,ASSET_A,188.98,2135750,Technology
2022-04-19,ASSET_B,158.39,914473,Banking
2022-04-19,ASSET_C,46.83,605698,Consumer
2022-04-19,ASSET_D,25.11,2448936,Materials
2022-04-19,ASSET_E,59.7,2467792,Retail
2022-04-19,VNINDEX,900.79,0,Benchmark
2022-04-20,ASSET_A,187.4,2259920,Technology
2022-04-20,ASSET_B,156.7,2049263,Banking
2022-04-20,ASSET_C,46.52,2262512,Consumer
2022-04-20,ASSET_D,24.97,1101384,Materials
2022-04-20,ASSET_E,58.94,1811672,Retail
2022-04-20,VNINDEX,893.82,0,Benchmark
2022-04-21,ASSET_A,186.75,554761,Technology
2022-04-21,ASSET_B,155.36,1422927,Banking
2022-04-21,ASSET_C,45.93,1944499,Consumer
2022-04-21,ASSET_D,25.09,2194606,Materials
2022-04-21,ASSET_E,60.2,2361535,Retail
2022-04-21,VNINDEX,891.77,0,Benchmark
2022-04-22,ASSET_A,188.06,1245311,Technology
2022-04-22,ASSET_B,153.53,1910751,Banking
2022-04-22,ASSET_C,45.31,857085,Consumer
2022-04-22,ASSET_D,25.04,508795,Materials
2022-04-22,ASSET_E,60.12,1387182,Retail
2022-04-22,VNINDEX,890.21,0,Benchmark
2022-04-25,ASSET_A,185.04,422582,Technology
2022-04-25,ASSET_B,154.57,1212733,Banking
2022-04-25,ASSET_C,44.84,652288,Consumer
2022-04-25,ASSET_D,25.12,1784709,Materials
2022-04-25,ASSET_E,59.53,658708,Retail
2022-04-25,VNINDEX,887.83,0,Benchmark
2022-04-26,ASSET_A,191.66,2118887,Technology
2022-04-26,ASSET_B,156.21,2283220,Banking
2022-04-26,ASSET_C,45.17,2185526,Consumer
2022-04-26,ASSET_D,25.95,1829167,Materials
2022-04-26,ASSET_E,60.15,772963,Retail
2022-04-26,VNINDEX,905.06,0,Benchmark
2022-04-27,ASSET_A,192.63,658238,Technology
2022-04-27,ASSET_B,155.63,1932010,Banking
2022-04-27,ASSET_C,44.96,1803207,Consumer
2022-04-27,ASSET_D,25.92,1818947,Materials
2022-04-27,ASSET_E,59.18,1451358,Retail
2022-04-27,VNINDEX,904.3,0,Benchmark
2022-04-28,ASSET_A,188.87,2126509,Technology
2022-04-28,ASSET_B,155.31,1099694,Banking
2022-04-28,ASSET_C,44.46,2260283,Consumer
2022-04-28,ASSET_D,24.77,1285081,Materials
2022-04-28,ASSET_E,59.65,1635459,Retail
2022-04-28,VNINDEX,902.13,0,Benchmark
2022-04-29,ASSET_A,186.96,727617,Technology
2022-04-29,ASSET_B,150.06,2420443,Banking
2022-04-29,ASSET_C,43.91,774619,Consumer
2022-04-29,ASSET_D,24.79,1850657,Materials
2022-04-29,ASSET_E,58.33,1941691,Retail
2022-04-29,VNINDEX,882.17,0,Benchmark
2022-05-02,ASSET_A,190.35,432276,Technology
2022-05-02,ASSET_B,148.67,2216620,Banking
2022-05-02,ASSET_C,43.24,1153425,Consumer
2022-05-02,ASSET_D,24.44,1335062,Materials
2022-05-02,ASSET_E,59.26,2070188,Retail
2022-05-02,VNINDEX,873.88,0,Benchmark
2022-05-03,ASSET_A,192.25,2245750,Technology
2022-05-03,ASSET_B,152.24,1642648,Banking
2022-05-03,ASSET_C,42.78,648451,Consumer
2022-05-03,ASSET_D,24.08,1646674,Materials
2022-05-03,ASSET_E,59.55,2001739,Retail
2022-05-03,VNINDEX,871.59,0,Benchmark
2022-05-04,ASSET_A,194.22,1321505,Technology
2022-05-04,ASSET_B,150.62,434542,Banking
2022-05-04,ASSET_C,42.36,1289036,Consumer
2022-05-04,ASSET_D,23.51,2276234,Materials
2022-05-04,ASSET_E,59.72,1636478,Retail
2022-05-04,VNINDEX,865.34,0,Benchmark
2022-05-05,ASSET_A,197.86,1292461,Technology
2022-05-05,ASSET_B,152.92,1641409,Banking
2022-05-05,ASSET_C,43.32,741313,Consumer
2022-05-05,ASSET_D,23.77,1812022,Materials
2022-05-05,ASSET_E,60.42,437907,Retail
2022-05-05,VNINDEX,878.59,0,Benchmark
2022-05-06,ASSET_A,193.29,1758144,Technology
2022-05-06,ASSET_B,154.26,1850773,Banking
2022-05-06,ASSET_C,43.35,408722,Consumer
2022-05-06,ASSET_D,23.53,1948850,Materials
2022-05-06,ASSET_E,59.55,1512288,Retail
2022-05-06,VNINDEX,877.21,0,Benchmark
2022-05-09,ASSET_A,191.82,977356,Technology
2022-05-09,ASSET_B,157.55,1166151,Banking
2022-05-09,ASSET_C,43.83,1467647,Consumer
2022-05-09,ASSET_D,23.63,2434800,Materials
2022-05-09,ASSET_E,59.74,2120791,Retail
2022-05-09,VNINDEX,889.79,0,Benchmark
2022-05-10,ASSET_A,192.66,1850672,Technology
2022-05-10,ASSET_B,160.17,702178,Banking
2022-05-10,ASSET_C,43.28,2456022,Consumer
2022-05-10,ASSET_D,23.41,860830,Materials
2022-05-10,ASSET_E,58.83,2180206,Retail
2022-05-10,VNINDEX,890.58,0,Benchmark
2022-05-11,ASSET_A,191.31,1301057,Technology
2022-05-11,ASSET_B,160.58,1585724,Banking
2022-05-11,ASSET_C,42.83,1755513,Consumer
2022-05-11,ASSET_D,23.61,1634703,Materials
2022-05-11,ASSET_E,59.51,2152353,Retail
2022-05-11,VNINDEX,891.14,0,Benchmark
2022-05-12,ASSET_A,188.88,972587,Technology
2022-05-12,ASSET_B,160.0,2083176,Banking
2022-05-12,ASSET_C,42.29,1989545,Consumer
2022-05-12,ASSET_D,24.32,1780049,Materials
2022-05-12,ASSET_E,59.19,422586,Retail
2022-05-12,VNINDEX,890.47,0,Benchmark
2022-05-13,ASSET_A,188.78,1229165,Technology
2022-05-13,ASSET_B,157.03,1070590,Banking
2022-05-13,ASSET_C,42.83,2105042,Consumer
2022-05-13,ASSET_D,24.62,1860074,Materials
2022-05-13,ASSET_E,59.88,1314157,Retail
2022-05-13,VNINDEX,890.71,0,Benchmark
2022-05-16,ASSET_A,194.53,412901,Technology
2022-05-16,ASSET_B,158.19,1358252,Banking
2022-05-16,ASSET_C,43.75,669980,Consumer
2022-05-16,ASSET_D,25.54,677736,Materials
2022-05-16,ASSET_E,61.08,1695170,Retail
2022-05-16,VNINDEX,907.84,0,Benchmark
2022-05-17,ASSET_A,185.39,1033069,Technology
2022-05-17,ASSET_B,150.1,402293,Banking
2022-05-17,ASSET_C,42.47,926583,Consumer
2022-05-17,ASSET_D,24.74,1996464,Materials
2022-05-17,ASSET_E,59.42,919767,Retail
2022-05-17,VNINDEX,885.22,0,Benchmark
2022-05-18,ASSET_A,179.74,1642041,Technology
2022-05-18,ASSET_B,146.51,1878097,Banking
2022-05-18,ASSET_C,41.46,1693992,Consumer
2022-05-18,ASSET_D,24.21,807534,Materials
2022-05-18,ASSET_E,57.4,1260353,Retail
2022-05-18,VNINDEX,866.15,0,Benchmark
2022-05-19,ASSET_A,182.14,689589,Technology
2022-05-19,ASSET_B,143.3,2218801,Banking
2022-05-19,ASSET_C,40.94,2124200,Consumer
2022-05-19,ASSET_D,24.22,1258979,Materials
2022-05-19,ASSET_E,57.29,604465,Retail
2022-05-19,VNINDEX,861.17,0,Benchmark
2022-05-20,ASSET_A,179.66,648952,Technology
2022-05-20,ASSET_B,145.32,2030337,Banking
2022-05-20,ASSET_C,40.6,2025063,Consumer
2022-05-20,ASSET_D,23.99,1899713,Materials
2022-05-20,ASSET_E,57.16,806488,Retail
2022-05-20,VNINDEX,861.5,0,Benchmark
2022-05-23,ASSET_A,183.38,1777422,Technology
2022-05-23,ASSET_B,146.86,1301832,Banking
2022-05-23,ASSET_C,41.06,1928032,Consumer
2022-05-23,ASSET_D,24.04,952450,Materials
2022-05-23,ASSET_E,58.21,412157,Retail
2022-05-23,VNINDEX,868.28,0,Benchmark
2022-05-24,ASSET_A,183.35,1299286,Technology
2022-05-24,ASSET_B,147.51,494711,Banking
2022-05-24,ASSET_C,41.13,1056050,Consumer
2022-05-24,ASSET_D,24.49,664369,Materials
2022-05-24,ASSET_E,58.02,2457113,Retail
2022-05-24,VNINDEX,873.02,0,Benchmark
2022-05-25,ASSET_A,183.83,686869,Technology
2022-05-25,ASSET_B,145.4,1433385,Banking
2022-05-25,ASSET_C,41.82,1166158,Consumer
2022-05-25,ASSET_D,24.79,1818266,Materials
2022-05-25,ASSET_E,58.22,2205390,Retail
2022-05-25,VNINDEX,869.51,0,Benchmark
2022-05-26,ASSET_A,189.01,1970456,Technology
2022-05-26,ASSET_B,148.6,2374889,Banking
2022-05-26,ASSET_C,42.74,567402,Consumer
2022-05-26,ASSET_D,25.12,988407,Materials
2022-05-26,ASSET_E,60.04,1248009,Retail
2022-05-26,VNINDEX,879.58,0,Benchmark
2022-05-27,ASSET_A,193.45,2028391,Technology
2022-05-27,ASSET_B,149.55,575351,Banking
2022-05-27,ASSET_C,43.72,1059192,Consumer
2022-05-27,ASSET_D,24.97,2135224,Materials
2022-05-27,ASSET_E,60.91,409089,Retail
2022-05-27,VNINDEX,889.89,0,Benchmark
2022-05-30,ASSET_A,196.31,473000,Technology
2022-05-30,ASSET_B,148.4,849249,Banking
2022-05-30,ASSET_C,44.09,727486,Consumer
2022-05-30,ASSET_D,24.92,2285926,Materials
2022-05-30,ASSET_E,61.62,1104051,Retail
2022-05-30,VNINDEX,891.91,0,Benchmark
2022-05-31,ASSET_A,195.78,823544,Technology
2022-05-31,ASSET_B,152.48,2157932,Banking
2022-05-31,ASSET_C,44.32,2370119,Consumer
2022-05-31,ASSET_D,24.66,1134659,Materials
2022-05-31,ASSET_E,62.7,1311536,Retail
2022-05-31,VNINDEX,901.72,0,Benchmark
2022-06-01,ASSET_A,199.45,1177725,Technology
2022-06-01,ASSET_B,153.72,1593222,Banking
2022-06-01,ASSET_C,44.7,592273,Consumer
2022-06-01,ASSET_D,24.78,1950462,Materials
2022-06-01,ASSET_E,64.36,754917,Retail
2022-06-01,VNINDEX,904.67,0,Benchmark
2022-06-02,ASSET_A,195.83,1935879,Technology
2022-06-02,ASSET_B,152.13,757707,Banking
2022-06-02,ASSET_C,44.32,1163160,Consumer
2022-06-02,ASSET_D,24.71,870642,Materials
2022-06-02,ASSET_E,64.28,1789537,Retail
2022-06-02,VNINDEX,899.21,0,Benchmark
2022-06-03,ASSET_A,198.33,555463,Technology
2022-06-03,ASSET_B,154.81,450946,Banking
2022-06-03,ASSET_C,45.34,2263145,Consumer
2022-06-03,ASSET_D,24.82,2351864,Materials
2022-06-03,ASSET_E,65.32,2495308,Retail
2022-06-03,VNINDEX,906.45,0,Benchmark
2022-06-06,ASSET_A,199.35,2091730,Technology
2022-06-06,ASSET_B,155.11,1262304,Banking
2022-06-06,ASSET_C,45.57,2407275,Consumer
2022-06-06,ASSET_D,24.95,916082,Materials
2022-06-06,ASSET_E,65.38,2172220,Retail
2022-06-06,VNINDEX,907.78,0,Benchmark
2022-06-07,ASSET_A,200.7,1070828,Technology
2022-06-07,ASSET_B,155.81,1649331,Banking
2022-06-07,ASSET_C,45.7,1191073,Consumer
2022-06-07,ASSET_D,25.12,2251850,Materials
2022-06-07,ASSET_E,64.78,2197707,Retail
2022-06-07,VNINDEX,907.99,0,Benchmark
2022-06-08,ASSET_A,205.53,663184,Technology
2022-06-08,ASSET_B,157.82,2164557,Banking
2022-06-08,ASSET_C,46.41,1377379,Consumer
2022-06-08,ASSET_D,25.66,2051757,Materials
2022-06-08,ASSET_E,64.86,2144963,Retail
2022-06-08,VNINDEX,923.33,0,Benchmark
2022-06-09,ASSET_A,196.93,2213080,Technology
2022-06-09,ASSET_B,155.82,2255958,Banking
2022-06-09,ASSET_C,46.12,1499032,Consumer
2022-06-09,ASSET_D,24.48,1056416,Materials
2022-06-09,ASSET_E,64.18,546942,Retail
2022-06-09,VNINDEX,898.44,0,Benchmark
2022-06-10,ASSET_A,189.92,582166,Technology
2022-06-10,ASSET_B,151.7,1361344,Banking
2022-06-10,ASSET_C,44.88,2126651,Consumer
2022-06-10,ASSET_D,23.99,2131313,Materials
2022-06-10,ASSET_E,62.46,1558123,Retail
2022-06-10,VNINDEX,884.41,0,Benchmark
2022-06-13,ASSET_A,189.28,672113,Technology
2022-06-13,ASSET_B,151.7,1287213,Banking
2022-06-13,ASSET_C,45.18,2014245,Consumer
2022-06-13,ASSET_D,23.81,1727992,Materials
2022-06-13,ASSET_E,62.25,1588083,Retail
2022-06-13,VNINDEX,872.85,0,Benchmark
2022-06-14,ASSET_A,188.91,2394102,Technology
2022-06-14,ASSET_B,150.63,2355419,Banking
2022-06-14,ASSET_C,44.95,1500635,Consumer
2022-06-14,ASSET_D,24.29,1806074,Materials
2022-06-14,ASSET_E,62.33,611944,Retail
2022-06-14,VNINDEX,869.47,0,Benchmark
2022-06-15,ASSET_A,191.28,1491089,Technology
2022-06-15,ASSET_B,151.45,2031454,Banking
2022-06-15,ASSET_C,44.24,1180146,Consumer
2022-06-15,ASSET_D,24.12,1195260,Materials
2022-06-15,ASSET_E,62.88,709542,Retail
2022-06-15,VNINDEX,867.16,0,Benchmark
2022-06-16,ASSET_A,187.5,1372398,Technology
2022-06-16,ASSET_B,149.38,839560,Banking
2022-06-16,ASSET_C,43.29,1181997,Consumer
2022-06-16,ASSET_D,23.9,891567,Materials
2022-06-16,ASSET_E,61.49,1586942,Retail
2022-06-16,VNINDEX,852.69,0,Benchmark
2022-06-17,ASSET_A,181.66,1843451,Technology
2022-06-17,ASSET_B,149.16,1830671,Banking
2022-06-17,ASSET_C,42.19,1763115,Consumer
2022-06-17,ASSET_D,23.95,1863919,Materials
2022-06-17,ASSET_E,60.27,1903140,Retail
2022-06-17,VNINDEX,843.41,0,Benchmark
2022-06-20,ASSET_A,182.05,1723494,Technology
2022-06-20,ASSET_B,145.95,1901988,Banking
2022-06-20,ASSET_C,42.12,2154068,Consumer
2022-06-20,ASSET_D,23.64,509694,Materials
2022-06-20,ASSET_E,60.0,839124,Retail
2022-06-20,VNINDEX,835.4,0,Benchmark
2022-06-21,ASSET_A,187.09,1688474,Technology
2022-06-21,ASSET_B,153.21,891201,Banking
2022-06-21,ASSET_C,42.7,561027,Consumer
2022-06-21,ASSET_D,24.78,1131759,Materials
2022-06-21,ASSET_E,61.41,1416575,Retail
2022-06-21,VNINDEX,859.23,0,Benchmark
2022-06-22,ASSET_A,192.49,448846,Technology
2022-06-22,ASSET_B,160.65,2453796,Banking
2022-06-22,ASSET_C,43.53,2014565,Consumer
2022-06-22,ASSET_D,25.8,697201,Materials
2022-06-22,ASSET_E,61.68,557931,Retail
2022-06-22,VNINDEX,877.21,0,Benchmark
2022-06-23,ASSET_A,189.83,1558643,Technology
2022-06-23,ASSET_B,159.26,1023371,Banking
2022-06-23,ASSET_C,43.86,1409901,Consumer
2022-06-23,ASSET_D,26.24,402766,Materials
2022-06-23,ASSET_E,62.91,631816,Retail
2022-06-23,VNINDEX,873.3,0,Benchmark
2022-06-24,ASSET_A,193.25,985291,Technology
2022-06-24,ASSET_B,158.51,1554188,Banking
2022-06-24,ASSET_C,43.42,704924,Consumer
2022-06-24,ASSET_D,26.32,415602,Materials
2022-06-24,ASSET_E,62.07,1618472,Retail
2022-06-24,VNINDEX,869.88,0,Benchmark
2022-06-27,ASSET_A,188.14,2096105,Technology
2022-06-27,ASSET_B,154.97,1436829,Banking
2022-06-27,ASSET_C,42.83,602689,Consumer
2022-06-27,ASSET_D,26.93,597270,Materials
2022-06-27,ASSET_E,60.56,1569781,Retail
2022-06-27,VNINDEX,858.73,0,Benchmark
2022-06-28,ASSET_A,182.69,1461335,Technology
2022-06-28,ASSET_B,150.1,1853586,Banking
2022-06-28,ASSET_C,41.51,1107790,Consumer
2022-06-28,ASSET_D,26.08,2373365,Materials
2022-06-28,ASSET_E,59.15,1975180,Retail
2022-06-28,VNINDEX,840.39,0,Benchmark
2022-06-29,ASSET_A,182.72,659914,Technology
2022-06-29,ASSET_B,152.78,2293477,Banking
2022-06-29,ASSET_C,41.32,921396,Consumer
2022-06-29,ASSET_D,26.92,2019125,Materials
2022-06-29,ASSET_E,60.02,2312418,Retail
2022-06-29,VNINDEX,839.46,0,Benchmark
2022-06-30,ASSET_A,177.7,2261058,Technology
2022-06-30,ASSET_B,148.88,1225775,Banking
2022-06-30,ASSET_C,41.99,618636,Consumer
2022-06-30,ASSET_D,26.92,2477605,Materials
2022-06-30,ASSET_E,57.8,798998,Retail
2022-06-30,VNINDEX,830.1,0,Benchmark
2022-07-01,ASSET_A,178.35,996997,Technology
2022-07-01,ASSET_B,147.17,1207514,Banking
2022-07-01,ASSET_C,42.29,1016015,Consumer
2022-07-01,ASSET_D,27.47,576411,Materials
2022-07-01,ASSET_E,58.61,1116508,Retail
2022-07-01,VNINDEX,829.47,0,Benchmark
2022-07-04,ASSET_A,178.58,970022,Technology
2022-07-04,ASSET_B,146.37,1977808,Banking
2022-07-04,ASSET_C,41.53,2150798,Consumer
2022-07-04,ASSET_D,26.82,2494557,Materials
2022-07-04,ASSET_E,56.95,2197336,Retail
2022-07-04,VNINDEX,814.55,0,Benchmark
2022-07-05,ASSET_A,175.64,2366180,Technology
2022-07-05,ASSET_B,145.77,2399771,Banking
2022-07-05,ASSET_C,40.98,1906925,Consumer
2022-07-05,ASSET_D,26.93,1658787,Materials
2022-07-05,ASSET_E,56.68,506691,Retail
2022-07-05,VNINDEX,807.62,0,Benchmark
2022-07-06,ASSET_A,176.99,2027901,Technology
2022-07-06,ASSET_B,149.67,2308635,Banking
2022-07-06,ASSET_C,41.03,838978,Consumer
2022-07-06,ASSET_D,27.6,2067953,Materials
2022-07-06,ASSET_E,56.31,2139389,Retail
2022-07-06,VNINDEX,809.18,0,Benchmark
2022-07-07,ASSET_A,171.29,2204989,Technology
2022-07-07,ASSET_B,149.77,1980791,Banking
2022-07-07,ASSET_C,41.24,1815618,Consumer
2022-07-07,ASSET_D,27.26,2201334,Materials
2022-07-07,ASSET_E,57.97,2384934,Retail
2022-07-07,VNINDEX,812.78,0,Benchmark
2022-07-08,ASSET_A,172.19,1790647,Technology
2022-07-08,ASSET_B,150.97,1876416,Banking
2022-07-08,ASSET_C,41.24,1348568,Consumer
2022-07-08,ASSET_D,27.33,950251,Materials
2022-07-08,ASSET_E,58.34,609886,Retail
2022-07-08,VNINDEX,816.89,0,Benchmark
2022-07-11,ASSET_A,168.51,2312017,Technology
2022-07-11,ASSET_B,146.95,2014330,Banking
2022-07-11,ASSET_C,40.93,1968868,Consumer
2022-07-11,ASSET_D,26.01,1956312,Materials
2022-07-11,ASSET_E,57.0,697778,Retail
2022-07-11,VNINDEX,804.7,0,Benchmark
2022-07-12,ASSET_A,168.56,642068,Technology
2022-07-12,ASSET_B,149.13,2365450,Banking
2022-07-12,ASSET_C,40.89,919308,Consumer
2022-07-12,ASSET_D,26.22,1759922,Materials
2022-07-12,ASSET_E,57.34,1836950,Retail
2022-07-12,VNINDEX,812.87,0,Benchmark
2022-07-13,ASSET_A,169.33,1659946,Technology
2022-07-13,ASSET_B,144.46,422342,Banking
2022-07-13,ASSET_C,40.19,529685,Consumer
2022-07-13,ASSET_D,25.64,1268221,Materials
2022-07-13,ASSET_E,56.91,1397609,Retail
2022-07-13,VNINDEX,805.55,0,Benchmark
2022-07-14,ASSET_A,170.04,1016087,Technology
2022-07-14,ASSET_B,147.02,1636170,Banking
2022-07-14,ASSET_C,40.6,1056967,Consumer
2022-07-14,ASSET_D,25.75,1432854,Materials
2022-07-14,ASSET_E,57.45,2473943,Retail
2022-07-14,VNINDEX,811.66,0,Benchmark
2022-07-15,ASSET_A,169.64,1236691,Technology
2022-07-15,ASSET_B,147.58,471470,Banking
2022-07-15,ASSET_C,40.13,2487219,Consumer
2022-07-15,ASSET_D,26.97,838068,Materials
2022-07-15,ASSET_E,57.77,1543821,Retail
2022-07-15,VNINDEX,811.74,0,Benchmark
2022-07-18,ASSET_A,165.72,899514,Technology
2022-07-18,ASSET_B,144.49,1611988,Banking
2022-07-18,ASSET_C,39.88,1567261,Consumer
2022-07-18,ASSET_D,27.26,788816,Materials
2022-07-18,ASSET_E,56.91,1775714,Retail
2022-07-18,VNINDEX,799.04,0,Benchmark
2022-07-19,ASSET_A,160.72,830578,Technology
2022-07-19,ASSET_B,143.21,1228915,Banking
2022-07-19,ASSET_C,39.76,514282,Consumer
2022-07-19,ASSET_D,26.55,2337328,Materials
2022-07-19,ASSET_E,55.75,897883,Retail
2022-07-19,VNINDEX,796.28,0,Benchmark
2022-07-20,ASSET_A,159.02,1329307,Technology
2022-07-20,ASSET_B,142.58,1039717,Banking
2022-07-20,ASSET_C,39.18,2448330,Consumer
2022-07-20,ASSET_D,26.91,1936442,Materials
2022-07-20,ASSET_E,55.74,1081423,Retail
2022-07-20,VNINDEX,799.85,0,Benchmark
2022-07-21,ASSET_A,162.54,2328408,Technology
2022-07-21,ASSET_B,145.15,2271077,Banking
2022-07-21,ASSET_C,39.47,2134070,Consumer
2022-07-21,ASSET_D,27.46,1589439,Materials
2022-07-21,ASSET_E,56.57,772577,Retail
2022-07-21,VNINDEX,805.76,0,Benchmark
2022-07-22,ASSET_A,157.57,1734201,Technology
2022-07-22,ASSET_B,142.96,1890217,Banking
2022-07-22,ASSET_C,38.76,1541769,Consumer
2022-07-22,ASSET_D,27.28,1858212,Materials
2022-07-22,ASSET_E,56.01,708428,Retail
2022-07-22,VNINDEX,804.62,0,Benchmark
2022-07-25,ASSET_A,159.17,1133639,Technology
2022-07-25,ASSET_B,147.22,1591573,Banking
2022-07-25,ASSET_C,39.63,1954564,Consumer
2022-07-25,ASSET_D,27.88,1251382,Materials
2022-07-25,ASSET_E,57.48,637591,Retail
2022-07-25,VNINDEX,819.32,0,Benchmark
2022-07-26,ASSET_A,160.48,1310181,Technology
2022-07-26,ASSET_B,153.13,2252100,Banking
2022-07-26,ASSET_C,39.94,788017,Consumer
2022-07-26,ASSET_D,28.36,924982,Materials
2022-07-26,ASSET_E,58.16,2274800,Retail
2022-07-26,VNINDEX,829.21,0,Benchmark
2022-07-27,ASSET_A,163.92,1512650,Technology
2022-07-27,ASSET_B,155.19,605591,Banking
2022-07-27,ASSET_C,40.6,1642699,Consumer
2022-07-27,ASSET_D,27.67,2378321,Materials
2022-07-27,ASSET_E,57.84,546906,Retail
2022-07-27,VNINDEX,826.91,0,Benchmark
2022-07-28,ASSET_A,167.42,913526,Technology
2022-07-28,ASSET_B,154.33,1757264,Banking
2022-07-28,ASSET_C,41.36,2317281,Consumer
2022-07-28,ASSET_D,27.48,2478079,Materials
2022-07-28,ASSET_E,59.23,1484577,Retail
2022-07-28,VNINDEX,834.39,0,Benchmark
2022-07-29,ASSET_A,170.55,1494535,Technology
2022-07-29,ASSET_B,158.02,728111,Banking
2022-07-29,ASSET_C,41.72,1321600,Consumer
2022-07-29,ASSET_D,28.23,851537,Materials
2022-07-29,ASSET_E,59.21,1467065,Retail
2022-07-29,VNINDEX,853.72,0,Benchmark
2022-08-01,ASSET_A,178.41,1861345,Technology
2022-08-01,ASSET_B,163.66,889382,Banking
2022-08-01,ASSET_C,41.69,481802,Consumer
2022-08-01,ASSET_D,28.97,2084090,Materials
2022-08-01,ASSET_E,60.01,517397,Retail
2022-08-01,VNINDEX,873.78,0,Benchmark
2022-08-02,ASSET_A,173.7,910652,Technology
2022-08-02,ASSET_B,160.53,788827,Banking
2022-08-02,ASSET_C,40.87,1989977,Consumer
2022-08-02,ASSET_D,28.22,1328791,Materials
2022-08-02,ASSET_E,60.15,2168243,Retail
2022-08-02,VNINDEX,861.45,0,Benchmark
2022-08-03,ASSET_A,174.03,1627389,Technology
2022-08-03,ASSET_B,155.79,1542629,Banking
2022-08-03,ASSET_C,40.0,1933202,Consumer
2022-08-03,ASSET_D,27.55,1886773,Materials
2022-08-03,ASSET_E,60.95,1451457,Retail
2022-08-03,VNINDEX,852.3,0,Benchmark
2022-08-04,ASSET_A,174.24,1887574,Technology
2022-08-04,ASSET_B,160.13,1720991,Banking
2022-08-04,ASSET_C,41.37,1953701,Consumer
2022-08-04,ASSET_D,28.03,628155,Materials
2022-08-04,ASSET_E,63.82,666193,Retail
2022-08-04,VNINDEX,867.53,0,Benchmark
2022-08-05,ASSET_A,174.42,1490559,Technology
2022-08-05,ASSET_B,157.58,1987468,Banking
2022-08-05,ASSET_C,40.94,1761695,Consumer
2022-08-05,ASSET_D,28.07,1406874,Materials
2022-08-05,ASSET_E,63.13,670289,Retail
2022-08-05,VNINDEX,856.96,0,Benchmark
2022-08-08,ASSET_A,170.39,1013120,Technology
2022-08-08,ASSET_B,157.91,1325309,Banking
2022-08-08,ASSET_C,40.79,688074,Consumer
2022-08-08,ASSET_D,27.58,662248,Materials
2022-08-08,ASSET_E,62.58,1871299,Retail
2022-08-08,VNINDEX,843.88,0,Benchmark
2022-08-09,ASSET_A,166.87,1564281,Technology
2022-08-09,ASSET_B,156.32,2372662,Banking
2022-08-09,ASSET_C,40.48,640538,Consumer
2022-08-09,ASSET_D,28.15,2110347,Materials
2022-08-09,ASSET_E,62.91,1701340,Retail
2022-08-09,VNINDEX,839.23,0,Benchmark
2022-08-10,ASSET_A,167.35,2065795,Technology
2022-08-10,ASSET_B,159.52,1184509,Banking
2022-08-10,ASSET_C,40.59,2064528,Consumer
2022-08-10,ASSET_D,27.99,1237052,Materials
2022-08-10,ASSET_E,64.26,1266503,Retail
2022-08-10,VNINDEX,843.6,0,Benchmark
2022-08-11,ASSET_A,167.82,865991,Technology
2022-08-11,ASSET_B,156.99,728851,Banking
2022-08-11,ASSET_C,40.54,2195777,Consumer
2022-08-11,ASSET_D,28.05,953809,Materials
2022-08-11,ASSET_E,64.46,1250828,Retail
2022-08-11,VNINDEX,842.76,0,Benchmark
2022-08-12,ASSET_A,165.22,1606823,Technology
2022-08-12,ASSET_B,153.63,476681,Banking
2022-08-12,ASSET_C,40.75,564969,Consumer
2022-08-12,ASSET_D,27.67,1869286,Materials
2022-08-12,ASSET_E,64.77,473970,Retail
2022-08-12,VNINDEX,836.48,0,Benchmark
2022-08-15,ASSET_A,165.04,1828905,Technology
2022-08-15,ASSET_B,153.37,667743,Banking
2022-08-15,ASSET_C,40.61,1620152,Consumer
2022-08-15,ASSET_D,27.7,2404803,Materials
2022-08-15,ASSET_E,64.68,466890,Retail
2022-08-15,VNINDEX,830.0,0,Benchmark
2022-08-16,ASSET_A,162.14,1075141,Technology
2022-08-16,ASSET_B,153.65,1334749,Banking
2022-08-16,ASSET_C,39.89,1451146,Consumer
2022-08-16,ASSET_D,27.12,1111677,Materials
2022-08-16,ASSET_E,64.61,1525541,Retail
2022-08-16,VNINDEX,823.2,0,Benchmark
2022-08-17,ASSET_A,161.66,1213751,Technology
2022-08-17,ASSET_B,149.95,1267181,Banking
2022-08-17,ASSET_C,40.21,1135091,Consumer
2022-08-17,ASSET_D,27.68,1907377,Materials
2022-08-17,ASSET_E,63.23,1163679,Retail
2022-08-17,VNINDEX,814.82,0,Benchmark
2022-08-18,ASSET_A,167.87,2266602,Technology
2022-08-18,ASSET_B,155.42,2193878,Banking
2022-08-18,ASSET_C,41.03,1754671,Consumer
2022-08-18,ASSET_D,27.72,1848155,Materials
2022-08-18,ASSET_E,64.62,929217,Retail
2022-08-18,VNINDEX,837.41,0,Benchmark
2022-08-19,ASSET_A,168.46,1163282,Technology
2022-08-19,ASSET_B,153.69,663783,Banking
2022-08-19,ASSET_C,40.97,2319844,Consumer
2022-08-19,ASSET_D,28.61,1428831,Materials
2022-08-19,ASSET_E,64.41,1196108,Retail
2022-08-19,VNINDEX,840.56,0,Benchmark
2022-08-22,ASSET_A,169.49,1656287,Technology
2022-08-22,ASSET_B,155.53,950891,Banking
2022-08-22,ASSET_C,40.15,2125546,Consumer
2022-08-22,ASSET_D,28.98,2090899,Materials
2022-08-22,ASSET_E,64.08,1671033,Retail
2022-08-22,VNINDEX,849.67,0,Benchmark
2022-08-23,ASSET_A,168.76,714441,Technology
2022-08-23,ASSET_B,155.91,2458900,Banking
2022-08-23,ASSET_C,40.22,721496,Consumer
2022-08-23,ASSET_D,29.07,668713,Materials
2022-08-23,ASSET_E,62.39,1015731,Retail
2022-08-23,VNINDEX,844.92,0,Benchmark
2022-08-24,ASSET_A,169.7,2344554,Technology
2022-08-24,ASSET_B,154.72,459984,Banking
2022-08-24,ASSET_C,40.2,1372531,Consumer
2022-08-24,ASSET_D,29.64,2242913,Materials
2022-08-24,ASSET_E,61.93,1133578,Retail
2022-08-24,VNINDEX,843.23,0,Benchmark
2022-08-25,ASSET_A,173.11,1653358,Technology
2022-08-25,ASSET_B,152.62,1291039,Banking
2022-08-25,ASSET_C,39.96,2365033,Consumer
2022-08-25,ASSET_D,29.8,1248693,Materials
2022-08-25,ASSET_E,61.23,993864,Retail
2022-08-25,VNINDEX,836.26,0,Benchmark
2022-08-26,ASSET_A,169.22,1996763,Technology
2022-08-26,ASSET_B,144.58,816295,Banking
2022-08-26,ASSET_C,38.74,897401,Consumer
2022-08-26,ASSET_D,28.49,493910,Materials
2022-08-26,ASSET_E,59.51,1799549,Retail
2022-08-26,VNINDEX,810.36,0,Benchmark
2022-08-29,ASSET_A,168.41,1665595,Technology
2022-08-29,ASSET_B,140.48,1520582,Banking
2022-08-29,ASSET_C,37.98,2193528,Consumer
2022-08-29,ASSET_D,28.28,2477705,Materials
2022-08-29,ASSET_E,59.02,515055,Retail
2022-08-29,VNINDEX,797.29,0,Benchmark
2022-08-30,ASSET_A,171.74,1146526,Technology
2022-08-30,ASSET_B,139.46,2444672,Banking
2022-08-30,ASSET_C,37.15,1430385,Consumer
2022-08-30,ASSET_D,28.5,2024836,Materials
2022-08-30,ASSET_E,57.98,2328857,Retail
2022-08-30,VNINDEX,780.37,0,Benchmark
2022-08-31,ASSET_A,167.77,1114631,Technology
2022-08-31,ASSET_B,134.81,876884,Banking
2022-08-31,ASSET_C,36.49,1494913,Consumer
2022-08-31,ASSET_D,27.32,2114005,Materials
2022-08-31,ASSET_E,56.33,1564469,Retail
2022-08-31,VNINDEX,759.79,0,Benchmark
2022-09-01,ASSET_A,166.22,1872539,Technology
2022-09-01,ASSET_B,130.82,1177770,Banking
2022-09-01,ASSET_C,36.3,925437,Consumer
2022-09-01,ASSET_D,27.86,708998,Materials
2022-09-01,ASSET_E,54.92,913543,Retail
2022-09-01,VNINDEX,749.14,0,Benchmark
2022-09-02,ASSET_A,171.05,2205685,Technology
2022-09-02,ASSET_B,133.09,1343164,Banking
2022-09-02,ASSET_C,36.71,2330492,Consumer
2022-09-02,ASSET_D,28.51,1976260,Materials
2022-09-02,ASSET_E,56.41,1994872,Retail
2022-09-02,VNINDEX,761.31,0,Benchmark
2022-09-05,ASSET_A,168.53,668054,Technology
2022-09-05,ASSET_B,130.57,2076836,Banking
2022-09-05,ASSET_C,37.07,1510323,Consumer
2022-09-05,ASSET_D,28.3,1866350,Materials
2022-09-05,ASSET_E,56.32,2373664,Retail
2022-09-05,VNINDEX,761.07,0,Benchmark
2022-09-06,ASSET_A,170.52,2175461,Technology
2022-09-06,ASSET_B,131.68,2467857,Banking
2022-09-06,ASSET_C,37.53,1607236,Consumer
2022-09-06,ASSET_D,28.36,2295738,Materials
2022-09-06,ASSET_E,56.85,522241,Retail
2022-09-06,VNINDEX,773.14,0,Benchmark
2022-09-07,ASSET_A,170.29,2143007,Technology
2022-09-07,ASSET_B,134.71,602725,Banking
2022-09-07,ASSET_C,37.5,1371267,Consumer
2022-09-07,ASSET_D,28.41,1180491,Materials
2022-09-07,ASSET_E,56.99,829048,Retail
2022-09-07,VNINDEX,777.14,0,Benchmark
2022-09-08,ASSET_A,173.8,629014,Technology
2022-09-08,ASSET_B,136.18,1426243,Banking
2022-09-08,ASSET_C,37.89,587545,Consumer
2022-09-08,ASSET_D,27.79,2347590,Materials
2022-09-08,ASSET_E,56.96,702224,Retail
2022-09-08,VNINDEX,784.67,0,Benchmark
2022-09-09,ASSET_A,171.26,627144,Technology
2022-09-09,ASSET_B,137.34,1980457,Banking
2022-09-09,ASSET_C,37.02,2039059,Consumer
2022-09-09,ASSET_D,27.3,1886365,Materials
2022-09-09,ASSET_E,56.0,548459,Retail
2022-09-09,VNINDEX,776.37,0,Benchmark
2022-09-12,ASSET_A,172.89,1859580,Technology
2022-09-12,ASSET_B,138.35,418530,Banking
2022-09-12,ASSET_C,37.31,1090043,Consumer
2022-09-12,ASSET_D,27.37,932884,Materials
2022-09-12,ASSET_E,55.93,1951292,Retail
2022-09-12,VNINDEX,781.46,0,Benchmark
2022-09-13,ASSET_A,177.45,2169890,Technology
2022-09-13,ASSET_B,139.92,2092829,Banking
2022-09-13,ASSET_C,37.0,904189,Consumer
2022-09-13,ASSET_D,27.15,849030,Materials
2022-09-13,ASSET_E,56.2,804672,Retail
2022-09-13,VNINDEX,788.53,0,Benchmark
2022-09-14,ASSET_A,178.29,1227052,Technology
2022-09-14,ASSET_B,139.76,909307,Banking
2022-09-14,ASSET_C,36.39,2042293,Consumer
2022-09-14,ASSET_D,27.29,2296938,Materials
2022-09-14,ASSET_E,56.33,1205432,Retail
2022-09-14,VNINDEX,783.24,0,Benchmark
2022-09-15,ASSET_A,179.31,1745334,Technology
2022-09-15,ASSET_B,136.64,1488638,Banking
2022-09-15,ASSET_C,35.84,819968,Consumer
2022-09-15,ASSET_D,27.39,1754480,Materials
2022-09-15,ASSET_E,57.01,2111325,Retail
2022-09-15,VNINDEX,788.72,0,Benchmark
2022-09-16,ASSET_A,179.03,2499401,Technology
2022-09-16,ASSET_B,138.24,2454755,Banking
2022-09-16,ASSET_C,35.99,1833770,Consumer
2022-09-16,ASSET_D,27.31,648496,Materials
2022-09-16,ASSET_E,58.57,1684701,Retail
2022-09-16,VNINDEX,794.31,0,Benchmark
2022-09-19,ASSET_A,180.65,1077873,Technology
2022-09-19,ASSET_B,137.01,1733789,Banking
2022-09-19,ASSET_C,36.4,1395789,Consumer
2022-09-19,ASSET_D,26.98,663579,Materials
2022-09-19,ASSET_E,59.15,1822868,Retail
2022-09-19,VNINDEX,789.23,0,Benchmark
2022-09-20,ASSET_A,179.9,872549,Technology
2022-09-20,ASSET_B,137.04,2477041,Banking
2022-09-20,ASSET_C,35.95,2079883,Consumer
2022-09-20,ASSET_D,26.76,2137950,Materials
2022-09-20,ASSET_E,59.92,605168,Retail
2022-09-20,VNINDEX,778.74,0,Benchmark
2022-09-21,ASSET_A,172.93,2482399,Technology
2022-09-21,ASSET_B,136.09,1667282,Banking
2022-09-21,ASSET_C,35.76,506059,Consumer
2022-09-21,ASSET_D,26.4,756465,Materials
2022-09-21,ASSET_E,59.56,2438751,Retail
2022-09-21,VNINDEX,767.82,0,Benchmark
2022-09-22,ASSET_A,172.4,989100,Technology
2022-09-22,ASSET_B,134.5,842035,Banking
2022-09-22,ASSET_C,36.7,2026629,Consumer
2022-09-22,ASSET_D,26.13,859865,Materials
2022-09-22,ASSET_E,60.06,573707,Retail
2022-09-22,VNINDEX,768.79,0,Benchmark
2022-09-23,ASSET_A,173.65,1392444,Technology
2022-09-23,ASSET_B,137.24,1854506,Banking
2022-09-23,ASSET_C,36.99,881615,Consumer
2022-09-23,ASSET_D,26.3,1690370,Materials
2022-09-23,ASSET_E,59.91,1890637,Retail
2022-09-23,VNINDEX,772.02,0,Benchmark
2022-09-26,ASSET_A,173.73,1328423,Technology
2022-09-26,ASSET_B,135.15,1692054,Banking
2022-09-26,ASSET_C,36.4,2228308,Consumer
2022-09-26,ASSET_D,26.02,2213217,Materials
2022-09-26,ASSET_E,60.03,1742847,Retail
2022-09-26,VNINDEX,764.8,0,Benchmark
2022-09-27,ASSET_A,176.15,1498774,Technology
2022-09-27,ASSET_B,133.8,1052500,Banking
2022-09-27,ASSET_C,36.17,1142780,Consumer
2022-09-27,ASSET_D,25.55,1107220,Materials
2022-09-27,ASSET_E,59.54,1266525,Retail
2022-09-27,VNINDEX,765.21,0,Benchmark
2022-09-28,ASSET_A,178.34,964301,Technology
2022-09-28,ASSET_B,135.37,561507,Banking
2022-09-28,ASSET_C,36.39,414679,Consumer
2022-09-28,ASSET_D,25.62,1797979,Materials
2022-09-28,ASSET_E,58.8,2160063,Retail
2022-09-28,VNINDEX,770.71,0,Benchmark
2022-09-29,ASSET_A,181.48,1825951,Technology
2022-09-29,ASSET_B,136.41,1761236,Banking
2022-09-29,ASSET_C,36.39,1424022,Consumer
2022-09-29,ASSET_D,26.08,1877933,Materials
2022-09-29,ASSET_E,60.44,2274105,Retail
2022-09-29,VNINDEX,776.69,0,Benchmark
2022-09-30,ASSET_A,185.68,1853186,Technology
2022-09-30,ASSET_B,142.42,1612627,Banking
2022-09-30,ASSET_C,36.77,514943,Consumer
2022-09-30,ASSET_D,26.86,1660771,Materials
2022-09-30,ASSET_E,60.54,547579,Retail
2022-09-30,VNINDEX,791.67,0,Benchmark
2022-10-03,ASSET_A,187.23,821173,Technology
2022-10-03,ASSET_B,145.96,2024617,Banking
2022-10-03,ASSET_C,37.65,965817,Consumer
2022-10-03,ASSET_D,27.2,1838834,Materials
2022-10-03,ASSET_E,61.81,2412069,Retail
2022-10-03,VNINDEX,804.26,0,Benchmark
2022-10-04,ASSET_A,183.97,1409907,Technology
2022-10-04,ASSET_B,144.06,664433,Banking
2022-10-04,ASSET_C,37.68,1905033,Consumer
2022-10-04,ASSET_D,27.16,877843,Materials
2022-10-04,ASSET_E,60.4,906352,Retail
2022-10-04,VNINDEX,794.68,0,Benchmark
2022-10-05,ASSET_A,188.46,520457,Technology
2022-10-05,ASSET_B,149.6,1531367,Banking
2022-10-05,ASSET_C,37.69,1577336,Consumer
2022-10-05,ASSET_D,27.32,1705431,Materials
2022-10-05,ASSET_E,62.53,2062475,Retail
2022-10-05,VNINDEX,811.34,0,Benchmark
2022-10-06,ASSET_A,187.02,863845,Technology
2022-10-06,ASSET_B,150.33,2119189,Banking
2022-10-06,ASSET_C,37.16,1888397,Consumer
2022-10-06,ASSET_D,26.71,407422,Materials
2022-10-06,ASSET_E,63.21,2123562,Retail
2022-10-06,VNINDEX,806.28,0,Benchmark
2022-10-07,ASSET_A,184.68,2473158,Technology
2022-10-07,ASSET_B,154.33,2271615,Banking
2022-10-07,ASSET_C,37.39,2244670,Consumer
2022-10-07,ASSET_D,26.97,1934135,Materials
2022-10-07,ASSET_E,64.44,1568943,Retail
2022-10-07,VNINDEX,816.81,0,Benchmark
2022-10-10,ASSET_A,183.83,1463385,Technology
2022-10-10,ASSET_B,157.18,2373107,Banking
2022-10-10,ASSET_C,37.66,1382810,Consumer
2022-10-10,ASSET_D,27.68,2063883,Materials
2022-10-10,ASSET_E,65.58,2212889,Retail
2022-10-10,VNINDEX,817.66,0,Benchmark
2022-10-11,ASSET_A,182.96,1707731,Technology
2022-10-11,ASSET_B,157.34,845111,Banking
2022-10-11,ASSET_C,37.97,1541827,Consumer
2022-10-11,ASSET_D,27.61,2067264,Materials
2022-10-11,ASSET_E,65.29,2134108,Retail
2022-10-11,VNINDEX,813.74,0,Benchmark
2022-10-12,ASSET_A,177.68,2266454,Technology
2022-10-12,ASSET_B,153.23,763272,Banking
2022-10-12,ASSET_C,38.35,522337,Consumer
2022-10-12,ASSET_D,26.86,461854,Materials
2022-10-12,ASSET_E,65.87,1497525,Retail
2022-10-12,VNINDEX,796.12,0,Benchmark
2022-10-13,ASSET_A,176.66,1898859,Technology
2022-10-13,ASSET_B,155.14,1609616,Banking
2022-10-13,ASSET_C,38.1,1002362,Consumer
2022-10-13,ASSET_D,27.5,2313988,Materials
2022-10-13,ASSET_E,66.41,775993,Retail
2022-10-13,VNINDEX,794.63,0,Benchmark
2022-10-14,ASSET_A,174.11,2064030,Technology
2022-10-14,ASSET_B,151.22,1371695,Banking
2022-10-14,ASSET_C,37.33,1920892,Consumer
2022-10-14,ASSET_D,26.84,1312393,Materials
2022-10-14,ASSET_E,64.46,1312586,Retail
2022-10-14,VNINDEX,779.78,0,Benchmark
2022-10-17,ASSET_A,173.78,1895309,Technology
2022-10-17,ASSET_B,153.67,892096,Banking
2022-10-17,ASSET_C,37.95,530160,Consumer
2022-10-17,ASSET_D,28.21,569083,Materials
2022-10-17,ASSET_E,65.26,2290735,Retail
2022-10-17,VNINDEX,789.24,0,Benchmark
2022-10-18,ASSET_A,173.39,1447540,Technology
2022-10-18,ASSET_B,160.76,614290,Banking
2022-10-18,ASSET_C,38.29,1154361,Consumer
2022-10-18,ASSET_D,28.53,1522371,Materials
2022-10-18,ASSET_E,66.3,825689,Retail
2022-10-18,VNINDEX,804.23,0,Benchmark
2022-10-19,ASSET_A,170.62,1728402,Technology
2022-10-19,ASSET_B,161.89,701636,Banking
2022-10-19,ASSET_C,37.92,686999,Consumer
2022-10-19,ASSET_D,27.77,1600252,Materials
2022-10-19,ASSET_E,65.48,2499073,Retail
2022-10-19,VNINDEX,796.58,0,Benchmark
2022-10-20,ASSET_A,173.33,1005834,Technology
2022-10-20,ASSET_B,162.71,1112194,Banking
2022-10-20,ASSET_C,37.88,2200462,Consumer
2022-10-20,ASSET_D,27.81,1244316,Materials
2022-10-20,ASSET_E,64.29,781579,Retail
2022-10-20,VNINDEX,799.71,0,Benchmark
2022-10-21,ASSET_A,175.91,2269872,Technology
2022-10-21,ASSET_B,160.01,1952928,Banking
2022-10-21,ASSET_C,36.56,1578556,Consumer
2022-10-21,ASSET_D,27.44,1972431,Materials
2022-10-21,ASSET_E,64.09,1796794,Retail
2022-10-21,VNINDEX,792.8,0,Benchmark
2022-10-24,ASSET_A,176.41,777761,Technology
2022-10-24,ASSET_B,161.26,536705,Banking
2022-10-24,ASSET_C,36.38,1753386,Consumer
2022-10-24,ASSET_D,26.86,1541821,Materials
2022-10-24,ASSET_E,62.47,1746070,Retail
2022-10-24,VNINDEX,786.88,0,Benchmark
2022-10-25,ASSET_A,174.59,2256611,Technology
2022-10-25,ASSET_B,164.89,620914,Banking
2022-10-25,ASSET_C,36.61,1835788,Consumer
2022-10-25,ASSET_D,28.34,855577,Materials
2022-10-25,ASSET_E,60.96,811366,Retail
2022-10-25,VNINDEX,794.58,0,Benchmark
2022-10-26,ASSET_A,173.94,2244604,Technology
2022-10-26,ASSET_B,165.47,955547,Banking
2022-10-26,ASSET_C,37.1,871045,Consumer
2022-10-26,ASSET_D,28.49,1702258,Materials
2022-10-26,ASSET_E,60.67,1391844,Retail
2022-10-26,VNINDEX,794.38,0,Benchmark
2022-10-27,ASSET_A,178.99,698785,Technology
2022-10-27,ASSET_B,169.52,2234857,Banking
2022-10-27,ASSET_C,37.79,504302,Consumer
2022-10-27,ASSET_D,29.37,953604,Materials
2022-10-27,ASSET_E,61.31,703316,Retail
2022-10-27,VNINDEX,811.72,0,Benchmark
2022-10-28,ASSET_A,178.29,1891350,Technology
2022-10-28,ASSET_B,168.94,2479469,Banking
2022-10-28,ASSET_C,37.11,1235323,Consumer
2022-10-28,ASSET_D,28.97,649302,Materials
2022-10-28,ASSET_E,60.28,1166017,Retail
2022-10-28,VNINDEX,807.1,0,Benchmark
2022-10-31,ASSET_A,182.31,2478303,Technology
2022-10-31,ASSET_B,171.67,1324350,Banking
2022-10-31,ASSET_C,37.4,789654,Consumer
2022-10-31,ASSET_D,29.07,960625,Materials
2022-10-31,ASSET_E,58.52,2414770,Retail
2022-10-31,VNINDEX,817.27,0,Benchmark
2022-11-01,ASSET_A,180.16,1601542,Technology
2022-11-01,ASSET_B,170.61,493666,Banking
2022-11-01,ASSET_C,36.62,1076188,Consumer
2022-11-01,ASSET_D,29.61,2301669,Materials
2022-11-01,ASSET_E,57.93,514004,Retail
2022-11-01,VNINDEX,818.43,0,Benchmark
2022-11-02,ASSET_A,182.42,1114723,Technology
2022-11-02,ASSET_B,173.12,425071,Banking
2022-11-02,ASSET_C,36.45,1070070,Consumer
2022-11-02,ASSET_D,29.1,1601899,Materials
2022-11-02,ASSET_E,58.35,2229840,Retail
2022-11-02,VNINDEX,826.67,0,Benchmark
2022-11-03,ASSET_A,182.44,2246812,Technology
2022-11-03,ASSET_B,172.48,2203833,Banking
2022-11-03,ASSET_C,36.54,2042210,Consumer
2022-11-03,ASSET_D,28.39,1067249,Materials
2022-11-03,ASSET_E,57.57,1822776,Retail
2022-11-03,VNINDEX,822.31,0,Benchmark
2022-11-04,ASSET_A,184.59,1476367,Technology
2022-11-04,ASSET_B,171.62,1334033,Banking
2022-11-04,ASSET_C,36.43,1071523,Consumer
2022-11-04,ASSET_D,28.26,1168958,Materials
2022-11-04,ASSET_E,57.85,1972225,Retail
2022-11-04,VNINDEX,821.99,0,Benchmark
2022-11-07,ASSET_A,182.16,655549,Technology
2022-11-07,ASSET_B,173.23,562650,Banking
2022-11-07,ASSET_C,36.75,717837,Consumer
2022-11-07,ASSET_D,28.87,2205763,Materials
2022-11-07,ASSET_E,58.87,992454,Retail
2022-11-07,VNINDEX,821.0,0,Benchmark
2022-11-08,ASSET_A,179.15,923475,Technology
2022-11-08,ASSET_B,173.65,2150196,Banking
2022-11-08,ASSET_C,35.68,2412654,Consumer
2022-11-08,ASSET_D,28.39,1798798,Materials
2022-11-08,ASSET_E,58.71,2393150,Retail
2022-11-08,VNINDEX,812.76,0,Benchmark
2022-11-09,ASSET_A,173.81,1833227,Technology
2022-11-09,ASSET_B,177.62,1510893,Banking
2022-11-09,ASSET_C,35.84,503047,Consumer
2022-11-09,ASSET_D,28.84,2024828,Materials
2022-11-09,ASSET_E,60.0,932154,Retail
2022-11-09,VNINDEX,819.6,0,Benchmark
2022-11-10,ASSET_A,173.87,1356269,Technology
2022-11-10,ASSET_B,178.94,1134492,Banking
2022-11-10,ASSET_C,35.91,827918,Consumer
2022-11-10,ASSET_D,29.11,1681503,Materials
2022-11-10,ASSET_E,61.38,1457147,Retail
2022-11-10,VNINDEX,826.39,0,Benchmark
2022-11-11,ASSET_A,174.03,855095,Technology
2022-11-11,ASSET_B,182.36,1349451,Banking
2022-11-11,ASSET_C,36.51,1129253,Consumer
2022-11-11,ASSET_D,29.98,2483628,Materials
2022-11-11,ASSET_E,60.98,477262,Retail
2022-11-11,VNINDEX,832.65,0,Benchmark
2022-11-14,ASSET_A,175.26,2077970,Technology
2022-11-14,ASSET_B,187.14,872644,Banking
2022-11-14,ASSET_C,37.38,531292,Consumer
2022-11-14,ASSET_D,29.79,1779934,Materials
2022-11-14,ASSET_E,62.47,2264267,Retail
2022-11-14,VNINDEX,848.79,0,Benchmark
2022-11-15,ASSET_A,179.39,653212,Technology
2022-11-15,ASSET_B,188.76,2356264,Banking
2022-11-15,ASSET_C,38.23,2288809,Consumer
2022-11-15,ASSET_D,30.74,1240603,Materials
2022-11-15,ASSET_E,64.41,1879534,Retail
2022-11-15,VNINDEX,864.31,0,Benchmark
2022-11-16,ASSET_A,178.33,860040,Technology
2022-11-16,ASSET_B,189.22,2054304,Banking
2022-11-16,ASSET_C,38.72,1141331,Consumer
2022-11-16,ASSET_D,30.49,929866,Materials
2022-11-16,ASSET_E,63.77,741922,Retail
2022-11-16,VNINDEX,860.51,0,Benchmark
2022-11-17,ASSET_A,173.43,1377777,Technology
2022-11-17,ASSET_B,190.75,818004,Banking
2022-11-17,ASSET_C,38.73,2042731,Consumer
2022-11-17,ASSET_D,31.13,497223,Materials
2022-11-17,ASSET_E,63.38,1790411,Retail
2022-11-17,VNINDEX,864.67,0,Benchmark
2022-11-18,ASSET_A,172.5,483001,Technology
2022-11-18,ASSET_B,194.92,1943294,Banking
2022-11-18,ASSET_C,39.04,682328,Consumer
2022-11-18,ASSET_D,30.46,2011479,Materials
2022-11-18,ASSET_E,63.38,783900,Retail
2022-11-18,VNINDEX,858.22,0,Benchmark
2022-11-21,ASSET_A,170.24,1213525,Technology
2022-11-21,ASSET_B,198.52,777332,Banking
2022-11-21,ASSET_C,38.62,1495415,Consumer
2022-11-21,ASSET_D,30.49,2359065,Materials
2022-11-21,ASSET_E,62.16,1333259,Retail
2022-11-21,VNINDEX,858.66,0,Benchmark
2022-11-22,ASSET_A,170.06,2310899,Technology
2022-11-22,ASSET_B,198.37,1351903,Banking
2022-11-22,ASSET_C,37.94,665822,Consumer
2022-11-22,ASSET_D,30.21,1794474,Materials
2022-11-22,ASSET_E,60.84,1475920,Retail
2022-11-22,VNINDEX,852.5,0,Benchmark
2022-11-23,ASSET_A,170.8,2376464,Technology
2022-11-23,ASSET_B,204.28,1972299,Banking
2022-11-23,ASSET_C,38.91,886455,Consumer
2022-11-23,ASSET_D,30.34,1423016,Materials
2022-11-23,ASSET_E,61.47,2355695,Retail
2022-11-23,VNINDEX,869.95,0,Benchmark
2022-11-24,ASSET_A,171.8,2231104,Technology
2022-11-24,ASSET_B,205.94,476381,Banking
2022-11-24,ASSET_C,38.44,1255646,Consumer
2022-11-24,ASSET_D,29.85,674364,Materials
2022-11-24,ASSET_E,62.12,1098270,Retail
2022-11-24,VNINDEX,874.07,0,Benchmark
2022-11-25,ASSET_A,170.6,1080357,Technology
2022-11-25,ASSET_B,202.8,1924010,Banking
2022-11-25,ASSET_C,38.6,2211694,Consumer
2022-11-25,ASSET_D,29.48,1752347,Materials
2022-11-25,ASSET_E,62.16,426909,Retail
2022-11-25,VNINDEX,871.9,0,Benchmark
2022-11-28,ASSET_A,174.35,536228,Technology
2022-11-28,ASSET_B,202.48,874492,Banking
2022-11-28,ASSET_C,39.13,1043421,Consumer
2022-11-28,ASSET_D,30.01,820362,Materials
2022-11-28,ASSET_E,63.94,1308290,Retail
2022-11-28,VNINDEX,885.08,0,Benchmark
2022-11-29,ASSET_A,169.39,2111294,Technology
2022-11-29,ASSET_B,193.53,1868281,Banking
2022-11-29,ASSET_C,38.7,1985041,Consumer
2022-11-29,ASSET_D,28.81,1706458,Materials
2022-11-29,ASSET_E,61.57,2345756,Retail
2022-11-29,VNINDEX,861.79,0,Benchmark
2022-11-30,ASSET_A,164.02,1183966,Technology
2022-11-30,ASSET_B,187.29,1448252,Banking
2022-11-30,ASSET_C,37.87,592626,Consumer
2022-11-30,ASSET_D,27.92,1032026,Materials
2022-11-30,ASSET_E,59.35,2076213,Retail
2022-11-30,VNINDEX,840.74,0,Benchmark
2022-12-01,ASSET_A,162.2,1972536,Technology
2022-12-01,ASSET_B,184.98,454866,Banking
2022-12-01,ASSET_C,38.22,928231,Consumer
2022-12-01,ASSET_D,27.34,2218344,Materials
2022-12-01,ASSET_E,60.35,524053,Retail
2022-12-01,VNINDEX,849.26,0,Benchmark
2022-12-02,ASSET_A,158.87,650250,Technology
2022-12-02,ASSET_B,184.0,1999965,Banking
2022-12-02,ASSET_C,38.46,1669037,Consumer
2022-12-02,ASSET_D,27.19,2365687,Materials
2022-12-02,ASSET_E,59.76,512155,Retail
2022-12-02,VNINDEX,850.08,0,Benchmark
2022-12-05,ASSET_A,158.1,1802640,Technology
2022-12-05,ASSET_B,184.24,945915,Banking
2022-12-05,ASSET_C,38.3,1383336,Consumer
2022-12-05,ASSET_D,27.76,891910,Materials
2022-12-05,ASSET_E,59.46,1989343,Retail
2022-12-05,VNINDEX,852.91,0,Benchmark
2022-12-06,ASSET_A,155.16,1631415,Technology
2022-12-06,ASSET_B,179.92,2399870,Banking
2022-12-06,ASSET_C,37.49,1453569,Consumer
2022-12-06,ASSET_D,27.62,1085334,Materials
2022-12-06,ASSET_E,57.11,1913772,Retail
2022-12-06,VNINDEX,839.19,0,Benchmark
2022-12-07,ASSET_A,153.75,2332840,Technology
2022-12-07,ASSET_B,178.47,2163779,Banking
2022-12-07,ASSET_C,37.68,1824394,Consumer
2022-12-07,ASSET_D,27.58,2336256,Materials
2022-12-07,ASSET_E,57.33,1570140,Retail
2022-12-07,VNINDEX,839.13,0,Benchmark
2022-12-08,ASSET_A,159.72,614052,Technology
2022-12-08,ASSET_B,183.62,804952,Banking
2022-12-08,ASSET_C,38.48,561909,Consumer
2022-12-08,ASSET_D,28.43,441746,Materials
2022-12-08,ASSET_E,59.94,585281,Retail
2022-12-08,VNINDEX,860.43,0,Benchmark
2022-12-09,ASSET_A,160.99,1256641,Technology
2022-12-09,ASSET_B,190.07,1661802,Banking
2022-12-09,ASSET_C,38.65,1860490,Consumer
2022-12-09,ASSET_D,28.34,1484935,Materials
2022-12-09,ASSET_E,59.7,988118,Retail
2022-12-09,VNINDEX,869.46,0,Benchmark
2022-12-12,ASSET_A,159.12,2478877,Technology
2022-12-12,ASSET_B,192.18,1160268,Banking
2022-12-12,ASSET_C,38.69,2211763,Consumer
2022-12-12,ASSET_D,29.2,697414,Materials
2022-12-12,ASSET_E,60.67,2179752,Retail
2022-12-12,VNINDEX,871.49,0,Benchmark
2022-12-13,ASSET_A,157.52,1218309,Technology
2022-12-13,ASSET_B,189.58,1664609,Banking
2022-12-13,ASSET_C,39.19,2008838,Consumer
2022-12-13,ASSET_D,30.07,1309133,Materials
2022-12-13,ASSET_E,60.32,692848,Retail
2022-12-13,VNINDEX,866.94,0,Benchmark
2022-12-14,ASSET_A,157.2,1781888,Technology
2022-12-14,ASSET_B,188.28,1569706,Banking
2022-12-14,ASSET_C,38.85,997897,Consumer
2022-12-14,ASSET_D,30.01,467560,Materials
2022-12-14,ASSET_E,58.64,823989,Retail
2022-12-14,VNINDEX,862.9,0,Benchmark
2022-12-15,ASSET_A,153.27,737989,Technology
2022-12-15,ASSET_B,181.91,1021424,Banking
2022-12-15,ASSET_C,37.8,1136984,Consumer
2022-12-15,ASSET_D,30.5,694997,Materials
2022-12-15,ASSET_E,56.51,1349599,Retail
2022-12-15,VNINDEX,840.58,0,Benchmark
2022-12-16,ASSET_A,158.22,1929650,Technology
2022-12-16,ASSET_B,181.02,1767946,Banking
2022-12-16,ASSET_C,37.21,2418899,Consumer
2022-12-16,ASSET_D,30.26,1245962,Materials
2022-12-16,ASSET_E,55.96,1943371,Retail
2022-12-16,VNINDEX,843.46,0,Benchmark
2022-12-19,ASSET_A,158.6,979100,Technology
2022-12-19,ASSET_B,181.86,946363,Banking
2022-12-19,ASSET_C,37.54,2058957,Consumer
2022-12-19,ASSET_D,29.96,526112,Materials
2022-12-19,ASSET_E,56.3,2139346,Retail
2022-12-19,VNINDEX,852.54,0,Benchmark
2022-12-20,ASSET_A,154.94,1601664,Technology
2022-12-20,ASSET_B,179.53,2305427,Banking
2022-12-20,ASSET_C,37.19,2356231,Consumer
2022-12-20,ASSET_D,29.01,2074022,Materials
2022-12-20,ASSET_E,55.59,1642946,Retail
2022-12-20,VNINDEX,836.21,0,Benchmark
2022-12-21,ASSET_A,154.5,2247530,Technology
2022-12-21,ASSET_B,176.77,2387765,Banking
2022-12-21,ASSET_C,37.27,2318307,Consumer
2022-12-21,ASSET_D,28.66,1613802,Materials
2022-12-21,ASSET_E,56.56,1434230,Retail
2022-12-21,VNINDEX,829.56,0,Benchmark
2022-12-22,ASSET_A,151.95,1788206,Technology
2022-12-22,ASSET_B,171.26,748404,Banking
2022-12-22,ASSET_C,36.87,1311602,Consumer
2022-12-22,ASSET_D,29.36,1345915,Materials
2022-12-22,ASSET_E,54.74,1209806,Retail
2022-12-22,VNINDEX,817.9,0,Benchmark
2022-12-23,ASSET_A,148.8,1396202,Technology
2022-12-23,ASSET_B,168.57,1928286,Banking
2022-12-23,ASSET_C,36.88,671800,Consumer
2022-12-23,ASSET_D,28.86,1391999,Materials
2022-12-23,ASSET_E,53.77,491785,Retail
2022-12-23,VNINDEX,808.33,0,Benchmark
2022-12-26,ASSET_A,145.57,799111,Technology
2022-12-26,ASSET_B,169.0,2351689,Banking
2022-12-26,ASSET_C,37.2,879990,Consumer
2022-12-26,ASSET_D,28.48,2161887,Materials
2022-12-26,ASSET_E,53.17,961826,Retail
2022-12-26,VNINDEX,809.05,0,Benchmark
2022-12-27,ASSET_A,140.26,1116841,Technology
2022-12-27,ASSET_B,159.59,666418,Banking
2022-12-27,ASSET_C,36.84,1017810,Consumer
2022-12-27,ASSET_D,27.3,2175427,Materials
2022-12-27,ASSET_E,51.01,850970,Retail
2022-12-27,VNINDEX,788.54,0,Benchmark
2022-12-28,ASSET_A,139.3,2183479,Technology
2022-12-28,ASSET_B,161.14,1953223,Banking
2022-12-28,ASSET_C,37.48,2153190,Consumer
2022-12-28,ASSET_D,28.06,499811,Materials
2022-12-28,ASSET_E,51.46,520664,Retail
2022-12-28,VNINDEX,794.76,0,Benchmark
2022-12-29,ASSET_A,137.28,853835,Technology
2022-12-29,ASSET_B,164.89,2369184,Banking
2022-12-29,ASSET_C,38.43,980114,Consumer
2022-12-29,ASSET_D,28.83,1838946,Materials
2022-12-29,ASSET_E,51.93,1964665,Retail
2022-12-29,VNINDEX,802.41,0,Benchmark
2022-12-30,ASSET_A,135.21,1778235,Technology
2022-12-30,ASSET_B,165.18,872711,Banking
2022-12-30,ASSET_C,38.27,1158700,Consumer
2022-12-30,ASSET_D,28.5,1386418,Materials
2022-12-30,ASSET_E,50.54,1142098,Retail
2022-12-30,VNINDEX,800.09,0,Benchmark
2023-01-02,ASSET_A,128.52,1418416,Technology
2023-01-02,ASSET_B,163.1,1622977,Banking
2023-01-02,ASSET_C,36.76,2187746,Consumer
2023-01-02,ASSET_D,26.74,2044075,Materials
2023-01-02,ASSET_E,49.1,1470149,Retail
2023-01-02,VNINDEX,775.98,0,Benchmark
2023-01-03,ASSET_A,127.84,1073839,Technology
2023-01-03,ASSET_B,163.0,2075473,Banking
2023-01-03,ASSET_C,36.64,743456,Consumer
2023-01-03,ASSET_D,25.91,2052858,Materials
2023-01-03,ASSET_E,47.75,821110,Retail
2023-01-03,VNINDEX,766.61,0,Benchmark
2023-01-04,ASSET_A,131.31,1904997,Technology
2023-01-04,ASSET_B,169.28,1100060,Banking
2023-01-04,ASSET_C,37.44,1793590,Consumer
2023-01-04,ASSET_D,27.11,1887454,Materials
2023-01-04,ASSET_E,48.47,1641593,Retail
2023-01-04,VNINDEX,778.61,0,Benchmark
2023-01-05,ASSET_A,124.55,1160490,Technology
2023-01-05,ASSET_B,167.5,899423,Banking
2023-01-05,ASSET_C,36.99,1558376,Consumer
2023-01-05,ASSET_D,26.46,1816916,Materials
2023-01-05,ASSET_E,47.73,685416,Retail
2023-01-05,VNINDEX,752.37,0,Benchmark
2023-01-06,ASSET_A,123.49,1002053,Technology
2023-01-06,ASSET_B,168.15,1233992,Banking
2023-01-06,ASSET_C,37.37,2467346,Consumer
2023-01-06,ASSET_D,26.37,845072,Materials
2023-01-06,ASSET_E,47.84,1823233,Retail
2023-01-06,VNINDEX,749.29,0,Benchmark
2023-01-09,ASSET_A,118.15,1511431,Technology
2023-01-09,ASSET_B,165.35,1104316,Banking
2023-01-09,ASSET_C,37.7,1427745,Consumer
2023-01-09,ASSET_D,26.81,2190933,Materials
2023-01-09,ASSET_E,47.3,1950846,Retail
2023-01-09,VNINDEX,738.56,0,Benchmark
2023-01-10,ASSET_A,118.67,1991204,Technology
2023-01-10,ASSET_B,169.56,1923349,Banking
2023-01-10,ASSET_C,38.29,1494592,Consumer
2023-01-10,ASSET_D,28.01,1871710,Materials
2023-01-10,ASSET_E,47.42,1054003,Retail
2023-01-10,VNINDEX,746.14,0,Benchmark
2023-01-11,ASSET_A,118.26,2214694,Technology
2023-01-11,ASSET_B,166.63,1178950,Banking
2023-01-11,ASSET_C,38.11,2185037,Consumer
2023-01-11,ASSET_D,27.75,975052,Materials
2023-01-11,ASSET_E,47.1,846281,Retail
2023-01-11,VNINDEX,740.07,0,Benchmark
2023-01-12,ASSET_A,120.44,1722554,Technology
2023-01-12,ASSET_B,167.99,1190172,Banking
2023-01-12,ASSET_C,37.72,2482538,Consumer
2023-01-12,ASSET_D,27.89,888727,Materials
2023-01-12,ASSET_E,47.7,2038317,Retail
2023-01-12,VNINDEX,743.96,0,Benchmark
2023-01-13,ASSET_A,120.17,1790167,Technology
2023-01-13,ASSET_B,168.25,2383464,Banking
2023-01-13,ASSET_C,38.08,1931490,Consumer
2023-01-13,ASSET_D,27.83,1451786,Materials
2023-01-13,ASSET_E,48.33,868631,Retail
2023-01-13,VNINDEX,749.36,0,Benchmark
2023-01-16,ASSET_A,131.79,2053881,Technology
2023-01-16,ASSET_B,181.56,1615364,Banking
2023-01-16,ASSET_C,39.22,1865967,Consumer
2023-01-16,ASSET_D,29.04,1119971,Materials
2023-01-16,ASSET_E,50.55,774260,Retail
2023-01-16,VNINDEX,788.07,0,Benchmark
2023-01-17,ASSET_A,124.66,965416,Technology
2023-01-17,ASSET_B,177.19,2351657,Banking
2023-01-17,ASSET_C,39.24,2239892,Consumer
2023-01-17,ASSET_D,27.33,1821445,Materials
2023-01-17,ASSET_E,50.62,1115011,Retail
2023-01-17,VNINDEX,783.89,0,Benchmark
2023-01-18,ASSET_A,121.14,926910,Technology
2023-01-18,ASSET_B,176.36,1892048,Banking
2023-01-18,ASSET_C,39.65,2457426,Consumer
2023-01-18,ASSET_D,26.14,1253579,Materials
2023-01-18,ASSET_E,49.17,2429789,Retail
2023-01-18,VNINDEX,792.16,0,Benchmark
2023-01-19,ASSET_A,118.36,1416367,Technology
2023-01-19,ASSET_B,169.21,2258932,Banking
2023-01-19,ASSET_C,38.74,1942876,Consumer
2023-01-19,ASSET_D,23.51,753828,Materials
2023-01-19,ASSET_E,46.3,1371571,Retail
2023-01-19,VNINDEX,760.85,0,Benchmark
2023-01-20,ASSET_A,129.79,1725159,Technology
2023-01-20,ASSET_B,175.91,810287,Banking
2023-01-20,ASSET_C,39.74,1013988,Consumer
2023-01-20,ASSET_D,25.33,1229663,Materials
2023-01-20,ASSET_E,48.77,951614,Retail
2023-01-20,VNINDEX,786.15,0,Benchmark
2023-01-23,ASSET_A,128.81,1756591,Technology
2023-01-23,ASSET_B,162.69,2370185,Banking
2023-01-23,ASSET_C,39.93,1748567,Consumer
2023-01-23,ASSET_D,23.39,2113194,Materials
2023-01-23,ASSET_E,49.04,1478796,Retail
2023-01-23,VNINDEX,770.17,0,Benchmark
2023-01-24,ASSET_A,126.43,722844,Technology
2023-01-24,ASSET_B,153.45,2382907,Banking
2023-01-24,ASSET_C,36.95,895982,Consumer
2023-01-24,ASSET_D,24.75,2144443,Materials
2023-01-24,ASSET_E,48.48,1131636,Retail
2023-01-24,VNINDEX,758.64,0,Benchmark
2023-01-25,ASSET_A,117.64,2039281,Technology
2023-01-25,ASSET_B,148.74,485613,Banking
2023-01-25,ASSET_C,37.11,1450372,Consumer
2023-01-25,ASSET_D,24.08,1054087,Materials
2023-01-25,ASSET_E,50.63,1795547,Retail
2023-01-25,VNINDEX,758.35,0,Benchmark
2023-01-26,ASSET_A,104.89,1163973,Technology
2023-01-26,ASSET_B,137.48,1147962,Banking
2023-01-26,ASSET_C,36.83,1333371,Consumer
2023-01-26,ASSET_D,24.56,2071268,Materials
2023-01-26,ASSET_E,49.37,1321574,Retail
2023-01-26,VNINDEX,726.85,0,Benchmark
2023-01-27,ASSET_A,106.12,2242309,Technology
2023-01-27,ASSET_B,140.19,1267912,Banking
2023-01-27,ASSET_C,38.71,2473861,Consumer
2023-01-27,ASSET_D,24.4,595945,Materials
2023-01-27,ASSET_E,49.33,1635896,Retail
2023-01-27,VNINDEX,731.56,0,Benchmark
2023-01-30,ASSET_A,108.14,1921156,Technology
2023-01-30,ASSET_B,145.97,1280686,Banking
2023-01-30,ASSET_C,40.29,1564106,Consumer
2023-01-30,ASSET_D,23.67,2466421,Materials
2023-01-30,ASSET_E,48.8,1316280,Retail
2023-01-30,VNINDEX,751.29,0,Benchmark
2023-01-31,ASSET_A,105.3,2464180,Technology
2023-01-31,ASSET_B,151.79,2034646,Banking
2023-01-31,ASSET_C,42.23,2414246,Consumer
2023-01-31,ASSET_D,25.04,2007972,Materials
2023-01-31,ASSET_E,51.32,1411536,Retail
2023-01-31,VNINDEX,757.48,0,Benchmark
2023-02-01,ASSET_A,100.43,1726503,Technology
2023-02-01,ASSET_B,146.43,1866880,Banking
2023-02-01,ASSET_C,40.87,2097086,Consumer
2023-02-01,ASSET_D,25.21,485776,Materials
2023-02-01,ASSET_E,50.4,1339026,Retail
2023-02-01,VNINDEX,725.53,0,Benchmark
2023-02-02,ASSET_A,100.44,1507740,Technology
2023-02-02,ASSET_B,150.06,847055,Banking
2023-02-02,ASSET_C,40.77,2182591,Consumer
2023-02-02,ASSET_D,24.3,1880537,Materials
2023-02-02,ASSET_E,53.0,1227274,Retail
2023-02-02,VNINDEX,723.24,0,Benchmark
2023-02-03,ASSET_A,106.04,794507,Technology
2023-02-03,ASSET_B,156.62,1678448,Banking
2023-02-03,ASSET_C,42.0,755476,Consumer
2023-02-03,ASSET_D,24.52,1437431,Materials
2023-02-03,ASSET_E,57.62,2423953,Retail
2023-02-03,VNINDEX,738.18,0,Benchmark
2023-02-06,ASSET_A,100.45,1237196,Technology
2023-02-06,ASSET_B,147.4,2446717,Banking
2023-02-06,ASSET_C,40.22,2028170,Consumer
2023-02-06,ASSET_D,22.48,2255727,Materials
2023-02-06,ASSET_E,52.85,958151,Retail
2023-02-06,VNINDEX,701.51,0,Benchmark
2023-02-07,ASSET_A,101.12,2202519,Technology
2023-02-07,ASSET_B,146.16,1324251,Banking
2023-02-07,ASSET_C,38.52,928113,Consumer
2023-02-07,ASSET_D,21.71,903944,Materials
2023-02-07,ASSET_E,49.49,2091375,Retail
2023-02-07,VNINDEX,681.42,0,Benchmark
2023-02-08,ASSET_A,103.98,1202262,Technology
2023-02-08,ASSET_B,154.55,2349248,Banking
2023-02-08,ASSET_C,38.84,1612875,Consumer
2023-02-08,ASSET_D,22.35,2273356,Materials
2023-02-08,ASSET_E,46.52,1890879,Retail
2023-02-08,VNINDEX,698.04,0,Benchmark
2023-02-09,ASSET_A,104.5,512037,Technology
2023-02-09,ASSET_B,157.65,1764458,Banking
2023-02-09,ASSET_C,38.07,1420927,Consumer
2023-02-09,ASSET_D,22.24,2228294,Materials
2023-02-09,ASSET_E,48.15,1508724,Retail
2023-02-09,VNINDEX,703.34,0,Benchmark
2023-02-10,ASSET_A,109.61,914778,Technology
2023-02-10,ASSET_B,165.52,2342417,Banking
2023-02-10,ASSET_C,38.93,945482,Consumer
2023-02-10,ASSET_D,21.04,984904,Materials
2023-02-10,ASSET_E,49.63,1066752,Retail
2023-02-10,VNINDEX,711.43,0,Benchmark
2023-02-13,ASSET_A,112.57,1649952,Technology
2023-02-13,ASSET_B,166.12,2295939,Banking
2023-02-13,ASSET_C,40.66,2468221,Consumer
2023-02-13,ASSET_D,21.72,1307906,Materials
2023-02-13,ASSET_E,52.23,1416036,Retail
2023-02-13,VNINDEX,748.52,0,Benchmark
2023-02-14,ASSET_A,125.21,1721130,Technology
2023-02-14,ASSET_B,167.64,435015,Banking
2023-02-14,ASSET_C,40.76,2238421,Consumer
2023-02-14,ASSET_D,22.6,1746861,Materials
2023-02-14,ASSET_E,51.0,2184120,Retail
2023-02-14,VNINDEX,758.29,0,Benchmark
2023-02-15,ASSET_A,129.42,2466023,Technology
2023-02-15,ASSET_B,170.24,2080595,Banking
2023-02-15,ASSET_C,40.84,1605922,Consumer
2023-02-15,ASSET_D,22.86,904502,Materials
2023-02-15,ASSET_E,51.75,782085,Retail
2023-02-15,VNINDEX,772.14,0,Benchmark
2023-02-16,ASSET_A,142.65,2361096,Technology
2023-02-16,ASSET_B,193.24,797092,Banking
2023-02-16,ASSET_C,44.01,422713,Consumer
2023-02-16,ASSET_D,24.41,2498158,Materials
2023-02-16,ASSET_E,55.81,1630941,Retail
2023-02-16,VNINDEX,831.37,0,Benchmark
2023-02-17,ASSET_A,144.18,1516159,Technology
2023-02-17,ASSET_B,200.03,2130943,Banking
2023-02-17,ASSET_C,44.62,784865,Consumer
2023-02-17,ASSET_D,23.44,800982,Materials
2023-02-17,ASSET_E,56.82,2006186,Retail
2023-02-17,VNINDEX,826.74,0,Benchmark
2023-02-20,ASSET_A,149.51,1564476,Technology
2023-02-20,ASSET_B,187.17,2096832,Banking
2023-02-20,ASSET_C,42.66,877623,Consumer
2023-02-20,ASSET_D,22.41,911993,Materials
2023-02-20,ASSET_E,56.12,1731282,Retail
2023-02-20,VNINDEX,809.19,0,Benchmark
2023-02-21,ASSET_A,155.51,2081410,Technology
2023-02-21,ASSET_B,197.34,942657,Banking
2023-02-21,ASSET_C,41.8,2441019,Consumer
2023-02-21,ASSET_D,23.9,1451462,Materials
2023-02-21,ASSET_E,57.88,702724,Retail
2023-02-21,VNINDEX,818.83,0,Benchmark
2023-02-22,ASSET_A,149.69,502158,Technology
2023-02-22,ASSET_B,194.33,539057,Banking
2023-02-22,ASSET_C,43.2,1247838,Consumer
2023-02-22,ASSET_D,23.21,1393041,Materials
2023-02-22,ASSET_E,58.34,1468459,Retail
2023-02-22,VNINDEX,828.83,0,Benchmark
2023-02-23,ASSET_A,154.15,1649880,Technology
2023-02-23,ASSET_B,185.12,1280747,Banking
2023-02-23,ASSET_C,41.32,498142,Consumer
2023-02-23,ASSET_D,23.49,505409,Materials
2023-02-23,ASSET_E,59.6,784316,Retail
2023-02-23,VNINDEX,817.24,0,Benchmark
2023-02-24,ASSET_A,147.66,1395404,Technology
2023-02-24,ASSET_B,177.44,1036249,Banking
2023-02-24,ASSET_C,40.88,1630930,Consumer
2023-02-24,ASSET_D,22.85,2311349,Materials
2023-02-24,ASSET_E,59.14,2349967,Retail
2023-02-24,VNINDEX,794.84,0,Benchmark
2023-02-27,ASSET_A,159.28,2044485,Technology
2023-02-27,ASSET_B,190.93,1563020,Banking
2023-02-27,ASSET_C,44.8,2395915,Consumer
2023-02-27,ASSET_D,24.63,904283,Materials
2023-02-27,ASSET_E,60.62,1138647,Retail
2023-02-27,VNINDEX,846.41,0,Benchmark
2023-02-28,ASSET_A,154.42,2080747,Technology
2023-02-28,ASSET_B,185.38,572240,Banking
2023-02-28,ASSET_C,46.9,1577846,Consumer
2023-02-28,ASSET_D,24.21,616467,Materials
2023-02-28,ASSET_E,63.7,1285350,Retail
2023-02-28,VNINDEX,854.14,0,Benchmark
2023-03-01,ASSET_A,153.57,1776747,Technology
2023-03-01,ASSET_B,183.85,492800,Banking
2023-03-01,ASSET_C,46.94,1332425,Consumer
2023-03-01,ASSET_D,23.41,1490336,Materials
2023-03-01,ASSET_E,64.82,2200749,Retail
2023-03-01,VNINDEX,837.54,0,Benchmark
2023-03-02,ASSET_A,154.75,1780293,Technology
2023-03-02,ASSET_B,193.38,1317998,Banking
2023-03-02,ASSET_C,48.75,769213,Consumer
2023-03-02,ASSET_D,24.03,2349324,Materials
2023-03-02,ASSET_E,67.3,1296633,Retail
2023-03-02,VNINDEX,858.77,0,Benchmark
2023-03-03,ASSET_A,154.77,1851377,Technology
2023-03-03,ASSET_B,198.15,2016563,Banking
2023-03-03,ASSET_C,51.29,2245464,Consumer
2023-03-03,ASSET_D,23.5,404755,Materials
2023-03-03,ASSET_E,67.68,807274,Retail
2023-03-03,VNINDEX,856.42,0,Benchmark
2023-03-06,ASSET_A,152.19,1618283,Technology
2023-03-06,ASSET_B,194.21,1061447,Banking
2023-03-06,ASSET_C,48.27,620076,Consumer
2023-03-06,ASSET_D,23.63,1425126,Materials
2023-03-06,ASSET_E,70.62,2275330,Retail
2023-03-06,VNINDEX,850.77,0,Benchmark
2023-03-07,ASSET_A,164.86,878403,Technology
2023-03-07,ASSET_B,197.94,1079273,Banking
2023-03-07,ASSET_C,48.38,2360409,Consumer
2023-03-07,ASSET_D,24.42,2312675,Materials
2023-03-07,ASSET_E,68.3,1760786,Retail
2023-03-07,VNINDEX,864.0,0,Benchmark
2023-03-08,ASSET_A,168.9,997500,Technology
2023-03-08,ASSET_B,189.05,744442,Banking
2023-03-08,ASSET_C,47.92,866890,Consumer
2023-03-08,ASSET_D,25.5,2275385,Materials
2023-03-08,ASSET_E,68.54,1670304,Retail
2023-03-08,VNINDEX,834.52,0,Benchmark
2023-03-09,ASSET_A,171.06,1957823,Technology
2023-03-09,ASSET_B,200.2,993451,Banking
2023-03-09,ASSET_C,47.94,690147,Consumer
2023-03-09,ASSET_D,26.03,758744,Materials
2023-03-09,ASSET_E,68.22,558726,Retail
2023-03-09,VNINDEX,842.69,0,Benchmark
2023-03-10,ASSET_A,181.96,1698571,Technology
2023-03-10,ASSET_B,198.72,1027426,Banking
2023-03-10,ASSET_C,51.58,1132288,Consumer
2023-03-10,ASSET_D,25.62,1704879,Materials
2023-03-10,ASSET_E,74.01,1343212,Retail
2023-03-10,VNINDEX,887.59,0,Benchmark
2023-03-13,ASSET_A,182.44,899610,Technology
2023-03-13,ASSET_B,197.01,944513,Banking
2023-03-13,ASSET_C,52.1,410417,Consumer
2023-03-13,ASSET_D,27.1,2155582,Materials
2023-03-13,ASSET_E,75.18,1364551,Retail
2023-03-13,VNINDEX,899.03,0,Benchmark
2023-03-14,ASSET_A,186.93,2243502,Technology
2023-03-14,ASSET_B,194.51,1121729,Banking
2023-03-14,ASSET_C,51.82,429512,Consumer
2023-03-14,ASSET_D,26.62,1810014,Materials
2023-03-14,ASSET_E,71.81,950517,Retail
2023-03-14,VNINDEX,890.14,0,Benchmark
2023-03-15,ASSET_A,182.11,2459344,Technology
2023-03-15,ASSET_B,185.74,995096,Banking
2023-03-15,ASSET_C,50.9,791598,Consumer
2023-03-15,ASSET_D,28.26,1780154,Materials
2023-03-15,ASSET_E,69.87,1585357,Retail
2023-03-15,VNINDEX,878.24,0,Benchmark
2023-03-16,ASSET_A,177.43,1714770,Technology
2023-03-16,ASSET_B,181.89,1829719,Banking
2023-03-16,ASSET_C,49.82,1854157,Consumer
2023-03-16,ASSET_D,29.48,2023270,Materials
2023-03-16,ASSET_E,71.26,914593,Retail
2023-03-16,VNINDEX,868.77,0,Benchmark
2023-03-17,ASSET_A,181.72,878353,Technology
2023-03-17,ASSET_B,179.74,1109831,Banking
2023-03-17,ASSET_C,48.91,2110381,Consumer
2023-03-17,ASSET_D,28.74,1351824,Materials
2023-03-17,ASSET_E,70.38,1388977,Retail
2023-03-17,VNINDEX,863.03,0,Benchmark
2023-03-20,ASSET_A,176.56,2370388,Technology
2023-03-20,ASSET_B,174.37,1984989,Banking
2023-03-20,ASSET_C,48.8,920227,Consumer
2023-03-20,ASSET_D,29.21,540985,Materials
2023-03-20,ASSET_E,68.46,2083012,Retail
2023-03-20,VNINDEX,854.48,0,Benchmark
2023-03-21,ASSET_A,181.47,897036,Technology
2023-03-21,ASSET_B,180.42,1670131,Banking
2023-03-21,ASSET_C,48.95,1753500,Consumer
2023-03-21,ASSET_D,29.33,1742932,Materials
2023-03-21,ASSET_E,68.82,1944078,Retail
2023-03-21,VNINDEX,876.02,0,Benchmark
2023-03-22,ASSET_A,163.5,1308174,Technology
2023-03-22,ASSET_B,172.68,1745016,Banking
2023-03-22,ASSET_C,48.12,1137949,Consumer
2023-03-22,ASSET_D,27.94,1718313,Materials
2023-03-22,ASSET_E,67.1,986878,Retail
2023-03-22,VNINDEX,836.28,0,Benchmark
2023-03-23,ASSET_A,171.81,2203213,Technology
2023-03-23,ASSET_B,176.91,1625487,Banking
2023-03-23,ASSET_C,49.84,1309215,Consumer
2023-03-23,ASSET_D,29.35,2188109,Materials
2023-03-23,ASSET_E,72.21,835817,Retail
2023-03-23,VNINDEX,856.08,0,Benchmark
2023-03-24,ASSET_A,180.78,1493425,Technology
2023-03-24,ASSET_B,172.56,2338016,Banking
2023-03-24,ASSET_C,50.71,1103293,Consumer
2023-03-24,ASSET_D,30.25,2340268,Materials
2023-03-24,ASSET_E,67.19,412049,Retail
2023-03-24,VNINDEX,847.58,0,Benchmark
2023-03-27,ASSET_A,187.23,910270,Technology
2023-03-27,ASSET_B,174.14,936994,Banking
2023-03-27,ASSET_C,49.82,2272031,Consumer
2023-03-27,ASSET_D,31.6,1109268,Materials
2023-03-27,ASSET_E,73.64,1125660,Retail
2023-03-27,VNINDEX,856.39,0,Benchmark
2023-03-28,ASSET_A,189.57,568214,Technology
2023-03-28,ASSET_B,167.44,2463009,Banking
2023-03-28,ASSET_C,46.68,1474842,Consumer
2023-03-28,ASSET_D,30.7,2407859,Materials
2023-03-28,ASSET_E,71.99,440867,Retail
2023-03-28,VNINDEX,831.05,0,Benchmark
2023-03-29,ASSET_A,192.26,1157895,Technology
2023-03-29,ASSET_B,167.6,833490,Banking
2023-03-29,ASSET_C,48.12,1463109,Consumer
2023-03-29,ASSET_D,34.9,420780,Materials
2023-03-29,ASSET_E,75.76,669295,Retail
2023-03-29,VNINDEX,861.4,0,Benchmark
2023-03-30,ASSET_A,201.36,1811388,Technology
2023-03-30,ASSET_B,177.22,690281,Banking
2023-03-30,ASSET_C,52.98,2205579,Consumer
2023-03-30,ASSET_D,35.68,2433475,Materials
2023-03-30,ASSET_E,77.23,2454645,Retail
2023-03-30,VNINDEX,890.86,0,Benchmark
2023-03-31,ASSET_A,201.28,1900744,Technology
2023-03-31,ASSET_B,181.14,2135352,Banking
2023-03-31,ASSET_C,55.78,1780246,Consumer
2023-03-31,ASSET_D,34.58,688342,Materials
2023-03-31,ASSET_E,79.15,2196900,Retail
2023-03-31,VNINDEX,914.28,0,Benchmark
2023-04-03,ASSET_A,190.76,868176,Technology
2023-04-03,ASSET_B,177.66,2281514,Banking
2023-04-03,ASSET_C,53.21,713718,Consumer
2023-04-03,ASSET_D,31.48,1756249,Materials
2023-04-03,ASSET_E,76.6,1575659,Retail
2023-04-03,VNINDEX,878.11,0,Benchmark
2023-04-04,ASSET_A,200.64,733372,Technology
2023-04-04,ASSET_B,185.77,594719,Banking
2023-04-04,ASSET_C,54.77,796467,Consumer
2023-04-04,ASSET_D,34.01,1834750,Materials
2023-04-04,ASSET_E,75.89,2026540,Retail
2023-04-04,VNINDEX,898.02,0,Benchmark
2023-04-05,ASSET_A,203.87,1873050,Technology
2023-04-05,ASSET_B,194.32,1659549,Banking
2023-04-05,ASSET_C,56.23,1115526,Consumer
2023-04-05,ASSET_D,34.31,1729902,Materials
2023-04-05,ASSET_E,74.92,1426951,Retail
2023-04-05,VNINDEX,908.0,0,Benchmark
2023-04-06,ASSET_A,185.53,734050,Technology
2023-04-06,ASSET_B,179.03,1476927,Banking
2023-04-06,ASSET_C,52.53,605553,Consumer
2023-04-06,ASSET_D,32.99,2480959,Materials
2023-04-06,ASSET_E,74.46,1662760,Retail
2023-04-06,VNINDEX,870.04,0,Benchmark
2023-04-07,ASSET_A,177.8,534933,Technology
2023-04-07,ASSET_B,177.2,862234,Banking
2023-04-07,ASSET_C,54.21,1853260,Consumer
2023-04-07,ASSET_D,32.33,1560176,Materials
2023-04-07,ASSET_E,71.15,2327539,Retail
2023-04-07,VNINDEX,869.67,0,Benchmark
2023-04-10,ASSET_A,172.09,1421352,Technology
2023-04-10,ASSET_B,173.77,1493177,Banking
2023-04-10,ASSET_C,54.46,1440206,Consumer
2023-04-10,ASSET_D,32.14,676040,Materials
2023-04-10,ASSET_E,72.75,565083,Retail
2023-04-10,VNINDEX,878.37,0,Benchmark
2023-04-11,ASSET_A,177.87,1598914,Technology
2023-04-11,ASSET_B,173.98,1840148,Banking
2023-04-11,ASSET_C,55.04,492885,Consumer
2023-04-11,ASSET_D,31.74,1675862,Materials
2023-04-11,ASSET_E,73.01,1138543,Retail
2023-04-11,VNINDEX,891.7,0,Benchmark
2023-04-12,ASSET_A,191.05,911763,Technology
2023-04-12,ASSET_B,180.91,1605687,Banking
2023-04-12,ASSET_C,55.3,1240980,Consumer
2023-04-12,ASSET_D,32.45,1010847,Materials
2023-04-12,ASSET_E,71.34,649973,Retail
2023-04-12,VNINDEX,896.12,0,Benchmark
2023-04-13,ASSET_A,201.37,843562,Technology
2023-04-13,ASSET_B,190.03,1491491,Banking
2023-04-13,ASSET_C,57.18,2142955,Consumer
2023-04-13,ASSET_D,32.61,1685447,Materials
2023-04-13,ASSET_E,76.11,2069494,Retail
2023-04-13,VNINDEX,903.3,0,Benchmark
2023-04-14,ASSET_A,198.37,894881,Technology
2023-04-14,ASSET_B,194.14,2259865,Banking
2023-04-14,ASSET_C,58.1,2304809,Consumer
2023-04-14,ASSET_D,34.53,1199342,Materials
2023-04-14,ASSET_E,76.86,2127416,Retail
2023-04-14,VNINDEX,939.66,0,Benchmark
2023-04-17,ASSET_A,215.54,1119935,Technology
2023-04-17,ASSET_B,200.2,873613,Banking
2023-04-17,ASSET_C,57.43,2419832,Consumer
2023-04-17,ASSET_D,36.18,489057,Materials
2023-04-17,ASSET_E,76.75,1915800,Retail
2023-04-17,VNINDEX,971.04,0,Benchmark
2023-04-18,ASSET_A,203.46,419401,Technology
2023-04-18,ASSET_B,181.0,1710219,Banking
2023-04-18,ASSET_C,54.24,2337413,Consumer
2023-04-18,ASSET_D,32.89,1738766,Materials
2023-04-18,ASSET_E,71.02,1678766,Retail
2023-04-18,VNINDEX,899.95,0,Benchmark
2023-04-19,ASSET_A,191.89,424687,Technology
2023-04-19,ASSET_B,181.83,1064795,Banking
2023-04-19,ASSET_C,51.38,1676038,Consumer
2023-04-19,ASSET_D,30.94,586629,Materials
2023-04-19,ASSET_E,68.92,1401902,Retail
2023-04-19,VNINDEX,892.59,0,Benchmark
2023-04-20,ASSET_A,189.15,1177944,Technology
2023-04-20,ASSET_B,172.77,2444630,Banking
2023-04-20,ASSET_C,50.84,2347082,Consumer
2023-04-20,ASSET_D,29.13,1088565,Materials
2023-04-20,ASSET_E,68.66,449357,Retail
2023-04-20,VNINDEX,888.89,0,Benchmark
2023-04-21,ASSET_A,185.69,441797,Technology
2023-04-21,ASSET_B,156.05,928248,Banking
2023-04-21,ASSET_C,50.24,2408667,Consumer
2023-04-21,ASSET_D,30.95,1700774,Materials
2023-04-21,ASSET_E,66.0,2026726,Retail
2023-04-21,VNINDEX,848.69,0,Benchmark
2023-04-24,ASSET_A,189.55,1068326,Technology
2023-04-24,ASSET_B,158.6,2229841,Banking
2023-04-24,ASSET_C,51.03,1734102,Consumer
2023-04-24,ASSET_D,32.74,2250450,Materials
2023-04-24,ASSET_E,66.62,2277377,Retail
2023-04-24,VNINDEX,851.0,0,Benchmark
2023-04-25,ASSET_A,188.95,1619915,Technology
2023-04-25,ASSET_B,157.46,1727468,Banking
2023-04-25,ASSET_C,53.78,1267429,Consumer
2023-04-25,ASSET_D,35.58,1059854,Materials
2023-04-25,ASSET_E,68.52,2428134,Retail
2023-04-25,VNINDEX,879.82,0,Benchmark
2023-04-26,ASSET_A,186.42,465427,Technology
2023-04-26,ASSET_B,149.98,850954,Banking
2023-04-26,ASSET_C,53.24,2428797,Consumer
2023-04-26,ASSET_D,33.7,1026770,Materials
2023-04-26,ASSET_E,65.35,1117886,Retail
2023-04-26,VNINDEX,855.06,0,Benchmark
2023-04-27,ASSET_A,176.06,1697432,Technology
2023-04-27,ASSET_B,152.4,1993251,Banking
2023-04-27,ASSET_C,56.71,1271566,Consumer
2023-04-27,ASSET_D,34.04,1032993,Materials
2023-04-27,ASSET_E,67.15,821275,Retail
2023-04-27,VNINDEX,862.89,0,Benchmark
2023-04-28,ASSET_A,170.07,1704589,Technology
2023-04-28,ASSET_B,149.32,906484,Banking
2023-04-28,ASSET_C,54.82,749398,Consumer
2023-04-28,ASSET_D,32.23,1607767,Materials
2023-04-28,ASSET_E,65.43,1773391,Retail
2023-04-28,VNINDEX,842.44,0,Benchmark
2023-05-01,ASSET_A,172.78,1604000,Technology
2023-05-01,ASSET_B,145.42,950865,Banking
2023-05-01,ASSET_C,54.51,623122,Consumer
2023-05-01,ASSET_D,30.19,806225,Materials
2023-05-01,ASSET_E,63.44,436769,Retail
2023-05-01,VNINDEX,827.8,0,Benchmark
2023-05-02,ASSET_A,180.85,1715975,Technology
2023-05-02,ASSET_B,151.59,1124025,Banking
2023-05-02,ASSET_C,55.79,1591642,Consumer
2023-05-02,ASSET_D,30.8,1506974,Materials
2023-05-02,ASSET_E,68.7,526554,Retail
2023-05-02,VNINDEX,860.91,0,Benchmark
2023-05-03,ASSET_A,175.17,2099396,Technology
2023-05-03,ASSET_B,152.12,1831640,Banking
2023-05-03,ASSET_C,56.35,474438,Consumer
2023-05-03,ASSET_D,31.82,2082246,Materials
2023-05-03,ASSET_E,67.55,2125054,Retail
2023-05-03,VNINDEX,848.86,0,Benchmark
2023-05-04,ASSET_A,182.73,548680,Technology
2023-05-04,ASSET_B,155.73,1222180,Banking
2023-05-04,ASSET_C,56.87,649066,Consumer
2023-05-04,ASSET_D,33.23,569511,Materials
2023-05-04,ASSET_E,70.52,2409373,Retail
2023-05-04,VNINDEX,859.45,0,Benchmark
2023-05-05,ASSET_A,178.09,754537,Technology
2023-05-05,ASSET_B,143.7,1595188,Banking
2023-05-05,ASSET_C,56.74,913459,Consumer
2023-05-05,ASSET_D,30.48,2425089,Materials
2023-05-05,ASSET_E,69.72,1247532,Retail
2023-05-05,VNINDEX,818.31,0,Benchmark
2023-05-08,ASSET_A,196.39,1065787,Technology
2023-05-08,ASSET_B,153.34,1561289,Banking
2023-05-08,ASSET_C,58.45,1512638,Consumer
2023-05-08,ASSET_D,31.74,1516810,Materials
2023-05-08,ASSET_E,75.8,1466406,Retail
2023-05-08,VNINDEX,859.6,0,Benchmark
2023-05-09,ASSET_A,205.63,1845042,Technology
2023-05-09,ASSET_B,158.13,812921,Banking
2023-05-09,ASSET_C,61.19,1404070,Consumer
2023-05-09,ASSET_D,33.15,1718291,Materials
2023-05-09,ASSET_E,78.5,1543245,Retail
2023-05-09,VNINDEX,873.51,0,Benchmark
2023-05-10,ASSET_A,211.61,2232891,Technology
2023-05-10,ASSET_B,164.28,888276,Banking
2023-05-10,ASSET_C,61.78,1473515,Consumer
2023-05-10,ASSET_D,32.33,1696366,Materials
2023-05-10,ASSET_E,78.15,690824,Retail
2023-05-10,VNINDEX,869.53,0,Benchmark
2023-05-11,ASSET_A,220.39,2329195,Technology
2023-05-11,ASSET_B,171.01,1044323,Banking
2023-05-11,ASSET_C,62.54,1466133,Consumer
2023-05-11,ASSET_D,32.95,2385381,Materials
2023-05-11,ASSET_E,79.16,867170,Retail
2023-05-11,VNINDEX,882.96,0,Benchmark
2023-05-12,ASSET_A,213.03,1622550,Technology
2023-05-12,ASSET_B,168.19,866924,Banking
2023-05-12,ASSET_C,61.37,2487760,Consumer
2023-05-12,ASSET_D,32.16,1795786,Materials
2023-05-12,ASSET_E,75.91,1026723,Retail
2023-05-12,VNINDEX,851.1,0,Benchmark
2023-05-15,ASSET_A,221.44,1261239,Technology
2023-05-15,ASSET_B,172.43,2329346,Banking
2023-05-15,ASSET_C,63.4,856908,Consumer
2023-05-15,ASSET_D,33.69,2256156,Materials
2023-05-15,ASSET_E,73.51,2167756,Retail
2023-05-15,VNINDEX,878.07,0,Benchmark
2023-05-16,ASSET_A,217.72,1265146,Technology
2023-05-16,ASSET_B,168.31,1200918,Banking
2023-05-16,ASSET_C,63.47,1395499,Consumer
2023-05-16,ASSET_D,33.71,1000529,Materials
2023-05-16,ASSET_E,74.45,1320064,Retail
2023-05-16,VNINDEX,870.85,0,Benchmark
2023-05-17,ASSET_A,208.39,525629,Technology
2023-05-17,ASSET_B,166.2,1250238,Banking
2023-05-17,ASSET_C,62.9,1686891,Consumer
2023-05-17,ASSET_D,32.76,857646,Materials
2023-05-17,ASSET_E,74.6,1914533,Retail
2023-05-17,VNINDEX,866.4,0,Benchmark
2023-05-18,ASSET_A,199.35,1376714,Technology
2023-05-18,ASSET_B,162.89,1811248,Banking
2023-05-18,ASSET_C,61.24,975285,Consumer
2023-05-18,ASSET_D,31.7,1751540,Materials
2023-05-18,ASSET_E,75.46,808344,Retail
2023-05-18,VNINDEX,855.53,0,Benchmark
2023-05-19,ASSET_A,194.24,1476975,Technology
2023-05-19,ASSET_B,155.7,2054964,Banking
2023-05-19,ASSET_C,60.01,780532,Consumer
2023-05-19,ASSET_D,29.98,722404,Materials
2023-05-19,ASSET_E,74.15,2402069,Retail
2023-05-19,VNINDEX,842.85,0,Benchmark
2023-05-22,ASSET_A,199.88,837387,Technology
2023-05-22,ASSET_B,164.69,1845063,Banking
2023-05-22,ASSET_C,58.67,497973,Consumer
2023-05-22,ASSET_D,28.91,633437,Materials
2023-05-22,ASSET_E,76.89,2255213,Retail
2023-05-22,VNINDEX,858.45,0,Benchmark
2023-05-23,ASSET_A,210.71,2012699,Technology
2023-05-23,ASSET_B,169.95,1557472,Banking
2023-05-23,ASSET_C,60.15,1085043,Consumer
2023-05-23,ASSET_D,29.01,844332,Materials
2023-05-23,ASSET_E,74.43,1398028,Retail
2023-05-23,VNINDEX,864.38,0,Benchmark
2023-05-24,ASSET_A,214.64,2104951,Technology
2023-05-24,ASSET_B,172.45,2449845,Banking
2023-05-24,ASSET_C,59.35,933771,Consumer
2023-05-24,ASSET_D,30.4,969003,Materials
2023-05-24,ASSET_E,73.2,873713,Retail
2023-05-24,VNINDEX,879.36,0,Benchmark
2023-05-25,ASSET_A,221.44,1034239,Technology
2023-05-25,ASSET_B,175.28,2289665,Banking
2023-05-25,ASSET_C,59.06,810989,Consumer
2023-05-25,ASSET_D,28.95,602039,Materials
2023-05-25,ASSET_E,68.25,2450786,Retail
2023-05-25,VNINDEX,879.36,0,Benchmark
2023-05-26,ASSET_A,232.59,2319409,Technology
2023-05-26,ASSET_B,179.41,825072,Banking
2023-05-26,ASSET_C,60.63,969659,Consumer
2023-05-26,ASSET_D,29.65,1930291,Materials
2023-05-26,ASSET_E,68.87,2097058,Retail
2023-05-26,VNINDEX,891.36,0,Benchmark
2023-05-29,ASSET_A,228.11,624909,Technology
2023-05-29,ASSET_B,180.21,736062,Banking
2023-05-29,ASSET_C,61.23,1862993,Consumer
2023-05-29,ASSET_D,30.14,1624046,Materials
2023-05-29,ASSET_E,66.71,1472796,Retail
2023-05-29,VNINDEX,881.91,0,Benchmark
2023-05-30,ASSET_A,248.39,2312394,Technology
2023-05-30,ASSET_B,187.82,1225004,Banking
2023-05-30,ASSET_C,61.8,2137793,Consumer
2023-05-30,ASSET_D,30.03,820697,Materials
2023-05-30,ASSET_E,68.72,961851,Retail
2023-05-30,VNINDEX,934.61,0,Benchmark
2023-05-31,ASSET_A,235.34,2012970,Technology
2023-05-31,ASSET_B,177.55,2154281,Banking
2023-05-31,ASSET_C,59.59,1484802,Consumer
2023-05-31,ASSET_D,28.51,993565,Materials
2023-05-31,ASSET_E,66.76,1704986,Retail
2023-05-31,VNINDEX,897.61,0,Benchmark
2023-06-01,ASSET_A,254.6,870262,Technology
2023-06-01,ASSET_B,185.03,2425822,Banking
2023-06-01,ASSET_C,61.92,539733,Consumer
2023-06-01,ASSET_D,31.27,2352592,Materials
2023-06-01,ASSET_E,68.05,1177774,Retail
2023-06-01,VNINDEX,927.59,0,Benchmark
2023-06-02,ASSET_A,270.5,1765347,Technology
2023-06-02,ASSET_B,196.87,1875515,Banking
2023-06-02,ASSET_C,63.89,1945812,Consumer
2023-06-02,ASSET_D,33.1,2317125,Materials
2023-06-02,ASSET_E,67.61,1815667,Retail
2023-06-02,VNINDEX,961.19,0,Benchmark
2023-06-05,ASSET_A,254.29,1052554,Technology
2023-06-05,ASSET_B,188.35,1849018,Banking
2023-06-05,ASSET_C,64.64,719194,Consumer
2023-06-05,ASSET_D,30.29,658640,Materials
2023-06-05,ASSET_E,71.13,2148172,Retail
2023-06-05,VNINDEX,940.47,0,Benchmark
2023-06-06,ASSET_A,273.1,2079439,Technology
2023-06-06,ASSET_B,190.62,890762,Banking
2023-06-06,ASSET_C,66.66,520221,Consumer
2023-06-06,ASSET_D,32.94,1688156,Materials
2023-06-06,ASSET_E,75.07,1428520,Retail
2023-06-06,VNINDEX,996.37,0,Benchmark
2023-06-07,ASSET_A,296.01,737307,Technology
2023-06-07,ASSET_B,191.84,1643784,Banking
2023-06-07,ASSET_C,65.08,1593767,Consumer
2023-06-07,ASSET_D,32.97,1078479,Materials
2023-06-07,ASSET_E,74.63,501147,Retail
2023-06-07,VNINDEX,1022.49,0,Benchmark
2023-06-08,ASSET_A,303.03,914313,Technology
2023-06-08,ASSET_B,197.93,787072,Banking
2023-06-08,ASSET_C,67.71,1293260,Consumer
2023-06-08,ASSET_D,34.68,1155182,Materials
2023-06-08,ASSET_E,75.02,1581838,Retail
2023-06-08,VNINDEX,1048.61,0,Benchmark
2023-06-09,ASSET_A,307.56,1045122,Technology
2023-06-09,ASSET_B,198.49,1533256,Banking
2023-06-09,ASSET_C,66.95,1054852,Consumer
2023-06-09,ASSET_D,33.89,1659561,Materials
2023-06-09,ASSET_E,74.73,2203177,Retail
2023-06-09,VNINDEX,1049.6,0,Benchmark
2023-06-12,ASSET_A,310.84,819325,Technology
2023-06-12,ASSET_B,205.63,806875,Banking
2023-06-12,ASSET_C,64.08,2430613,Consumer
2023-06-12,ASSET_D,33.64,2467745,Materials
2023-06-12,ASSET_E,73.99,868944,Retail
2023-06-12,VNINDEX,1043.99,0,Benchmark
2023-06-13,ASSET_A,299.33,1098891,Technology
2023-06-13,ASSET_B,207.27,558571,Banking
2023-06-13,ASSET_C,63.57,591568,Consumer
2023-06-13,ASSET_D,32.83,1623858,Materials
2023-06-13,ASSET_E,76.35,2414714,Retail
2023-06-13,VNINDEX,1038.62,0,Benchmark
2023-06-14,ASSET_A,307.65,1665427,Technology
2023-06-14,ASSET_B,210.47,2431311,Banking
2023-06-14,ASSET_C,65.91,512600,Consumer
2023-06-14,ASSET_D,33.19,2401708,Materials
2023-06-14,ASSET_E,76.92,1160962,Retail
2023-06-14,VNINDEX,1049.3,0,Benchmark
2023-06-15,ASSET_A,307.29,1729522,Technology
2023-06-15,ASSET_B,220.41,2276084,Banking
2023-06-15,ASSET_C,66.08,1633728,Consumer
2023-06-15,ASSET_D,33.8,2122755,Materials
2023-06-15,ASSET_E,83.83,1836648,Retail
2023-06-15,VNINDEX,1087.88,0,Benchmark
2023-06-16,ASSET_A,303.16,1563260,Technology
2023-06-16,ASSET_B,228.02,1839176,Banking
2023-06-16,ASSET_C,69.9,1278595,Consumer
2023-06-16,ASSET_D,33.71,2035091,Materials
2023-06-16,ASSET_E,83.21,1874185,Retail
2023-06-16,VNINDEX,1093.18,0,Benchmark
2023-06-19,ASSET_A,305.09,798257,Technology
2023-06-19,ASSET_B,218.04,1713560,Banking
2023-06-19,ASSET_C,67.27,2083236,Consumer
2023-06-19,ASSET_D,31.59,2059651,Materials
2023-06-19,ASSET_E,82.38,782366,Retail
2023-06-19,VNINDEX,1068.25,0,Benchmark
2023-06-20,ASSET_A,316.06,825132,Technology
2023-06-20,ASSET_B,223.37,903994,Banking
2023-06-20,ASSET_C,68.63,484836,Consumer
2023-06-20,ASSET_D,32.86,2062535,Materials
2023-06-20,ASSET_E,86.47,481876,Retail
2023-06-20,VNINDEX,1091.21,0,Benchmark
2023-06-21,ASSET_A,321.8,2330733,Technology
2023-06-21,ASSET_B,224.19,1600501,Banking
2023-06-21,ASSET_C,68.16,1280692,Consumer
2023-06-21,ASSET_D,33.89,936135,Materials
2023-06-21,ASSET_E,91.42,2392418,Retail
2023-06-21,VNINDEX,1117.39,0,Benchmark
2023-06-22,ASSET_A,332.6,927807,Technology
2023-06-22,ASSET_B,237.41,1970980,Banking
2023-06-22,ASSET_C,69.21,707971,Consumer
2023-06-22,ASSET_D,32.62,2452267,Materials
2023-06-22,ASSET_E,96.34,1870867,Retail
2023-06-22,VNINDEX,1136.42,0,Benchmark
2023-06-23,ASSET_A,339.4,616508,Technology
2023-06-23,ASSET_B,245.8,1532950,Banking
2023-06-23,ASSET_C,70.14,486487,Consumer
2023-06-23,ASSET_D,34.44,2328481,Materials
2023-06-23,ASSET_E,97.37,1725747,Retail
2023-06-23,VNINDEX,1158.44,0,Benchmark
2023-06-26,ASSET_A,336.94,1353374,Technology
2023-06-26,ASSET_B,239.43,992071,Banking
2023-06-26,ASSET_C,67.49,1371305,Consumer
2023-06-26,ASSET_D,34.0,1660958,Materials
2023-06-26,ASSET_E,96.75,1037928,Retail
2023-06-26,VNINDEX,1150.74,0,Benchmark
2023-06-27,ASSET_A,334.61,414443,Technology
2023-06-27,ASSET_B,231.61,1223019,Banking
2023-06-27,ASSET_C,70.42,1943181,Consumer
2023-06-27,ASSET_D,33.36,1893442,Materials
2023-06-27,ASSET_E,88.37,626992,Retail
2023-06-27,VNINDEX,1124.17,0,Benchmark
2023-06-28,ASSET_A,319.21,1119572,Technology
2023-06-28,ASSET_B,228.0,2166034,Banking
2023-06-28,ASSET_C,68.38,730778,Consumer
2023-06-28,ASSET_D,33.47,2248041,Materials
2023-06-28,ASSET_E,86.09,970855,Retail
2023-06-28,VNINDEX,1099.94,0,Benchmark
2023-06-29,ASSET_A,304.81,2195384,Technology
2023-06-29,ASSET_B,214.78,934795,Banking
2023-06-29,ASSET_C,65.31,2168805,Consumer
2023-06-29,ASSET_D,32.42,720523,Materials
2023-06-29,ASSET_E,85.31,1550224,Retail
2023-06-29,VNINDEX,1055.55,0,Benchmark
2023-06-30,ASSET_A,304.11,961520,Technology
2023-06-30,ASSET_B,213.67,2418943,Banking
2023-06-30,ASSET_C,67.07,1489386,Consumer
2023-06-30,ASSET_D,33.97,536138,Materials
2023-06-30,ASSET_E,87.96,1856325,Retail
2023-06-30,VNINDEX,1062.13,0,Benchmark
2023-07-03,ASSET_A,289.26,1877916,Technology
2023-07-03,ASSET_B,209.73,1986176,Banking
2023-07-03,ASSET_C,69.68,1409040,Consumer
2023-07-03,ASSET_D,33.56,2490923,Materials
2023-07-03,ASSET_E,87.59,1069998,Retail
2023-07-03,VNINDEX,1060.12,0,Benchmark
2023-07-04,ASSET_A,277.84,1428608,Technology
2023-07-04,ASSET_B,208.52,2269499,Banking
2023-07-04,ASSET_C,70.77,2337736,Consumer
2023-07-04,ASSET_D,34.38,1563531,Materials
2023-07-04,ASSET_E,90.83,851384,Retail
2023-07-04,VNINDEX,1048.65,0,Benchmark
2023-07-05,ASSET_A,267.44,1146255,Technology
2023-07-05,ASSET_B,187.67,1470091,Banking
2023-07-05,ASSET_C,64.71,1091246,Consumer
2023-07-05,ASSET_D,31.93,1916385,Materials
2023-07-05,ASSET_E,83.75,923986,Retail
2023-07-05,VNINDEX,973.58,0,Benchmark
2023-07-06,ASSET_A,261.03,1789308,Technology
2023-07-06,ASSET_B,178.21,869849,Banking
2023-07-06,ASSET_C,63.32,820855,Consumer
2023-07-06,ASSET_D,31.44,1455284,Materials
2023-07-06,ASSET_E,79.73,2419535,Retail
2023-07-06,VNINDEX,943.7,0,Benchmark
2023-07-07,ASSET_A,259.17,1650549,Technology
2023-07-07,ASSET_B,178.93,471273,Banking
2023-07-07,ASSET_C,62.25,2051179,Consumer
2023-07-07,ASSET_D,32.85,1486448,Materials
2023-07-07,ASSET_E,80.87,1724101,Retail
2023-07-07,VNINDEX,970.88,0,Benchmark
2023-07-10,ASSET_A,242.81,1068290,Technology
2023-07-10,ASSET_B,175.48,1523333,Banking
2023-07-10,ASSET_C,62.61,625091,Consumer
2023-07-10,ASSET_D,33.68,479220,Materials
2023-07-10,ASSET_E,77.21,2480425,Retail
2023-07-10,VNINDEX,955.02,0,Benchmark
2023-07-11,ASSET_A,244.59,869442,Technology
2023-07-11,ASSET_B,176.82,1238098,Banking
2023-07-11,ASSET_C,60.89,2231401,Consumer
2023-07-11,ASSET_D,34.85,1007789,Materials
2023-07-11,ASSET_E,79.23,413180,Retail
2023-07-11,VNINDEX,963.91,0,Benchmark
2023-07-12,ASSET_A,246.3,2325323,Technology
2023-07-12,ASSET_B,167.71,638730,Banking
2023-07-12,ASSET_C,58.1,2133080,Consumer
2023-07-12,ASSET_D,33.11,582599,Materials
2023-07-12,ASSET_E,77.27,1362010,Retail
2023-07-12,VNINDEX,931.12,0,Benchmark
2023-07-13,ASSET_A,255.34,753618,Technology
2023-07-13,ASSET_B,176.65,2350067,Banking
2023-07-13,ASSET_C,59.91,2451676,Consumer
2023-07-13,ASSET_D,33.65,1307828,Materials
2023-07-13,ASSET_E,81.31,1360525,Retail
2023-07-13,VNINDEX,965.45,0,Benchmark
2023-07-14,ASSET_A,264.48,2414947,Technology
2023-07-14,ASSET_B,179.12,2437557,Banking
2023-07-14,ASSET_C,60.32,1366566,Consumer
2023-07-14,ASSET_D,33.47,445861,Materials
2023-07-14,ASSET_E,80.14,1242978,Retail
2023-07-14,VNINDEX,962.2,0,Benchmark
2023-07-17,ASSET_A,269.57,1389413,Technology
2023-07-17,ASSET_B,183.99,1185178,Banking
2023-07-17,ASSET_C,60.36,1706610,Consumer
2023-07-17,ASSET_D,32.88,2085419,Materials
2023-07-17,ASSET_E,80.59,1222326,Retail
2023-07-17,VNINDEX,969.4,0,Benchmark
2023-07-18,ASSET_A,292.3,2493161,Technology
2023-07-18,ASSET_B,201.14,1802900,Banking
2023-07-18,ASSET_C,65.54,2253483,Consumer
2023-07-18,ASSET_D,33.73,1017431,Materials
2023-07-18,ASSET_E,80.28,565978,Retail
2023-07-18,VNINDEX,1027.48,0,Benchmark
2023-07-19,ASSET_A,293.45,1141694,Technology
2023-07-19,ASSET_B,210.08,1267789,Banking
2023-07-19,ASSET_C,68.76,676380,Consumer
2023-07-19,ASSET_D,32.66,1956430,Materials
2023-07-19,ASSET_E,84.08,467562,Retail
2023-07-19,VNINDEX,1067.24,0,Benchmark
2023-07-20,ASSET_A,299.18,1587564,Technology
2023-07-20,ASSET_B,205.22,1443300,Banking
2023-07-20,ASSET_C,69.29,1042858,Consumer
2023-07-20,ASSET_D,30.76,512373,Materials
2023-07-20,ASSET_E,83.72,2034259,Retail
2023-07-20,VNINDEX,1059.37,0,Benchmark
2023-07-21,ASSET_A,291.32,1691983,Technology
2023-07-21,ASSET_B,196.34,1710318,Banking
2023-07-21,ASSET_C,66.65,1390889,Consumer
2023-07-21,ASSET_D,32.39,469956,Materials
2023-07-21,ASSET_E,80.16,1325070,Retail
2023-07-21,VNINDEX,1044.11,0,Benchmark
2023-07-24,ASSET_A,296.19,1111267,Technology
2023-07-24,ASSET_B,191.57,1274504,Banking
2023-07-24,ASSET_C,68.67,1717817,Consumer
2023-07-24,ASSET_D,31.42,1288635,Materials
2023-07-24,ASSET_E,79.34,741720,Retail
2023-07-24,VNINDEX,1035.94,0,Benchmark
2023-07-25,ASSET_A,293.43,858113,Technology
2023-07-25,ASSET_B,194.89,2083517,Banking
2023-07-25,ASSET_C,68.24,1826254,Consumer
2023-07-25,ASSET_D,33.95,2054891,Materials
2023-07-25,ASSET_E,79.76,1129831,Retail
2023-07-25,VNINDEX,1049.34,0,Benchmark
2023-07-26,ASSET_A,294.17,1492710,Technology
2023-07-26,ASSET_B,190.63,797626,Banking
2023-07-26,ASSET_C,70.69,2338958,Consumer
2023-07-26,ASSET_D,34.33,2106767,Materials
2023-07-26,ASSET_E,83.44,2359400,Retail
2023-07-26,VNINDEX,1046.84,0,Benchmark
2023-07-27,ASSET_A,294.0,1792148,Technology
2023-07-27,ASSET_B,188.72,1803768,Banking
2023-07-27,ASSET_C,73.23,1427595,Consumer
2023-07-27,ASSET_D,33.93,1543740,Materials
2023-07-27,ASSET_E,80.37,1382156,Retail
2023-07-27,VNINDEX,1036.9,0,Benchmark
2023-07-28,ASSET_A,305.18,948988,Technology
2023-07-28,ASSET_B,193.31,2464570,Banking
2023-07-28,ASSET_C,76.37,760561,Consumer
2023-07-28,ASSET_D,33.52,1689042,Materials
2023-07-28,ASSET_E,83.94,2480244,Retail
2023-07-28,VNINDEX,1075.34,0,Benchmark
2023-07-31,ASSET_A,307.92,2010409,Technology
2023-07-31,ASSET_B,185.1,2185114,Banking
2023-07-31,ASSET_C,77.9,798797,Consumer
2023-07-31,ASSET_D,33.44,1846383,Materials
2023-07-31,ASSET_E,81.32,739157,Retail
2023-07-31,VNINDEX,1072.56,0,Benchmark
2023-08-01,ASSET_A,326.13,1741640,Technology
2023-08-01,ASSET_B,203.25,496013,Banking
2023-08-01,ASSET_C,76.54,2081529,Consumer
2023-08-01,ASSET_D,37.81,1814958,Materials
2023-08-01,ASSET_E,84.56,657060,Retail
2023-08-01,VNINDEX,1135.22,0,Benchmark
2023-08-02,ASSET_A,320.87,749935,Technology
2023-08-02,ASSET_B,201.58,639338,Banking
2023-08-02,ASSET_C,76.38,1368173,Consumer
2023-08-02,ASSET_D,39.93,1956501,Materials
2023-08-02,ASSET_E,85.38,1584001,Retail
2023-08-02,VNINDEX,1138.0,0,Benchmark
2023-08-03,ASSET_A,353.8,2371161,Technology
2023-08-03,ASSET_B,209.21,1720340,Banking
2023-08-03,ASSET_C,81.18,1726185,Consumer
2023-08-03,ASSET_D,42.2,466164,Materials
2023-08-03,ASSET_E,88.53,1834312,Retail
2023-08-03,VNINDEX,1189.2,0,Benchmark
2023-08-04,ASSET_A,368.62,492102,Technology
2023-08-04,ASSET_B,206.19,2341644,Banking
2023-08-04,ASSET_C,83.43,1582002,Consumer
2023-08-04,ASSET_D,41.0,1300614,Materials
2023-08-04,ASSET_E,89.27,2460722,Retail
2023-08-04,VNINDEX,1199.92,0,Benchmark
2023-08-07,ASSET_A,370.5,1772829,Technology
2023-08-07,ASSET_B,214.82,2172453,Banking
2023-08-07,ASSET_C,82.95,2107188,Consumer
2023-08-07,ASSET_D,40.72,2163005,Materials
2023-08-07,ASSET_E,92.12,1378583,Retail
2023-08-07,VNINDEX,1228.78,0,Benchmark
2023-08-08,ASSET_A,369.21,1323133,Technology
2023-08-08,ASSET_B,217.01,2298236,Banking
2023-08-08,ASSET_C,81.22,858738,Consumer
2023-08-08,ASSET_D,38.87,1323533,Materials
2023-08-08,ASSET_E,89.42,820350,Retail
2023-08-08,VNINDEX,1207.49,0,Benchmark
2023-08-09,ASSET_A,352.84,1772999,Technology
2023-08-09,ASSET_B,209.25,714421,Banking
2023-08-09,ASSET_C,75.63,758456,Consumer
2023-08-09,ASSET_D,39.68,706999,Materials
2023-08-09,ASSET_E,89.77,1536406,Retail
2023-08-09,VNINDEX,1182.87,0,Benchmark
2023-08-10,ASSET_A,345.38,2025450,Technology
2023-08-10,ASSET_B,211.29,1490212,Banking
2023-08-10,ASSET_C,77.04,1940438,Consumer
2023-08-10,ASSET_D,42.39,1797092,Materials
2023-08-10,ASSET_E,90.02,1044626,Retail
2023-08-10,VNINDEX,1196.45,0,Benchmark
2023-08-11,ASSET_A,365.99,1843120,Technology
2023-08-11,ASSET_B,223.7,1924356,Banking
2023-08-11,ASSET_C,75.57,1311581,Consumer
2023-08-11,ASSET_D,43.76,1035566,Materials
2023-08-11,ASSET_E,91.88,777106,Retail
2023-08-11,VNINDEX,1225.83,0,Benchmark
2023-08-14,ASSET_A,348.8,1766637,Technology
2023-08-14,ASSET_B,214.61,1711958,Banking
2023-08-14,ASSET_C,77.48,2113162,Consumer
2023-08-14,ASSET_D,43.38,1473845,Materials
2023-08-14,ASSET_E,92.87,585660,Retail
2023-08-14,VNINDEX,1227.3,0,Benchmark
2023-08-15,ASSET_A,345.76,2165859,Technology
2023-08-15,ASSET_B,215.99,2031756,Banking
2023-08-15,ASSET_C,77.37,670558,Consumer
2023-08-15,ASSET_D,44.19,1485267,Materials
2023-08-15,ASSET_E,90.71,1919393,Retail
2023-08-15,VNINDEX,1189.87,0,Benchmark
2023-08-16,ASSET_A,330.56,1873951,Technology
2023-08-16,ASSET_B,219.33,846907,Banking
2023-08-16,ASSET_C,74.5,970951,Consumer
2023-08-16,ASSET_D,41.35,1862331,Materials
2023-08-16,ASSET_E,89.44,1749804,Retail
2023-08-16,VNINDEX,1151.57,0,Benchmark
2023-08-17,ASSET_A,315.85,2108858,Technology
2023-08-17,ASSET_B,196.76,1359813,Banking
2023-08-17,ASSET_C,73.16,2416172,Consumer
2023-08-17,ASSET_D,39.95,2352986,Materials
2023-08-17,ASSET_E,87.3,749886,Retail
2023-08-17,VNINDEX,1112.75,0,Benchmark
2023-08-18,ASSET_A,304.37,1245962,Technology
2023-08-18,ASSET_B,185.77,1340689,Banking
2023-08-18,ASSET_C,70.24,2171707,Consumer
2023-08-18,ASSET_D,38.8,1856601,Materials
2023-08-18,ASSET_E,84.89,1573649,Retail
2023-08-18,VNINDEX,1066.5,0,Benchmark
2023-08-21,ASSET_A,310.54,825928,Technology
2023-08-21,ASSET_B,183.32,2373744,Banking
2023-08-21,ASSET_C,70.77,531652,Consumer
2023-08-21,ASSET_D,37.83,2496113,Materials
2023-08-21,ASSET_E,84.39,2259129,Retail
2023-08-21,VNINDEX,1069.55,0,Benchmark
2023-08-22,ASSET_A,312.91,893385,Technology
2023-08-22,ASSET_B,188.77,825677,Banking
2023-08-22,ASSET_C,70.71,2115385,Consumer
2023-08-22,ASSET_D,38.13,439812,Materials
2023-08-22,ASSET_E,84.22,2117985,Retail
2023-08-22,VNINDEX,1099.15,0,Benchmark
2023-08-23,ASSET_A,319.39,1685425,Technology
2023-08-23,ASSET_B,186.89,1085379,Banking
2023-08-23,ASSET_C,71.63,537515,Consumer
2023-08-23,ASSET_D,37.24,2043587,Materials
2023-08-23,ASSET_E,81.13,1353346,Retail
2023-08-23,VNINDEX,1099.04,0,Benchmark
2023-08-24,ASSET_A,301.13,1516735,Technology
2023-08-24,ASSET_B,177.57,446151,Banking
2023-08-24,ASSET_C,66.11,652635,Consumer
2023-08-24,ASSET_D,36.85,1275926,Materials
2023-08-24,ASSET_E,73.79,520294,Retail
2023-08-24,VNINDEX,1041.23,0,Benchmark
2023-08-25,ASSET_A,289.03,562019,Technology
2023-08-25,ASSET_B,176.1,718676,Banking
2023-08-25,ASSET_C,63.4,2286128,Consumer
2023-08-25,ASSET_D,39.05,1931559,Materials
2023-08-25,ASSET_E,76.93,1733223,Retail
2023-08-25,VNINDEX,1036.71,0,Benchmark
2023-08-28,ASSET_A,286.42,829167,Technology
2023-08-28,ASSET_B,171.56,2459896,Banking
2023-08-28,ASSET_C,63.05,664645,Consumer
2023-08-28,ASSET_D,39.04,578989,Materials
2023-08-28,ASSET_E,72.38,1484037,Retail
2023-08-28,VNINDEX,1032.91,0,Benchmark
2023-08-29,ASSET_A,315.69,2431858,Technology
2023-08-29,ASSET_B,182.42,2180130,Banking
2023-08-29,ASSET_C,65.51,1031600,Consumer
2023-08-29,ASSET_D,40.8,1508132,Materials
2023-08-29,ASSET_E,78.31,2335761,Retail
2023-08-29,VNINDEX,1086.19,0,Benchmark
2023-08-30,ASSET_A,318.26,1925080,Technology
2023-08-30,ASSET_B,176.52,944207,Banking
2023-08-30,ASSET_C,63.98,684247,Consumer
2023-08-30,ASSET_D,38.59,462871,Materials
2023-08-30,ASSET_E,74.19,1561994,Retail
2023-08-30,VNINDEX,1049.31,0,Benchmark
2023-08-31,ASSET_A,321.45,1985454,Technology
2023-08-31,ASSET_B,169.7,1874344,Banking
2023-08-31,ASSET_C,62.64,1653742,Consumer
2023-08-31,ASSET_D,38.23,1797817,Materials
2023-08-31,ASSET_E,75.84,1949672,Retail
2023-08-31,VNINDEX,1039.82,0,Benchmark
2023-09-01,ASSET_A,325.67,813629,Technology
2023-09-01,ASSET_B,172.22,1645527,Banking
2023-09-01,ASSET_C,67.43,520089,Consumer
2023-09-01,ASSET_D,39.2,854747,Materials
2023-09-01,ASSET_E,74.48,1509720,Retail
2023-09-01,VNINDEX,1083.11,0,Benchmark
2023-09-04,ASSET_A,334.41,534866,Technology
2023-09-04,ASSET_B,182.95,2303815,Banking
2023-09-04,ASSET_C,68.28,1003698,Consumer
2023-09-04,ASSET_D,39.52,703290,Materials
2023-09-04,ASSET_E,74.8,1535780,Retail
2023-09-04,VNINDEX,1094.99,0,Benchmark
2023-09-05,ASSET_A,347.96,1011652,Technology
2023-09-05,ASSET_B,183.46,1030525,Banking
2023-09-05,ASSET_C,69.4,1085296,Consumer
2023-09-05,ASSET_D,40.63,566006,Materials
2023-09-05,ASSET_E,78.66,1066615,Retail
2023-09-05,VNINDEX,1109.95,0,Benchmark
2023-09-06,ASSET_A,351.81,2199444,Technology
2023-09-06,ASSET_B,183.54,2488136,Banking
2023-09-06,ASSET_C,69.62,1762392,Consumer
2023-09-06,ASSET_D,40.45,965311,Materials
2023-09-06,ASSET_E,79.43,1245623,Retail
2023-09-06,VNINDEX,1111.57,0,Benchmark
2023-09-07,ASSET_A,356.92,1463744,Technology
2023-09-07,ASSET_B,183.67,1178305,Banking
2023-09-07,ASSET_C,70.5,1442680,Consumer
2023-09-07,ASSET_D,40.5,2415517,Materials
2023-09-07,ASSET_E,79.4,1021453,Retail
2023-09-07,VNINDEX,1115.76,0,Benchmark
2023-09-08,ASSET_A,362.13,2047712,Technology
2023-09-08,ASSET_B,186.8,1905402,Banking
2023-09-08,ASSET_C,71.4,804185,Consumer
2023-09-08,ASSET_D,40.75,2467750,Materials
2023-09-08,ASSET_E,78.26,1370483,Retail
2023-09-08,VNINDEX,1125.35,0,Benchmark
2023-09-11,ASSET_A,358.3,1422090,Technology
2023-09-11,ASSET_B,188.22,1235299,Banking
2023-09-11,ASSET_C,71.18,1375039,Consumer
2023-09-11,ASSET_D,40.21,568778,Materials
2023-09-11,ASSET_E,76.44,2398202,Retail
2023-09-11,VNINDEX,1115.88,0,Benchmark
2023-09-12,ASSET_A,359.48,1429389,Technology
2023-09-12,ASSET_B,191.74,1810220,Banking
2023-09-12,ASSET_C,72.25,1363625,Consumer
2023-09-12,ASSET_D,40.35,2457191,Materials
2023-09-12,ASSET_E,78.4,1117513,Retail
2023-09-12,VNINDEX,1126.66,0,Benchmark
2023-09-13,ASSET_A,345.1,1661783,Technology
2023-09-13,ASSET_B,185.22,1103598,Banking
2023-09-13,ASSET_C,70.17,1142792,Consumer
2023-09-13,ASSET_D,40.19,1633933,Materials
2023-09-13,ASSET_E,77.02,1372845,Retail
2023-09-13,VNINDEX,1110.51,0,Benchmark
2023-09-14,ASSET_A,348.08,2413750,Technology
2023-09-14,ASSET_B,183.45,2170919,Banking
2023-09-14,ASSET_C,69.24,1520333,Consumer
2023-09-14,ASSET_D,39.33,1078242,Materials
2023-09-14,ASSET_E,77.23,2386986,Retail
2023-09-14,VNINDEX,1114.65,0,Benchmark
2023-09-15,ASSET_A,349.76,1318633,Technology
2023-09-15,ASSET_B,183.19,1738539,Banking
2023-09-15,ASSET_C,69.32,1084893,Consumer
2023-09-15,ASSET_D,40.32,2378893,Materials
2023-09-15,ASSET_E,77.64,717555,Retail
2023-09-15,VNINDEX,1117.02,0,Benchmark
2023-09-18,ASSET_A,349.69,1651097,Technology
2023-09-18,ASSET_B,181.19,1006424,Banking
2023-09-18,ASSET_C,68.82,1100650,Consumer
2023-09-18,ASSET_D,40.13,906202,Materials
2023-09-18,ASSET_E,76.02,931001,Retail
2023-09-18,VNINDEX,1109.97,0,Benchmark
2023-09-19,ASSET_A,343.8,2330893,Technology
2023-09-19,ASSET_B,177.98,2417966,Banking
2023-09-19,ASSET_C,69.19,2045052,Consumer
2023-09-19,ASSET_D,40.49,781557,Materials
2023-09-19,ASSET_E,76.38,1435658,Retail
2023-09-19,VNINDEX,1109.95,0,Benchmark
2023-09-20,ASSET_A,344.09,1181844,Technology
2023-09-20,ASSET_B,178.01,1889272,Banking
2023-09-20,ASSET_C,68.83,928571,Consumer
2023-09-20,ASSET_D,40.64,881987,Materials
2023-09-20,ASSET_E,75.55,1259627,Retail
2023-09-20,VNINDEX,1102.9,0,Benchmark
2023-09-21,ASSET_A,348.66,2163861,Technology
2023-09-21,ASSET_B,173.5,1300132,Banking
2023-09-21,ASSET_C,68.54,1090935,Consumer
2023-09-21,ASSET_D,39.76,706052,Materials
2023-09-21,ASSET_E,75.01,1116392,Retail
2023-09-21,VNINDEX,1090.72,0,Benchmark
2023-09-22,ASSET_A,347.6,1523611,Technology
2023-09-22,ASSET_B,175.39,685359,Banking
2023-09-22,ASSET_C,67.56,694434,Consumer
2023-09-22,ASSET_D,39.1,1418215,Materials
2023-09-22,ASSET_E,74.27,2034270,Retail
2023-09-22,VNINDEX,1086.89,0,Benchmark
2023-09-25,ASSET_A,342.8,2246138,Technology
2023-09-25,ASSET_B,176.08,2443986,Banking
2023-09-25,ASSET_C,66.91,1866096,Consumer
2023-09-25,ASSET_D,38.07,695203,Materials
2023-09-25,ASSET_E,72.16,1447655,Retail
2023-09-25,VNINDEX,1074.56,0,Benchmark
2023-09-26,ASSET_A,345.57,1382407,Technology
2023-09-26,ASSET_B,176.46,1985486,Banking
2023-09-26,ASSET_C,66.29,1882903,Consumer
2023-09-26,ASSET_D,38.08,869909,Materials
2023-09-26,ASSET_E,72.05,1165117,Retail
2023-09-26,VNINDEX,1078.45,0,Benchmark
2023-09-27,ASSET_A,349.7,1721984,Technology
2023-09-27,ASSET_B,174.55,1802374,Banking
2023-09-27,ASSET_C,65.86,1824018,Consumer
2023-09-27,ASSET_D,37.98,1179859,Materials
2023-09-27,ASSET_E,71.77,1405827,Retail
2023-09-27,VNINDEX,1065.75,0,Benchmark
2023-09-28,ASSET_A,348.3,1078895,Technology
2023-09-28,ASSET_B,174.09,2149535,Banking
2023-09-28,ASSET_C,65.17,753393,Consumer
2023-09-28,ASSET_D,37.97,1761842,Materials
2023-09-28,ASSET_E,72.62,2261882,Retail
2023-09-28,VNINDEX,1073.96,0,Benchmark
2023-09-29,ASSET_A,344.35,1733516,Technology
2023-09-29,ASSET_B,172.46,1674986,Banking
2023-09-29,ASSET_C,64.7,1348326,Consumer
2023-09-29,ASSET_D,37.82,2201886,Materials
2023-09-29,ASSET_E,71.81,2466298,Retail
2023-09-29,VNINDEX,1061.0,0,Benchmark
2023-10-02,ASSET_A,338.7,1085119,Technology
2023-10-02,ASSET_B,170.32,887210,Banking
2023-10-02,ASSET_C,63.54,1013465,Consumer
2023-10-02,ASSET_D,36.35,557121,Materials
2023-10-02,ASSET_E,72.15,910452,Retail
2023-10-02,VNINDEX,1054.98,0,Benchmark
2023-10-03,ASSET_A,333.97,1679317,Technology
2023-10-03,ASSET_B,167.07,897918,Banking
2023-10-03,ASSET_C,62.98,2003779,Consumer
2023-10-03,ASSET_D,35.91,1724463,Materials
2023-10-03,ASSET_E,71.56,484391,Retail
2023-10-03,VNINDEX,1048.36,0,Benchmark
2023-10-04,ASSET_A,339.19,2056414,Technology
2023-10-04,ASSET_B,169.64,566057,Banking
2023-10-04,ASSET_C,64.25,1107508,Consumer
2023-10-04,ASSET_D,37.05,617722,Materials
2023-10-04,ASSET_E,72.56,465824,Retail
2023-10-04,VNINDEX,1063.15,0,Benchmark
2023-10-05,ASSET_A,346.37,1313256,Technology
2023-10-05,ASSET_B,169.64,532133,Banking
2023-10-05,ASSET_C,64.58,1273505,Consumer
2023-10-05,ASSET_D,37.1,2480545,Materials
2023-10-05,ASSET_E,72.42,1335343,Retail
2023-10-05,VNINDEX,1067.04,0,Benchmark
2023-10-06,ASSET_A,353.39,1301391,Technology
2023-10-06,ASSET_B,168.65,1930222,Banking
2023-10-06,ASSET_C,63.53,1354170,Consumer
2023-10-06,ASSET_D,36.6,981561,Materials
2023-10-06,ASSET_E,73.07,1720377,Retail
2023-10-06,VNINDEX,1064.94,0,Benchmark
2023-10-09,ASSET_A,357.56,1076422,Technology
2023-10-09,ASSET_B,171.47,2189063,Banking
2023-10-09,ASSET_C,63.43,1997654,Consumer
2023-10-09,ASSET_D,36.47,2199374,Materials
2023-10-09,ASSET_E,73.69,507737,Retail
2023-10-09,VNINDEX,1070.69,0,Benchmark
2023-10-10,ASSET_A,347.18,1933980,Technology
2023-10-10,ASSET_B,165.41,744232,Banking
2023-10-10,ASSET_C,61.44,1875394,Consumer
2023-10-10,ASSET_D,34.17,2032630,Materials
2023-10-10,ASSET_E,71.74,1467332,Retail
2023-10-10,VNINDEX,1047.85,0,Benchmark
2023-10-11,ASSET_A,357.93,1643206,Technology
2023-10-11,ASSET_B,168.29,1605360,Banking
2023-10-11,ASSET_C,60.51,2121960,Consumer
2023-10-11,ASSET_D,33.68,1081149,Materials
2023-10-11,ASSET_E,70.54,1239240,Retail
2023-10-11,VNINDEX,1047.61,0,Benchmark
2023-10-12,ASSET_A,364.67,1484529,Technology
2023-10-12,ASSET_B,170.61,660213,Banking
2023-10-12,ASSET_C,61.65,1298684,Consumer
2023-10-12,ASSET_D,34.93,1078908,Materials
2023-10-12,ASSET_E,72.84,2359421,Retail
2023-10-12,VNINDEX,1069.63,0,Benchmark
2023-10-13,ASSET_A,362.78,453616,Technology
2023-10-13,ASSET_B,173.76,1270269,Banking
2023-10-13,ASSET_C,62.04,2121173,Consumer
2023-10-13,ASSET_D,34.71,1065899,Materials
2023-10-13,ASSET_E,72.35,1667496,Retail
2023-10-13,VNINDEX,1071.32,0,Benchmark
2023-10-16,ASSET_A,355.34,631212,Technology
2023-10-16,ASSET_B,172.2,2060543,Banking
2023-10-16,ASSET_C,62.34,2229296,Consumer
2023-10-16,ASSET_D,34.52,1388715,Materials
2023-10-16,ASSET_E,72.47,1288577,Retail
2023-10-16,VNINDEX,1072.3,0,Benchmark
2023-10-17,ASSET_A,363.9,415658,Technology
2023-10-17,ASSET_B,173.51,2105131,Banking
2023-10-17,ASSET_C,62.98,1500201,Consumer
2023-10-17,ASSET_D,33.62,1328288,Materials
2023-10-17,ASSET_E,74.81,1631958,Retail
2023-10-17,VNINDEX,1078.58,0,Benchmark
2023-10-18,ASSET_A,372.23,2185521,Technology
2023-10-18,ASSET_B,174.78,2392380,Banking
2023-10-18,ASSET_C,63.48,1827549,Consumer
2023-10-18,ASSET_D,33.19,1778906,Materials
2023-10-18,ASSET_E,76.15,684739,Retail
2023-10-18,VNINDEX,1088.74,0,Benchmark
2023-10-19,ASSET_A,374.59,2188447,Technology
2023-10-19,ASSET_B,169.67,1052218,Banking
2023-10-19,ASSET_C,62.25,2310073,Consumer
2023-10-19,ASSET_D,33.04,1375061,Materials
2023-10-19,ASSET_E,76.05,1397548,Retail
2023-10-19,VNINDEX,1067.0,0,Benchmark
2023-10-20,ASSET_A,361.2,542647,Technology
2023-10-20,ASSET_B,167.31,2392341,Banking
2023-10-20,ASSET_C,60.78,2160822,Consumer
2023-10-20,ASSET_D,32.73,2055933,Materials
2023-10-20,ASSET_E,74.4,1092465,Retail
2023-10-20,VNINDEX,1049.09,0,Benchmark
2023-10-23,ASSET_A,368.66,497490,Technology
2023-10-23,ASSET_B,170.35,2045596,Banking
2023-10-23,ASSET_C,60.67,980521,Consumer
2023-10-23,ASSET_D,32.23,1379551,Materials
2023-10-23,ASSET_E,75.45,780068,Retail
2023-10-23,VNINDEX,1051.57,0,Benchmark
2023-10-24,ASSET_A,366.0,2041012,Technology
2023-10-24,ASSET_B,170.8,1111112,Banking
2023-10-24,ASSET_C,59.6,1904343,Consumer
2023-10-24,ASSET_D,31.72,1044928,Materials
2023-10-24,ASSET_E,74.97,1225744,Retail
2023-10-24,VNINDEX,1044.19,0,Benchmark
2023-10-25,ASSET_A,375.38,1502069,Technology
2023-10-25,ASSET_B,173.14,1088724,Banking
2023-10-25,ASSET_C,59.85,1336518,Consumer
2023-10-25,ASSET_D,32.16,1086094,Materials
2023-10-25,ASSET_E,76.25,1741884,Retail
2023-10-25,VNINDEX,1058.41,0,Benchmark
2023-10-26,ASSET_A,366.72,1048744,Technology
2023-10-26,ASSET_B,172.78,625881,Banking
2023-10-26,ASSET_C,59.74,712126,Consumer
2023-10-26,ASSET_D,31.53,1935035,Materials
2023-10-26,ASSET_E,77.74,1624576,Retail
2023-10-26,VNINDEX,1055.27,0,Benchmark
2023-10-27,ASSET_A,365.08,1691474,Technology
2023-10-27,ASSET_B,167.2,2333850,Banking
2023-10-27,ASSET_C,58.71,1180753,Consumer
2023-10-27,ASSET_D,30.06,695222,Materials
2023-10-27,ASSET_E,76.09,2424295,Retail
2023-10-27,VNINDEX,1035.08,0,Benchmark
2023-10-30,ASSET_A,363.27,896581,Technology
2023-10-30,ASSET_B,162.89,826940,Banking
2023-10-30,ASSET_C,59.67,2453647,Consumer
2023-10-30,ASSET_D,29.6,1000741,Materials
2023-10-30,ASSET_E,75.21,976451,Retail
2023-10-30,VNINDEX,1022.16,0,Benchmark
2023-10-31,ASSET_A,351.82,816159,Technology
2023-10-31,ASSET_B,155.42,962730,Banking
2023-10-31,ASSET_C,57.61,2411578,Consumer
2023-10-31,ASSET_D,28.99,1054555,Materials
2023-10-31,ASSET_E,72.55,1869306,Retail
2023-10-31,VNINDEX,994.49,0,Benchmark
2023-11-01,ASSET_A,353.69,1171703,Technology
2023-11-01,ASSET_B,154.32,1267136,Banking
2023-11-01,ASSET_C,57.44,2051831,Consumer
2023-11-01,ASSET_D,29.16,1753379,Materials
2023-11-01,ASSET_E,73.11,1555657,Retail
2023-11-01,VNINDEX,992.37,0,Benchmark
2023-11-02,ASSET_A,349.78,2281034,Technology
2023-11-02,ASSET_B,154.37,688863,Banking
2023-11-02,ASSET_C,56.65,2479760,Consumer
2023-11-02,ASSET_D,29.46,671059,Materials
2023-11-02,ASSET_E,72.55,2235036,Retail
2023-11-02,VNINDEX,990.72,0,Benchmark
2023-11-03,ASSET_A,345.76,2011018,Technology
2023-11-03,ASSET_B,150.71,2092545,Banking
2023-11-03,ASSET_C,56.27,1602715,Consumer
2023-11-03,ASSET_D,28.72,1346848,Materials
2023-11-03,ASSET_E,73.08,2306896,Retail
2023-11-03,VNINDEX,986.73,0,Benchmark
2023-11-06,ASSET_A,348.23,799201,Technology
2023-11-06,ASSET_B,152.82,1866003,Banking
2023-11-06,ASSET_C,56.63,1990889,Consumer
2023-11-06,ASSET_D,29.08,1816731,Materials
2023-11-06,ASSET_E,72.54,1885778,Retail
2023-11-06,VNINDEX,997.64,0,Benchmark
2023-11-07,ASSET_A,345.43,1579614,Technology
2023-11-07,ASSET_B,157.56,728915,Banking
2023-11-07,ASSET_C,57.63,746984,Consumer
2023-11-07,ASSET_D,29.34,2345918,Materials
2023-11-07,ASSET_E,73.82,1289833,Retail
2023-11-07,VNINDEX,1009.85,0,Benchmark
2023-11-08,ASSET_A,348.39,2257481,Technology
2023-11-08,ASSET_B,158.99,741979,Banking
2023-11-08,ASSET_C,57.34,1027405,Consumer
2023-11-08,ASSET_D,29.26,1319041,Materials
2023-11-08,ASSET_E,73.2,1520132,Retail
2023-11-08,VNINDEX,1008.37,0,Benchmark
2023-11-09,ASSET_A,344.93,2398397,Technology
2023-11-09,ASSET_B,153.83,446192,Banking
2023-11-09,ASSET_C,56.23,762629,Consumer
2023-11-09,ASSET_D,28.54,2462396,Materials
2023-11-09,ASSET_E,72.33,1768295,Retail
2023-11-09,VNINDEX,987.43,0,Benchmark
2023-11-10,ASSET_A,344.58,2002279,Technology
2023-11-10,ASSET_B,153.02,2393662,Banking
2023-11-10,ASSET_C,56.33,2368888,Consumer
2023-11-10,ASSET_D,28.48,1676150,Materials
2023-11-10,ASSET_E,72.75,2092391,Retail
2023-11-10,VNINDEX,993.71,0,Benchmark
2023-11-13,ASSET_A,348.28,670608,Technology
2023-11-13,ASSET_B,154.85,1315146,Banking
2023-11-13,ASSET_C,55.92,1690095,Consumer
2023-11-13,ASSET_D,27.51,2025658,Materials
2023-11-13,ASSET_E,72.73,880687,Retail
2023-11-13,VNINDEX,999.4,0,Benchmark
2023-11-14,ASSET_A,348.5,905560,Technology
2023-11-14,ASSET_B,152.07,1776665,Banking
2023-11-14,ASSET_C,55.77,2358462,Consumer
2023-11-14,ASSET_D,28.04,910103,Materials
2023-11-14,ASSET_E,72.65,2233269,Retail
2023-11-14,VNINDEX,1002.68,0,Benchmark
2023-11-15,ASSET_A,353.86,859077,Technology
2023-11-15,ASSET_B,155.69,714942,Banking
2023-11-15,ASSET_C,56.05,1274013,Consumer
2023-11-15,ASSET_D,28.46,2322475,Materials
2023-11-15,ASSET_E,72.68,2082786,Retail
2023-11-15,VNINDEX,1012.65,0,Benchmark
2023-11-16,ASSET_A,346.75,716562,Technology
2023-11-16,ASSET_B,153.12,884807,Banking
2023-11-16,ASSET_C,55.56,1247237,Consumer
2023-11-16,ASSET_D,27.57,944256,Materials
2023-11-16,ASSET_E,72.55,585132,Retail
2023-11-16,VNINDEX,1001.34,0,Benchmark
2023-11-17,ASSET_A,351.13,768185,Technology
2023-11-17,ASSET_B,159.93,1537128,Banking
2023-11-17,ASSET_C,56.77,1819304,Consumer
2023-11-17,ASSET_D,28.33,686658,Materials
2023-11-17,ASSET_E,73.12,966308,Retail
2023-11-17,VNINDEX,1021.5,0,Benchmark
2023-11-20,ASSET_A,351.75,1064088,Technology
2023-11-20,ASSET_B,155.44,838519,Banking
2023-11-20,ASSET_C,56.22,1592607,Consumer
2023-11-20,ASSET_D,27.9,565953,Materials
2023-11-20,ASSET_E,72.27,895196,Retail
2023-11-20,VNINDEX,1012.17,0,Benchmark
2023-11-21,ASSET_A,354.55,1566572,Technology
2023-11-21,ASSET_B,158.35,1687155,Banking
2023-11-21,ASSET_C,56.46,1182098,Consumer
2023-11-21,ASSET_D,27.96,1774374,Materials
2023-11-21,ASSET_E,73.06,1617585,Retail
2023-11-21,VNINDEX,1019.83,0,Benchmark
2023-11-22,ASSET_A,356.3,1235696,Technology
2023-11-22,ASSET_B,154.9,2340137,Banking
2023-11-22,ASSET_C,54.88,1066935,Consumer
2023-11-22,ASSET_D,27.21,1719497,Materials
2023-11-22,ASSET_E,73.18,838127,Retail
2023-11-22,VNINDEX,1003.4,0,Benchmark
2023-11-23,ASSET_A,352.88,1283713,Technology
2023-11-23,ASSET_B,152.64,1040709,Banking
2023-11-23,ASSET_C,54.72,1476974,Consumer
2023-11-23,ASSET_D,27.15,816572,Materials
2023-11-23,ASSET_E,72.57,1030519,Retail
2023-11-23,VNINDEX,994.57,0,Benchmark
2023-11-24,ASSET_A,355.16,916147,Technology
2023-11-24,ASSET_B,153.63,1676501,Banking
2023-11-24,ASSET_C,55.09,558642,Consumer
2023-11-24,ASSET_D,27.29,2245225,Materials
2023-11-24,ASSET_E,73.42,797270,Retail
2023-11-24,VNINDEX,1009.56,0,Benchmark
2023-11-27,ASSET_A,359.3,717179,Technology
2023-11-27,ASSET_B,154.03,2322902,Banking
2023-11-27,ASSET_C,55.33,794711,Consumer
2023-11-27,ASSET_D,26.83,981633,Materials
2023-11-27,ASSET_E,73.47,541544,Retail
2023-11-27,VNINDEX,1007.23,0,Benchmark
2023-11-28,ASSET_A,365.42,2497672,Technology
2023-11-28,ASSET_B,156.72,2276845,Banking
2023-11-28,ASSET_C,56.35,491900,Consumer
2023-11-28,ASSET_D,27.48,1680668,Materials
2023-11-28,ASSET_E,72.45,1364655,Retail
2023-11-28,VNINDEX,1015.68,0,Benchmark
2023-11-29,ASSET_A,369.57,1657892,Technology
2023-11-29,ASSET_B,159.9,416212,Banking
2023-11-29,ASSET_C,56.38,725922,Consumer
2023-11-29,ASSET_D,27.48,1497928,Materials
2023-11-29,ASSET_E,71.72,1071291,Retail
2023-11-29,VNINDEX,1018.23,0,Benchmark
2023-11-30,ASSET_A,374.34,882269,Technology
2023-11-30,ASSET_B,161.27,631472,Banking
2023-11-30,ASSET_C,55.86,817197,Consumer
2023-11-30,ASSET_D,27.41,1643891,Materials
2023-11-30,ASSET_E,71.38,1459486,Retail
2023-11-30,VNINDEX,1017.42,0,Benchmark
2023-12-01,ASSET_A,377.28,2100976,Technology
2023-12-01,ASSET_B,163.17,2471015,Banking
2023-12-01,ASSET_C,56.49,558854,Consumer
2023-12-01,ASSET_D,28.05,1958173,Materials
2023-12-01,ASSET_E,71.76,845264,Retail
2023-12-01,VNINDEX,1031.09,0,Benchmark
2023-12-04,ASSET_A,375.84,2144333,Technology
2023-12-04,ASSET_B,161.21,2343323,Banking
2023-12-04,ASSET_C,56.56,516455,Consumer
2023-12-04,ASSET_D,27.74,2347487,Materials
2023-12-04,ASSET_E,70.43,1001377,Retail
2023-12-04,VNINDEX,1028.98,0,Benchmark
2023-12-05,ASSET_A,367.91,2430237,Technology
2023-12-05,ASSET_B,155.71,1076011,Banking
2023-12-05,ASSET_C,55.61,2121242,Consumer
2023-12-05,ASSET_D,27.09,1915137,Materials
2023-12-05,ASSET_E,69.93,2274614,Retail
2023-12-05,VNINDEX,1011.78,0,Benchmark
2023-12-06,ASSET_A,359.42,734147,Technology
2023-12-06,ASSET_B,156.34,1492103,Banking
2023-12-06,ASSET_C,55.0,783615,Consumer
2023-12-06,ASSET_D,26.99,2305080,Materials
2023-12-06,ASSET_E,69.63,2090558,Retail
2023-12-06,VNINDEX,1004.26,0,Benchmark
2023-12-07,ASSET_A,360.6,1743936,Technology
2023-12-07,ASSET_B,156.32,1602877,Banking
2023-12-07,ASSET_C,55.51,1566311,Consumer
2023-12-07,ASSET_D,26.61,2225864,Materials
2023-12-07,ASSET_E,70.09,958940,Retail
2023-12-07,VNINDEX,1009.78,0,Benchmark
2023-12-08,ASSET_A,367.82,2458513,Technology
2023-12-08,ASSET_B,159.32,1803686,Banking
2023-12-08,ASSET_C,55.93,606945,Consumer
2023-12-08,ASSET_D,26.79,1153748,Materials
2023-12-08,ASSET_E,69.85,739745,Retail
2023-12-08,VNINDEX,1013.82,0,Benchmark
2023-12-11,ASSET_A,362.64,2094007,Technology
2023-12-11,ASSET_B,157.07,1975796,Banking
2023-12-11,ASSET_C,55.08,2388996,Consumer
2023-12-11,ASSET_D,26.13,1574477,Materials
2023-12-11,ASSET_E,68.94,2446288,Retail
2023-12-11,VNINDEX,999.04,0,Benchmark
2023-12-12,ASSET_A,354.42,873599,Technology
2023-12-12,ASSET_B,156.2,1183038,Banking
2023-12-12,ASSET_C,54.02,901833,Consumer
2023-12-12,ASSET_D,26.23,815976,Materials
2023-12-12,ASSET_E,68.87,1829826,Retail
2023-12-12,VNINDEX,992.41,0,Benchmark
2023-12-13,ASSET_A,346.12,2275369,Technology
2023-12-13,ASSET_B,154.69,2268859,Banking
2023-12-13,ASSET_C,53.99,1973921,Consumer
2023-12-13,ASSET_D,26.27,2345319,Materials
2023-12-13,ASSET_E,68.34,1433926,Retail
2023-12-13,VNINDEX,987.18,0,Benchmark
2023-12-14,ASSET_A,351.38,1285545,Technology
2023-12-14,ASSET_B,154.98,524194,Banking
2023-12-14,ASSET_C,53.5,1746486,Consumer
2023-12-14,ASSET_D,26.32,2430705,Materials
2023-12-14,ASSET_E,68.44,1868711,Retail
2023-12-14,VNINDEX,983.99,0,Benchmark
2023-12-15,ASSET_A,345.91,1426730,Technology
2023-12-15,ASSET_B,152.41,468112,Banking
2023-12-15,ASSET_C,53.01,2014402,Consumer
2023-12-15,ASSET_D,25.44,2264566,Materials
2023-12-15,ASSET_E,67.07,864236,Retail
2023-12-15,VNINDEX,971.52,0,Benchmark
2023-12-18,ASSET_A,341.16,1572984,Technology
2023-12-18,ASSET_B,150.77,2411742,Banking
2023-12-18,ASSET_C,52.82,1721214,Consumer
2023-12-18,ASSET_D,25.26,1959398,Materials
2023-12-18,ASSET_E,66.77,1299077,Retail
2023-12-18,VNINDEX,966.0,0,Benchmark
2023-12-19,ASSET_A,337.53,2019924,Technology
2023-12-19,ASSET_B,150.44,772068,Banking
2023-12-19,ASSET_C,51.72,1469022,Consumer
2023-12-19,ASSET_D,24.71,2183020,Materials
2023-12-19,ASSET_E,67.13,1221822,Retail
2023-12-19,VNINDEX,959.62,0,Benchmark
2023-12-20,ASSET_A,334.84,652600,Technology
2023-12-20,ASSET_B,151.7,2488656,Banking
2023-12-20,ASSET_C,52.09,2021472,Consumer
2023-12-20,ASSET_D,24.89,2067557,Materials
2023-12-20,ASSET_E,68.47,1913829,Retail
2023-12-20,VNINDEX,966.8,0,Benchmark
2023-12-21,ASSET_A,343.28,1532431,Technology
2023-12-21,ASSET_B,152.13,1000517,Banking
2023-12-21,ASSET_C,52.65,2112453,Consumer
2023-12-21,ASSET_D,24.37,881992,Materials
2023-12-21,ASSET_E,69.91,785205,Retail
2023-12-21,VNINDEX,974.36,0,Benchmark
2023-12-22,ASSET_A,341.33,2115322,Technology
2023-12-22,ASSET_B,152.74,1165548,Banking
2023-12-22,ASSET_C,52.87,1197848,Consumer
2023-12-22,ASSET_D,23.87,954064,Materials
2023-12-22,ASSET_E,70.04,1427090,Retail
2023-12-22,VNINDEX,973.25,0,Benchmark
2023-12-25,ASSET_A,345.2,1551857,Technology
2023-12-25,ASSET_B,151.97,458754,Banking
2023-12-25,ASSET_C,52.77,2378333,Consumer
2023-12-25,ASSET_D,24.14,1516040,Materials
2023-12-25,ASSET_E,69.83,2150734,Retail
2023-12-25,VNINDEX,969.91,0,Benchmark
2023-12-26,ASSET_A,346.0,976839,Technology
2023-12-26,ASSET_B,152.95,2382122,Banking
2023-12-26,ASSET_C,52.0,2473734,Consumer
2023-12-26,ASSET_D,24.3,1283037,Materials
2023-12-26,ASSET_E,69.62,812289,Retail
2023-12-26,VNINDEX,971.39,0,Benchmark
2023-12-27,ASSET_A,348.57,518197,Technology
2023-12-27,ASSET_B,150.87,1154527,Banking
2023-12-27,ASSET_C,52.21,1915654,Consumer
2023-12-27,ASSET_D,24.0,1946096,Materials
2023-12-27,ASSET_E,67.88,651935,Retail
2023-12-27,VNINDEX,964.27,0,Benchmark
2023-12-28,ASSET_A,345.41,1553466,Technology
2023-12-28,ASSET_B,147.23,752225,Banking
2023-12-28,ASSET_C,51.92,2350791,Consumer
2023-12-28,ASSET_D,23.47,1945803,Materials
2023-12-28,ASSET_E,66.31,2124552,Retail
2023-12-28,VNINDEX,954.3,0,Benchmark
2023-12-29,ASSET_A,345.3,1877036,Technology
2023-12-29,ASSET_B,147.91,1415015,Banking
2023-12-29,ASSET_C,51.06,621736,Consumer
2023-12-29,ASSET_D,22.95,2449815,Materials
2023-12-29,ASSET_E,65.67,2234408,Retail
2023-12-29,VNINDEX,946.25,0,Benchmark
2024-01-01,ASSET_A,345.8,1554231,Technology
2024-01-01,ASSET_B,148.9,724837,Banking
2024-01-01,ASSET_C,50.49,1534698,Consumer
2024-01-01,ASSET_D,22.87,2055742,Materials
2024-01-01,ASSET_E,65.25,1304189,Retail
2024-01-01,VNINDEX,940.94,0,Benchmark
2024-01-02,ASSET_A,344.01,2456642,Technology
2024-01-02,ASSET_B,148.06,2058529,Banking
2024-01-02,ASSET_C,50.14,1767141,Consumer
2024-01-02,ASSET_D,22.52,424459,Materials
2024-01-02,ASSET_E,65.52,496425,Retail
2024-01-02,VNINDEX,931.12,0,Benchmark
2024-01-03,ASSET_A,346.0,1665545,Technology
2024-01-03,ASSET_B,147.87,553534,Banking
2024-01-03,ASSET_C,50.48,2348205,Consumer
2024-01-03,ASSET_D,23.0,1115010,Materials
2024-01-03,ASSET_E,66.49,1535454,Retail
2024-01-03,VNINDEX,932.71,0,Benchmark
2024-01-04,ASSET_A,347.87,1467280,Technology
2024-01-04,ASSET_B,148.8,1448366,Banking
2024-01-04,ASSET_C,50.58,652909,Consumer
2024-01-04,ASSET_D,23.12,1086940,Materials
2024-01-04,ASSET_E,66.48,1029176,Retail
2024-01-04,VNINDEX,939.18,0,Benchmark
2024-01-05,ASSET_A,349.44,516520,Technology
2024-01-05,ASSET_B,147.88,1221665,Banking
2024-01-05,ASSET_C,50.3,2092759,Consumer
2024-01-05,ASSET_D,22.79,1730474,Materials
2024-01-05,ASSET_E,66.12,1633598,Retail
2024-01-05,VNINDEX,925.85,0,Benchmark
2024-01-08,ASSET_A,346.18,1573054,Technology
2024-01-08,ASSET_B,147.5,478075,Banking
2024-01-08,ASSET_C,49.61,562167,Consumer
2024-01-08,ASSET_D,22.41,1118935,Materials
2024-01-08,ASSET_E,65.83,693762,Retail
2024-01-08,VNINDEX,926.27,0,Benchmark
2024-01-09,ASSET_A,345.49,754099,Technology
2024-01-09,ASSET_B,146.33,509834,Banking
2024-01-09,ASSET_C,49.13,1152020,Consumer
2024-01-09,ASSET_D,22.27,2454860,Materials
2024-01-09,ASSET_E,66.17,2090821,Retail
2024-01-09,VNINDEX,924.62,0,Benchmark
2024-01-10,ASSET_A,346.87,1921947,Technology
2024-01-10,ASSET_B,149.43,1489191,Banking
2024-01-10,ASSET_C,48.47,1855090,Consumer
2024-01-10,ASSET_D,22.4,1005922,Materials
2024-01-10,ASSET_E,66.9,1839057,Retail
2024-01-10,VNINDEX,927.7,0,Benchmark
2024-01-11,ASSET_A,348.43,738503,Technology
2024-01-11,ASSET_B,149.39,1228780,Banking
2024-01-11,ASSET_C,48.13,1011057,Consumer
2024-01-11,ASSET_D,22.3,1318855,Materials
2024-01-11,ASSET_E,67.74,1754964,Retail
2024-01-11,VNINDEX,927.79,0,Benchmark
2024-01-12,ASSET_A,341.69,2304062,Technology
2024-01-12,ASSET_B,149.21,672467,Banking
2024-01-12,ASSET_C,48.17,2153049,Consumer
2024-01-12,ASSET_D,21.86,2116591,Materials
2024-01-12,ASSET_E,66.59,1475875,Retail
2024-01-12,VNINDEX,915.87,0,Benchmark
2024-01-15,ASSET_A,338.48,1034307,Technology
2024-01-15,ASSET_B,145.26,690619,Banking
2024-01-15,ASSET_C,48.5,2354085,Consumer
2024-01-15,ASSET_D,21.7,1171029,Materials
2024-01-15,ASSET_E,66.54,862451,Retail
2024-01-15,VNINDEX,905.7,0,Benchmark
2024-01-16,ASSET_A,338.05,1311366,Technology
2024-01-16,ASSET_B,146.01,2090134,Banking
2024-01-16,ASSET_C,48.6,733567,Consumer
2024-01-16,ASSET_D,22.11,494650,Materials
2024-01-16,ASSET_E,65.36,2372613,Retail
2024-01-16,VNINDEX,906.14,0,Benchmark
2024-01-17,ASSET_A,335.99,704319,Technology
2024-01-17,ASSET_B,150.54,1934108,Banking
2024-01-17,ASSET_C,48.75,941983,Consumer
2024-01-17,ASSET_D,22.37,1097801,Materials
2024-01-17,ASSET_E,66.79,958133,Retail
2024-01-17,VNINDEX,914.75,0,Benchmark
2024-01-18,ASSET_A,328.52,842469,Technology
2024-01-18,ASSET_B,146.78,1676356,Banking
2024-01-18,ASSET_C,47.86,555712,Consumer
2024-01-18,ASSET_D,22.23,1154812,Materials
2024-01-18,ASSET_E,65.54,1168979,Retail
2024-01-18,VNINDEX,896.97,0,Benchmark
2024-01-19,ASSET_A,325.92,2336034,Technology
2024-01-19,ASSET_B,147.08,2150061,Banking
2024-01-19,ASSET_C,48.18,1891204,Consumer
2024-01-19,ASSET_D,22.47,1685499,Materials
2024-01-19,ASSET_E,65.75,2345158,Retail
2024-01-19,VNINDEX,899.95,0,Benchmark
2024-01-22,ASSET_A,323.95,995743,Technology
2024-01-22,ASSET_B,147.65,545544,Banking
2024-01-22,ASSET_C,48.04,2261698,Consumer
2024-01-22,ASSET_D,23.03,1894537,Materials
2024-01-22,ASSET_E,65.13,485573,Retail
2024-01-22,VNINDEX,909.76,0,Benchmark
2024-01-23,ASSET_A,324.0,1477204,Technology
2024-01-23,ASSET_B,148.83,1844412,Banking
2024-01-23,ASSET_C,47.78,1663412,Consumer
2024-01-23,ASSET_D,22.83,1552313,Materials
2024-01-23,ASSET_E,64.81,662700,Retail
2024-01-23,VNINDEX,908.72,0,Benchmark
2024-01-24,ASSET_A,327.6,2460938,Technology
2024-01-24,ASSET_B,148.82,1980309,Banking
2024-01-24,ASSET_C,48.52,677639,Consumer
2024-01-24,ASSET_D,22.9,1254153,Materials
2024-01-24,ASSET_E,65.99,1999484,Retail
2024-01-24,VNINDEX,913.37,0,Benchmark
2024-01-25,ASSET_A,327.17,1709507,Technology
2024-01-25,ASSET_B,147.54,821037,Banking
2024-01-25,ASSET_C,47.88,764857,Consumer
2024-01-25,ASSET_D,22.7,1455817,Materials
2024-01-25,ASSET_E,65.34,1172714,Retail
2024-01-25,VNINDEX,907.89,0,Benchmark
2024-01-26,ASSET_A,328.82,487445,Technology
2024-01-26,ASSET_B,145.81,1526375,Banking
2024-01-26,ASSET_C,47.58,473680,Consumer
2024-01-26,ASSET_D,22.83,702533,Materials
2024-01-26,ASSET_E,65.74,1616951,Retail
2024-01-26,VNINDEX,907.13,0,Benchmark
2024-01-29,ASSET_A,317.0,1150725,Technology
2024-01-29,ASSET_B,145.1,2010381,Banking
2024-01-29,ASSET_C,47.01,1428987,Consumer
2024-01-29,ASSET_D,22.71,780125,Materials
2024-01-29,ASSET_E,64.89,1619123,Retail
2024-01-29,VNINDEX,894.44,0,Benchmark
2024-01-30,ASSET_A,305.22,1212392,Technology
2024-01-30,ASSET_B,142.71,1667292,Banking
2024-01-30,ASSET_C,46.3,1914214,Consumer
2024-01-30,ASSET_D,22.26,1682790,Materials
2024-01-30,ASSET_E,64.29,2137614,Retail
2024-01-30,VNINDEX,876.34,0,Benchmark
2024-01-31,ASSET_A,314.69,980116,Technology
2024-01-31,ASSET_B,144.26,923950,Banking
2024-01-31,ASSET_C,46.42,715035,Consumer
2024-01-31,ASSET_D,22.7,2217386,Materials
2024-01-31,ASSET_E,64.93,1702600,Retail
2024-01-31,VNINDEX,883.83,0,Benchmark
2024-02-01,ASSET_A,308.25,906477,Technology
2024-02-01,ASSET_B,141.28,1795975,Banking
2024-02-01,ASSET_C,46.11,2180202,Consumer
2024-02-01,ASSET_D,22.35,1497481,Materials
2024-02-01,ASSET_E,63.84,1294891,Retail
2024-02-01,VNINDEX,876.41,0,Benchmark
2024-02-02,ASSET_A,308.88,1456672,Technology
2024-02-02,ASSET_B,142.45,1994926,Banking
2024-02-02,ASSET_C,46.18,930655,Consumer
2024-02-02,ASSET_D,22.49,526756,Materials
2024-02-02,ASSET_E,63.65,1553434,Retail
2024-02-02,VNINDEX,873.12,0,Benchmark
2024-02-05,ASSET_A,302.51,1191787,Technology
2024-02-05,ASSET_B,139.83,420390,Banking
2024-02-05,ASSET_C,46.4,1480394,Consumer
2024-02-05,ASSET_D,22.48,2461861,Materials
2024-02-05,ASSET_E,63.9,1950180,Retail
2024-02-05,VNINDEX,862.8,0,Benchmark
2024-02-06,ASSET_A,298.59,1018078,Technology
2024-02-06,ASSET_B,136.36,1591534,Banking
2024-02-06,ASSET_C,45.88,1802035,Consumer
2024-02-06,ASSET_D,22.38,1080660,Materials
2024-02-06,ASSET_E,63.47,1196135,Retail
2024-02-06,VNINDEX,852.44,0,Benchmark
2024-02-07,ASSET_A,296.19,1267263,Technology
2024-02-07,ASSET_B,134.11,1459687,Banking
2024-02-07,ASSET_C,45.82,1533843,Consumer
2024-02-07,ASSET_D,22.38,1971905,Materials
2024-02-07,ASSET_E,63.32,759237,Retail
2024-02-07,VNINDEX,851.34,0,Benchmark
2024-02-08,ASSET_A,295.83,1121656,Technology
2024-02-08,ASSET_B,132.32,1170096,Banking
2024-02-08,ASSET_C,46.11,1403554,Consumer
2024-02-08,ASSET_D,22.43,2285184,Materials
2024-02-08,ASSET_E,64.31,1421247,Retail
2024-02-08,VNINDEX,846.16,0,Benchmark
2024-02-09,ASSET_A,297.44,880352,Technology
2024-02-09,ASSET_B,131.29,492898,Banking
2024-02-09,ASSET_C,46.06,1107407,Consumer
2024-02-09,ASSET_D,22.28,2470969,Materials
2024-02-09,ASSET_E,65.23,2499005,Retail
2024-02-09,VNINDEX,849.12,0,Benchmark
2024-02-12,ASSET_A,297.48,1350776,Technology
2024-02-12,ASSET_B,131.31,575333,Banking
2024-02-12,ASSET_C,45.76,1303028,Consumer
2024-02-12,ASSET_D,22.42,644550,Materials
2024-02-12,ASSET_E,65.99,635530,Retail
2024-02-12,VNINDEX,852.63,0,Benchmark
2024-02-13,ASSET_A,295.29,2378832,Technology
2024-02-13,ASSET_B,132.65,1975351,Banking
2024-02-13,ASSET_C,45.96,900772,Consumer
2024-02-13,ASSET_D,22.57,791340,Materials
2024-02-13,ASSET_E,66.37,764658,Retail
2024-02-13,VNINDEX,855.18,0,Benchmark
2024-02-14,ASSET_A,296.88,1462040,Technology
2024-02-14,ASSET_B,132.62,2137769,Banking
2024-02-14,ASSET_C,46.42,1018491,Consumer
2024-02-14,ASSET_D,22.28,1755355,Materials
2024-02-14,ASSET_E,66.97,2489715,Retail
2024-02-14,VNINDEX,857.13,0,Benchmark
2024-02-15,ASSET_A,297.88,1654868,Technology
2024-02-15,ASSET_B,135.42,1280438,Banking
2024-02-15,ASSET_C,47.1,1985987,Consumer
2024-02-15,ASSET_D,22.73,1999349,Materials
2024-02-15,ASSET_E,68.34,2142581,Retail
2024-02-15,VNINDEX,869.0,0,Benchmark
2024-02-16,ASSET_A,296.14,2467059,Technology
2024-02-16,ASSET_B,133.05,2373271,Banking
2024-02-16,ASSET_C,46.71,2253448,Consumer
2024-02-16,ASSET_D,22.19,2153091,Materials
2024-02-16,ASSET_E,66.4,645766,Retail
2024-02-16,VNINDEX,861.28,0,Benchmark
2024-02-19,ASSET_A,304.1,1688583,Technology
2024-02-19,ASSET_B,133.08,2348088,Banking
2024-02-19,ASSET_C,46.2,2183497,Consumer
2024-02-19,ASSET_D,22.08,1558440,Materials
2024-02-19,ASSET_E,66.63,846120,Retail
2024-02-19,VNINDEX,861.07,0,Benchmark
2024-02-20,ASSET_A,311.84,868977,Technology
2024-02-20,ASSET_B,136.97,1798427,Banking
2024-02-20,ASSET_C,46.57,1094993,Consumer
2024-02-20,ASSET_D,22.32,732992,Materials
2024-02-20,ASSET_E,67.16,1850728,Retail
2024-02-20,VNINDEX,869.62,0,Benchmark
2024-02-21,ASSET_A,318.12,1236794,Technology
2024-02-21,ASSET_B,138.54,1619938,Banking
2024-02-21,ASSET_C,47.43,1074613,Consumer
2024-02-21,ASSET_D,22.39,1896269,Materials
2024-02-21,ASSET_E,67.55,2043266,Retail
2024-02-21,VNINDEX,879.22,0,Benchmark
2024-02-22,ASSET_A,313.54,1424749,Technology
2024-02-22,ASSET_B,136.86,2425537,Banking
2024-02-22,ASSET_C,46.53,522431,Consumer
2024-02-22,ASSET_D,22.13,1803545,Materials
2024-02-22,ASSET_E,66.67,1941295,Retail
2024-02-22,VNINDEX,868.86,0,Benchmark
2024-02-23,ASSET_A,306.59,1397043,Technology
2024-02-23,ASSET_B,134.67,1680576,Banking
2024-02-23,ASSET_C,46.35,975020,Consumer
2024-02-23,ASSET_D,22.09,1381858,Materials
2024-02-23,ASSET_E,65.57,2208630,Retail
2024-02-23,VNINDEX,866.76,0,Benchmark
2024-02-26,ASSET_A,306.62,713974,Technology
2024-02-26,ASSET_B,138.46,2361633,Banking
2024-02-26,ASSET_C,46.68,1629748,Consumer
2024-02-26,ASSET_D,22.15,1738982,Materials
2024-02-26,ASSET_E,65.21,1464190,Retail
2024-02-26,VNINDEX,876.95,0,Benchmark
2024-02-27,ASSET_A,312.22,622255,Technology
2024-02-27,ASSET_B,138.73,2455862,Banking
2024-02-27,ASSET_C,46.62,962362,Consumer
2024-02-27,ASSET_D,22.4,846020,Materials
2024-02-27,ASSET_E,66.25,2240945,Retail
2024-02-27,VNINDEX,880.91,0,Benchmark
2024-02-28,ASSET_A,310.41,1134998,Technology
2024-02-28,ASSET_B,140.27,808677,Banking
2024-02-28,ASSET_C,46.78,1940284,Consumer
2024-02-28,ASSET_D,22.25,2102822,Materials
2024-02-28,ASSET_E,66.64,1651610,Retail
2024-02-28,VNINDEX,882.56,0,Benchmark
2024-02-29,ASSET_A,307.67,2319950,Technology
2024-02-29,ASSET_B,139.84,1787425,Banking
2024-02-29,ASSET_C,46.87,506250,Consumer
2024-02-29,ASSET_D,22.8,496046,Materials
2024-02-29,ASSET_E,65.09,1399008,Retail
2024-02-29,VNINDEX,881.14,0,Benchmark
2024-03-01,ASSET_A,306.11,1906352,Technology
2024-03-01,ASSET_B,139.99,1935545,Banking
2024-03-01,ASSET_C,46.9,1264831,Consumer
2024-03-01,ASSET_D,22.7,2161873,Materials
2024-03-01,ASSET_E,64.57,1736515,Retail
2024-03-01,VNINDEX,878.5,0,Benchmark
2024-03-04,ASSET_A,303.79,2167608,Technology
2024-03-04,ASSET_B,141.25,2122174,Banking
2024-03-04,ASSET_C,46.67,990257,Consumer
2024-03-04,ASSET_D,22.46,2160405,Materials
2024-03-04,ASSET_E,65.25,1300507,Retail
2024-03-04,VNINDEX,880.82,0,Benchmark
2024-03-05,ASSET_A,299.45,766370,Technology
2024-03-05,ASSET_B,140.38,1133540,Banking
2024-03-05,ASSET_C,46.04,1438005,Consumer
2024-03-05,ASSET_D,22.17,1843686,Materials
2024-03-05,ASSET_E,64.97,1673425,Retail
2024-03-05,VNINDEX,879.16,0,Benchmark
2024-03-06,ASSET_A,299.25,1269974,Technology
2024-03-06,ASSET_B,141.61,2209368,Banking
2024-03-06,ASSET_C,46.13,453866,Consumer
2024-03-06,ASSET_D,22.46,2111097,Materials
2024-03-06,ASSET_E,65.7,2150961,Retail
2024-03-06,VNINDEX,879.04,0,Benchmark
2024-03-07,ASSET_A,296.92,1620837,Technology
2024-03-07,ASSET_B,140.9,1423786,Banking
2024-03-07,ASSET_C,45.99,1279430,Consumer
2024-03-07,ASSET_D,22.38,2317008,Materials
2024-03-07,ASSET_E,66.38,2412218,Retail
2024-03-07,VNINDEX,879.81,0,Benchmark
2024-03-08,ASSET_A,292.92,1312064,Technology
2024-03-08,ASSET_B,140.8,1212348,Banking
2024-03-08,ASSET_C,46.39,2055656,Consumer
2024-03-08,ASSET_D,21.91,741333,Materials
2024-03-08,ASSET_E,65.23,1616927,Retail
2024-03-08,VNINDEX,875.07,0,Benchmark
2024-03-11,ASSET_A,292.22,1275072,Technology
2024-03-11,ASSET_B,141.2,729627,Banking
2024-03-11,ASSET_C,47.21,2199609,Consumer
2024-03-11,ASSET_D,22.23,1543778,Materials
2024-03-11,ASSET_E,65.44,412037,Retail
2024-03-11,VNINDEX,879.12,0,Benchmark
2024-03-12,ASSET_A,302.03,1155562,Technology
2024-03-12,ASSET_B,146.13,1074525,Banking
2024-03-12,ASSET_C,48.88,937446,Consumer
2024-03-12,ASSET_D,22.7,1754879,Materials
2024-03-12,ASSET_E,66.69,1704681,Retail
2024-03-12,VNINDEX,900.7,0,Benchmark
2024-03-13,ASSET_A,296.39,508317,Technology
2024-03-13,ASSET_B,142.89,2447036,Banking
2024-03-13,ASSET_C,47.97,1300468,Consumer
2024-03-13,ASSET_D,22.52,2379650,Materials
2024-03-13,ASSET_E,64.97,928985,Retail
2024-03-13,VNINDEX,887.82,0,Benchmark
2024-03-14,ASSET_A,296.86,2200167,Technology
2024-03-14,ASSET_B,143.49,1904017,Banking
2024-03-14,ASSET_C,48.28,1849325,Consumer
2024-03-14,ASSET_D,22.82,1949240,Materials
2024-03-14,ASSET_E,64.31,895740,Retail
2024-03-14,VNINDEX,890.38,0,Benchmark
2024-03-15,ASSET_A,296.54,2359458,Technology
2024-03-15,ASSET_B,141.15,1924888,Banking
2024-03-15,ASSET_C,48.33,1373829,Consumer
2024-03-15,ASSET_D,22.75,1648166,Materials
2024-03-15,ASSET_E,63.49,2250527,Retail
2024-03-15,VNINDEX,885.05,0,Benchmark
2024-03-18,ASSET_A,297.82,569778,Technology
2024-03-18,ASSET_B,142.34,2280864,Banking
2024-03-18,ASSET_C,48.8,1540695,Consumer
2024-03-18,ASSET_D,23.48,1571012,Materials
2024-03-18,ASSET_E,63.43,1336929,Retail
2024-03-18,VNINDEX,889.43,0,Benchmark
2024-03-19,ASSET_A,297.21,1268566,Technology
2024-03-19,ASSET_B,142.5,960507,Banking
2024-03-19,ASSET_C,48.7,1117179,Consumer
2024-03-19,ASSET_D,23.05,701824,Materials
2024-03-19,ASSET_E,63.62,2059871,Retail
2024-03-19,VNINDEX,889.97,0,Benchmark
2024-03-20,ASSET_A,300.79,1487451,Technology
2024-03-20,ASSET_B,143.08,1789252,Banking
2024-03-20,ASSET_C,49.41,2158673,Consumer
2024-03-20,ASSET_D,23.0,1066180,Materials
2024-03-20,ASSET_E,64.6,1175842,Retail
2024-03-20,VNINDEX,895.7,0,Benchmark
2024-03-21,ASSET_A,306.16,2046245,Technology
2024-03-21,ASSET_B,144.84,1180090,Banking
2024-03-21,ASSET_C,49.82,1726154,Consumer
2024-03-21,ASSET_D,23.17,1309719,Materials
2024-03-21,ASSET_E,65.5,1674360,Retail
2024-03-21,VNINDEX,904.48,0,Benchmark
2024-03-22,ASSET_A,306.35,2472168,Technology
2024-03-22,ASSET_B,145.33,2180779,Banking
2024-03-22,ASSET_C,49.94,2416795,Consumer
2024-03-22,ASSET_D,23.8,2249986,Materials
2024-03-22,ASSET_E,66.05,1797175,Retail
2024-03-22,VNINDEX,906.09,0,Benchmark
2024-03-25,ASSET_A,309.91,1274258,Technology
2024-03-25,ASSET_B,146.4,1287214,Banking
2024-03-25,ASSET_C,49.8,2037612,Consumer
2024-03-25,ASSET_D,24.52,2209853,Materials
2024-03-25,ASSET_E,66.48,2275840,Retail
2024-03-25,VNINDEX,914.62,0,Benchmark
2024-03-26,ASSET_A,301.05,1972738,Technology
2024-03-26,ASSET_B,142.74,2195246,Banking
2024-03-26,ASSET_C,49.24,1171312,Consumer
2024-03-26,ASSET_D,24.38,1749125,Materials
2024-03-26,ASSET_E,65.66,812614,Retail
2024-03-26,VNINDEX,897.7,0,Benchmark
2024-03-27,ASSET_A,303.07,2368456,Technology
2024-03-27,ASSET_B,144.03,1969820,Banking
2024-03-27,ASSET_C,49.7,1088418,Consumer
2024-03-27,ASSET_D,24.5,622547,Materials
2024-03-27,ASSET_E,66.39,1578558,Retail
2024-03-27,VNINDEX,909.45,0,Benchmark
2024-03-28,ASSET_A,306.45,2143625,Technology
2024-03-28,ASSET_B,147.33,2021101,Banking
2024-03-28,ASSET_C,50.0,585515,Consumer
2024-03-28,ASSET_D,24.41,1912456,Materials
2024-03-28,ASSET_E,66.34,1252079,Retail
2024-03-28,VNINDEX,912.4,0,Benchmark
2024-03-29,ASSET_A,310.91,1009987,Technology
2024-03-29,ASSET_B,150.27,2343964,Banking
2024-03-29,ASSET_C,50.46,1707165,Consumer
2024-03-29,ASSET_D,24.41,1363780,Materials
2024-03-29,ASSET_E,68.01,1374042,Retail
2024-03-29,VNINDEX,920.51,0,Benchmark
2024-04-01,ASSET_A,308.86,2116730,Technology
2024-04-01,ASSET_B,148.74,2060314,Banking
2024-04-01,ASSET_C,50.11,1974256,Consumer
2024-04-01,ASSET_D,23.96,1769440,Materials
2024-04-01,ASSET_E,66.05,2182337,Retail
2024-04-01,VNINDEX,911.78,0,Benchmark
2024-04-02,ASSET_A,307.42,1265684,Technology
2024-04-02,ASSET_B,148.86,1075024,Banking
2024-04-02,ASSET_C,49.82,1143855,Consumer
2024-04-02,ASSET_D,24.19,1309797,Materials
2024-04-02,ASSET_E,64.59,685228,Retail
2024-04-02,VNINDEX,905.96,0,Benchmark
2024-04-03,ASSET_A,308.04,436795,Technology
2024-04-03,ASSET_B,146.85,1495182,Banking
2024-04-03,ASSET_C,50.15,444734,Consumer
2024-04-03,ASSET_D,24.16,1914706,Materials
2024-04-03,ASSET_E,64.89,1547535,Retail
2024-04-03,VNINDEX,907.21,0,Benchmark
2024-04-04,ASSET_A,310.11,1993614,Technology
2024-04-04,ASSET_B,143.98,1392250,Banking
2024-04-04,ASSET_C,50.09,2133627,Consumer
2024-04-04,ASSET_D,24.14,856811,Materials
2024-04-04,ASSET_E,64.75,1214448,Retail
2024-04-04,VNINDEX,907.29,0,Benchmark
2024-04-05,ASSET_A,313.76,2154343,Technology
2024-04-05,ASSET_B,143.99,535617,Banking
2024-04-05,ASSET_C,49.69,868223,Consumer
2024-04-05,ASSET_D,24.4,704641,Materials
2024-04-05,ASSET_E,64.1,2281692,Retail
2024-04-05,VNINDEX,909.53,0,Benchmark
2024-04-08,ASSET_A,319.69,1121701,Technology
2024-04-08,ASSET_B,144.1,1645735,Banking
2024-04-08,ASSET_C,50.26,1622764,Consumer
2024-04-08,ASSET_D,24.19,861766,Materials
2024-04-08,ASSET_E,64.06,854474,Retail
2024-04-08,VNINDEX,917.55,0,Benchmark
2024-04-09,ASSET_A,314.39,1346962,Technology
2024-04-09,ASSET_B,141.3,1318599,Banking
2024-04-09,ASSET_C,49.41,511826,Consumer
2024-04-09,ASSET_D,23.86,2337448,Materials
2024-04-09,ASSET_E,62.73,888307,Retail
2024-04-09,VNINDEX,905.07,0,Benchmark
2024-04-10,ASSET_A,321.42,1165149,Technology
2024-04-10,ASSET_B,142.98,1226022,Banking
2024-04-10,ASSET_C,49.29,531799,Consumer
2024-04-10,ASSET_D,23.78,558399,Materials
2024-04-10,ASSET_E,63.68,590780,Retail
2024-04-10,VNINDEX,912.23,0,Benchmark
2024-04-11,ASSET_A,322.21,645755,Technology
2024-04-11,ASSET_B,144.05,630199,Banking
2024-04-11,ASSET_C,48.96,2286111,Consumer
2024-04-11,ASSET_D,23.71,1000202,Materials
2024-04-11,ASSET_E,64.36,1323797,Retail
2024-04-11,VNINDEX,912.49,0,Benchmark
2024-04-12,ASSET_A,323.61,2489128,Technology
2024-04-12,ASSET_B,142.55,1458780,Banking
2024-04-12,ASSET_C,49.0,1812236,Consumer
2024-04-12,ASSET_D,23.53,1119189,Materials
2024-04-12,ASSET_E,65.18,422708,Retail
2024-04-12,VNINDEX,911.24,0,Benchmark
2024-04-15,ASSET_A,320.29,447488,Technology
2024-04-15,ASSET_B,140.9,1615981,Banking
2024-04-15,ASSET_C,48.5,411123,Consumer
2024-04-15,ASSET_D,23.1,2156757,Materials
2024-04-15,ASSET_E,63.62,1450874,Retail
2024-04-15,VNINDEX,901.02,0,Benchmark
2024-04-16,ASSET_A,322.56,1566790,Technology
2024-04-16,ASSET_B,141.68,621986,Banking
2024-04-16,ASSET_C,47.97,611378,Consumer
2024-04-16,ASSET_D,23.25,1154394,Materials
2024-04-16,ASSET_E,63.14,869522,Retail
2024-04-16,VNINDEX,904.76,0,Benchmark
2024-04-17,ASSET_A,313.6,431352,Technology
2024-04-17,ASSET_B,138.67,1733368,Banking
2024-04-17,ASSET_C,47.1,1434758,Consumer
2024-04-17,ASSET_D,22.86,2276106,Materials
2024-04-17,ASSET_E,61.29,1241191,Retail
2024-04-17,VNINDEX,888.13,0,Benchmark
2024-04-18,ASSET_A,317.56,1847698,Technology
2024-04-18,ASSET_B,139.07,752116,Banking
2024-04-18,ASSET_C,47.68,1828767,Consumer
2024-04-18,ASSET_D,22.93,2474894,Materials
2024-04-18,ASSET_E,62.27,1670878,Retail
2024-04-18,VNINDEX,892.8,0,Benchmark
2024-04-19,ASSET_A,321.81,2291781,Technology
2024-04-19,ASSET_B,138.48,704513,Banking
2024-04-19,ASSET_C,47.08,1290398,Consumer
2024-04-19,ASSET_D,22.75,1767569,Materials
2024-04-19,ASSET_E,61.82,1837436,Retail
2024-04-19,VNINDEX,882.74,0,Benchmark
2024-04-22,ASSET_A,320.93,1751270,Technology
2024-04-22,ASSET_B,138.48,1242312,Banking
2024-04-22,ASSET_C,47.05,2232775,Consumer
2024-04-22,ASSET_D,22.55,1120378,Materials
2024-04-22,ASSET_E,61.9,528598,Retail
2024-04-22,VNINDEX,883.3,0,Benchmark
2024-04-23,ASSET_A,320.88,1672955,Technology
2024-04-23,ASSET_B,140.22,1217072,Banking
2024-04-23,ASSET_C,47.36,1770763,Consumer
2024-04-23,ASSET_D,22.7,1656431,Materials
2024-04-23,ASSET_E,61.97,712311,Retail
2024-04-23,VNINDEX,882.69,0,Benchmark
2024-04-24,ASSET_A,322.97,2138640,Technology
2024-04-24,ASSET_B,141.07,2321371,Banking
2024-04-24,ASSET_C,47.98,1689937,Consumer
2024-04-24,ASSET_D,22.87,1805409,Materials
2024-04-24,ASSET_E,62.49,1067314,Retail
2024-04-24,VNINDEX,890.86,0,Benchmark
2024-04-25,ASSET_A,321.11,2445892,Technology
2024-04-25,ASSET_B,141.65,542113,Banking
2024-04-25,ASSET_C,48.26,1008462,Consumer
2024-04-25,ASSET_D,22.73,629001,Materials
2024-04-25,ASSET_E,61.84,1490740,Retail
2024-04-25,VNINDEX,889.83,0,Benchmark
2024-04-26,ASSET_A,323.78,2209832,Technology
2024-04-26,ASSET_B,140.65,1133651,Banking
2024-04-26,ASSET_C,47.18,1832088,Consumer
2024-04-26,ASSET_D,22.42,2149355,Materials
2024-04-26,ASSET_E,61.81,2255370,Retail
2024-04-26,VNINDEX,885.31,0,Benchmark
2024-04-29,ASSET_A,320.44,885989,Technology
2024-04-29,ASSET_B,139.64,1942494,Banking
2024-04-29,ASSET_C,47.58,2234760,Consumer
2024-04-29,ASSET_D,22.28,1316064,Materials
2024-04-29,ASSET_E,61.5,691421,Retail
2024-04-29,VNINDEX,882.08,0,Benchmark
2024-04-30,ASSET_A,322.72,1582837,Technology
2024-04-30,ASSET_B,142.12,924564,Banking
2024-04-30,ASSET_C,48.18,502798,Consumer
2024-04-30,ASSET_D,22.95,2176208,Materials
2024-04-30,ASSET_E,61.46,542536,Retail
2024-04-30,VNINDEX,890.88,0,Benchmark
2024-05-01,ASSET_A,319.67,2119500,Technology
2024-05-01,ASSET_B,142.6,2461296,Banking
2024-05-01,ASSET_C,49.15,1942126,Consumer
2024-05-01,ASSET_D,23.04,1684453,Materials
2024-05-01,ASSET_E,62.01,1721314,Retail
2024-05-01,VNINDEX,894.72,0,Benchmark
2024-05-02,ASSET_A,316.5,1018567,Technology
2024-05-02,ASSET_B,139.32,1960010,Banking
2024-05-02,ASSET_C,48.79,2247438,Consumer
2024-05-02,ASSET_D,22.71,2207726,Materials
2024-05-02,ASSET_E,61.63,2455659,Retail
2024-05-02,VNINDEX,892.3,0,Benchmark
2024-05-03,ASSET_A,311.08,1817914,Technology
2024-05-03,ASSET_B,135.91,2386779,Banking
2024-05-03,ASSET_C,48.16,1307818,Consumer
2024-05-03,ASSET_D,22.89,571925,Materials
2024-05-03,ASSET_E,61.66,2143521,Retail
2024-05-03,VNINDEX,890.9,0,Benchmark
2024-05-06,ASSET_A,308.7,447880,Technology
2024-05-06,ASSET_B,135.14,2393173,Banking
2024-05-06,ASSET_C,47.69,2008392,Consumer
2024-05-06,ASSET_D,22.5,489099,Materials
2024-05-06,ASSET_E,60.92,1587430,Retail
2024-05-06,VNINDEX,880.61,0,Benchmark
2024-05-07,ASSET_A,317.74,2242398,Technology
2024-05-07,ASSET_B,136.93,629244,Banking
2024-05-07,ASSET_C,47.73,1151855,Consumer
2024-05-07,ASSET_D,22.64,634070,Materials
2024-05-07,ASSET_E,61.55,441993,Retail
2024-05-07,VNINDEX,883.38,0,Benchmark
2024-05-08,ASSET_A,311.99,1690246,Technology
2024-05-08,ASSET_B,136.52,1364159,Banking
2024-05-08,ASSET_C,47.41,805047,Consumer
2024-05-08,ASSET_D,22.19,2236439,Materials
2024-05-08,ASSET_E,60.9,1610028,Retail
2024-05-08,VNINDEX,871.96,0,Benchmark
2024-05-09,ASSET_A,309.44,1960537,Technology
2024-05-09,ASSET_B,137.54,1963628,Banking
2024-05-09,ASSET_C,47.98,2113365,Consumer
2024-05-09,ASSET_D,22.62,2486310,Materials
2024-05-09,ASSET_E,60.8,1359566,Retail
2024-05-09,VNINDEX,877.08,0,Benchmark
2024-05-10,ASSET_A,312.37,2133484,Technology
2024-05-10,ASSET_B,136.46,418070,Banking
2024-05-10,ASSET_C,48.0,1053377,Consumer
2024-05-10,ASSET_D,22.52,2497209,Materials
2024-05-10,ASSET_E,61.03,1338598,Retail
2024-05-10,VNINDEX,878.12,0,Benchmark
2024-05-13,ASSET_A,316.86,859434,Technology
2024-05-13,ASSET_B,139.27,1349289,Banking
2024-05-13,ASSET_C,48.67,1989826,Consumer
2024-05-13,ASSET_D,23.28,1097691,Materials
2024-05-13,ASSET_E,62.26,1434677,Retail
2024-05-13,VNINDEX,894.13,0,Benchmark
2024-05-14,ASSET_A,317.62,1346133,Technology
2024-05-14,ASSET_B,137.85,1845113,Banking
2024-05-14,ASSET_C,48.5,1062311,Consumer
2024-05-14,ASSET_D,22.84,954998,Materials
2024-05-14,ASSET_E,62.05,1579190,Retail
2024-05-14,VNINDEX,887.02,0,Benchmark
2024-05-15,ASSET_A,316.63,2203151,Technology
2024-05-15,ASSET_B,136.74,2065061,Banking
2024-05-15,ASSET_C,48.4,1237900,Consumer
2024-05-15,ASSET_D,22.76,1134438,Materials
2024-05-15,ASSET_E,62.54,1912533,Retail
2024-05-15,VNINDEX,886.53,0,Benchmark
2024-05-16,ASSET_A,319.81,745882,Technology
2024-05-16,ASSET_B,140.85,1271627,Banking
2024-05-16,ASSET_C,48.85,1838714,Consumer
2024-05-16,ASSET_D,23.41,2116110,Materials
2024-05-16,ASSET_E,63.04,803459,Retail
2024-05-16,VNINDEX,898.65,0,Benchmark
2024-05-17,ASSET_A,322.64,2127175,Technology
2024-05-17,ASSET_B,144.85,2212331,Banking
2024-05-17,ASSET_C,49.56,1116880,Consumer
2024-05-17,ASSET_D,23.67,928211,Materials
2024-05-17,ASSET_E,63.92,556911,Retail
2024-05-17,VNINDEX,906.81,0,Benchmark
2024-05-20,ASSET_A,322.98,1004972,Technology
2024-05-20,ASSET_B,144.42,1814655,Banking
2024-05-20,ASSET_C,49.75,2096390,Consumer
2024-05-20,ASSET_D,24.1,1549494,Materials
2024-05-20,ASSET_E,62.75,508007,Retail
2024-05-20,VNINDEX,902.36,0,Benchmark
2024-05-21,ASSET_A,323.02,1608566,Technology
2024-05-21,ASSET_B,144.77,495540,Banking
2024-05-21,ASSET_C,50.18,481664,Consumer
2024-05-21,ASSET_D,24.08,1756641,Materials
2024-05-21,ASSET_E,62.8,1252643,Retail
2024-05-21,VNINDEX,904.05,0,Benchmark
2024-05-22,ASSET_A,321.7,1470976,Technology
2024-05-22,ASSET_B,143.47,983204,Banking
2024-05-22,ASSET_C,50.14,424509,Consumer
2024-05-22,ASSET_D,24.15,1158919,Materials
2024-05-22,ASSET_E,62.68,1466681,Retail
2024-05-22,VNINDEX,904.26,0,Benchmark
2024-05-23,ASSET_A,321.99,1841634,Technology
2024-05-23,ASSET_B,145.5,2369628,Banking
2024-05-23,ASSET_C,49.55,571585,Consumer
2024-05-23,ASSET_D,24.67,1393459,Materials
2024-05-23,ASSET_E,63.54,2049510,Retail
2024-05-23,VNINDEX,906.34,0,Benchmark
2024-05-24,ASSET_A,316.63,2157030,Technology
2024-05-24,ASSET_B,144.66,405057,Banking
2024-05-24,ASSET_C,49.3,938162,Consumer
2024-05-24,ASSET_D,24.18,1796858,Materials
2024-05-24,ASSET_E,63.17,1310277,Retail
2024-05-24,VNINDEX,901.9,0,Benchmark
2024-05-27,ASSET_A,317.57,1132852,Technology
2024-05-27,ASSET_B,144.28,626864,Banking
2024-05-27,ASSET_C,49.04,513228,Consumer
2024-05-27,ASSET_D,23.77,2059905,Materials
2024-05-27,ASSET_E,63.45,1517503,Retail
2024-05-27,VNINDEX,901.51,0,Benchmark
2024-05-28,ASSET_A,308.57,760681,Technology
2024-05-28,ASSET_B,142.63,1123442,Banking
2024-05-28,ASSET_C,48.53,1199490,Consumer
2024-05-28,ASSET_D,23.31,798209,Materials
2024-05-28,ASSET_E,61.89,2451115,Retail
2024-05-28,VNINDEX,891.26,0,Benchmark
2024-05-29,ASSET_A,307.81,1287939,Technology
2024-05-29,ASSET_B,142.26,2487003,Banking
2024-05-29,ASSET_C,48.37,451272,Consumer
2024-05-29,ASSET_D,23.52,1476239,Materials
2024-05-29,ASSET_E,61.79,1974676,Retail
2024-05-29,VNINDEX,892.33,0,Benchmark
2024-05-30,ASSET_A,311.09,1685514,Technology
2024-05-30,ASSET_B,143.06,1880063,Banking
2024-05-30,ASSET_C,48.51,1988164,Consumer
2024-05-30,ASSET_D,23.24,724114,Materials
2024-05-30,ASSET_E,61.58,1850927,Retail
2024-05-30,VNINDEX,895.45,0,Benchmark
2024-05-31,ASSET_A,311.4,1975928,Technology
2024-05-31,ASSET_B,141.34,710087,Banking
2024-05-31,ASSET_C,48.14,721032,Consumer
2024-05-31,ASSET_D,23.34,432373,Materials
2024-05-31,ASSET_E,62.71,1164420,Retail
2024-05-31,VNINDEX,894.17,0,Benchmark
2024-06-03,ASSET_A,308.89,1982074,Technology
2024-06-03,ASSET_B,140.33,1225537,Banking
2024-06-03,ASSET_C,47.29,2441333,Consumer
2024-06-03,ASSET_D,23.18,1754865,Materials
2024-06-03,ASSET_E,61.71,719618,Retail
2024-06-03,VNINDEX,883.98,0,Benchmark
2024-06-04,ASSET_A,311.34,1113917,Technology
2024-06-04,ASSET_B,141.57,2373039,Banking
2024-06-04,ASSET_C,47.95,2199997,Consumer
2024-06-04,ASSET_D,23.83,1413643,Materials
2024-06-04,ASSET_E,62.18,2332184,Retail
2024-06-04,VNINDEX,890.51,0,Benchmark
2024-06-05,ASSET_A,315.53,2365699,Technology
2024-06-05,ASSET_B,143.26,860265,Banking
2024-06-05,ASSET_C,47.77,1858118,Consumer
2024-06-05,ASSET_D,24.14,944751,Materials
2024-06-05,ASSET_E,62.41,1562332,Retail
2024-06-05,VNINDEX,893.04,0,Benchmark
2024-06-06,ASSET_A,316.22,574654,Technology
2024-06-06,ASSET_B,142.13,1608511,Banking
2024-06-06,ASSET_C,47.57,2076134,Consumer
2024-06-06,ASSET_D,24.1,515893,Materials
2024-06-06,ASSET_E,61.35,562425,Retail
2024-06-06,VNINDEX,888.59,0,Benchmark
2024-06-07,ASSET_A,316.78,645077,Technology
2024-06-07,ASSET_B,141.66,1374414,Banking
2024-06-07,ASSET_C,47.78,2027474,Consumer
2024-06-07,ASSET_D,24.38,2386480,Materials
2024-06-07,ASSET_E,60.99,1412805,Retail
2024-06-07,VNINDEX,887.0,0,Benchmark
2024-06-10,ASSET_A,315.46,452017,Technology
2024-06-10,ASSET_B,138.56,1996965,Banking
2024-06-10,ASSET_C,47.63,2175705,Consumer
2024-06-10,ASSET_D,24.24,2136251,Materials
2024-06-10,ASSET_E,60.57,591445,Retail
2024-06-10,VNINDEX,877.71,0,Benchmark
2024-06-11,ASSET_A,314.91,2345422,Technology
2024-06-11,ASSET_B,138.01,1979931,Banking
2024-06-11,ASSET_C,47.58,1566302,Consumer
2024-06-11,ASSET_D,23.95,2364084,Materials
2024-06-11,ASSET_E,60.21,2460772,Retail
2024-06-11,VNINDEX,871.5,0,Benchmark
2024-06-12,ASSET_A,312.43,778250,Technology
2024-06-12,ASSET_B,136.53,2149896,Banking
2024-06-12,ASSET_C,47.52,1709980,Consumer
2024-06-12,ASSET_D,23.6,638681,Materials
2024-06-12,ASSET_E,58.94,1509820,Retail
2024-06-12,VNINDEX,868.35,0,Benchmark
2024-06-13,ASSET_A,312.08,1663081,Technology
2024-06-13,ASSET_B,137.66,650809,Banking
2024-06-13,ASSET_C,48.1,1384930,Consumer
2024-06-13,ASSET_D,23.69,429554,Materials
2024-06-13,ASSET_E,59.18,2048435,Retail
2024-06-13,VNINDEX,876.17,0,Benchmark
2024-06-14,ASSET_A,311.64,2107201,Technology
2024-06-14,ASSET_B,136.89,1353073,Banking
2024-06-14,ASSET_C,48.33,1710532,Consumer
2024-06-14,ASSET_D,23.57,855603,Materials
2024-06-14,ASSET_E,59.41,1388730,Retail
2024-06-14,VNINDEX,872.39,0,Benchmark
2024-06-17,ASSET_A,314.8,2010073,Technology
2024-06-17,ASSET_B,137.86,1852679,Banking
2024-06-17,ASSET_C,48.65,1200871,Consumer
2024-06-17,ASSET_D,23.73,611029,Materials
2024-06-17,ASSET_E,59.95,441441,Retail
2024-06-17,VNINDEX,876.55,0,Benchmark
2024-06-18,ASSET_A,316.41,2392573,Technology
2024-06-18,ASSET_B,135.61,1279899,Banking
2024-06-18,ASSET_C,47.96,660256,Consumer
2024-06-18,ASSET_D,23.16,1365927,Materials
2024-06-18,ASSET_E,60.31,1740781,Retail
2024-06-18,VNINDEX,873.41,0,Benchmark
2024-06-19,ASSET_A,314.63,512926,Technology
2024-06-19,ASSET_B,135.74,1801422,Banking
2024-06-19,ASSET_C,47.88,2355364,Consumer
2024-06-19,ASSET_D,23.16,1755408,Materials
2024-06-19,ASSET_E,59.96,1771533,Retail
2024-06-19,VNINDEX,875.13,0,Benchmark
2024-06-20,ASSET_A,311.96,1254855,Technology
2024-06-20,ASSET_B,136.35,1735105,Banking
2024-06-20,ASSET_C,48.06,1867827,Consumer
2024-06-20,ASSET_D,23.15,809886,Materials
2024-06-20,ASSET_E,60.51,881017,Retail
2024-06-20,VNINDEX,874.45,0,Benchmark
2024-06-21,ASSET_A,315.47,1462911,Technology
2024-06-21,ASSET_B,137.12,1178549,Banking
2024-06-21,ASSET_C,48.13,1880375,Consumer
2024-06-21,ASSET_D,23.42,1233012,Materials
2024-06-21,ASSET_E,60.86,1904550,Retail
2024-06-21,VNINDEX,880.03,0,Benchmark
2024-06-24,ASSET_A,314.0,1861911,Technology
2024-06-24,ASSET_B,136.28,610265,Banking
2024-06-24,ASSET_C,48.46,988055,Consumer
2024-06-24,ASSET_D,23.7,1532361,Materials
2024-06-24,ASSET_E,61.39,874659,Retail
2024-06-24,VNINDEX,876.93,0,Benchmark
2024-06-25,ASSET_A,305.27,1707522,Technology
2024-06-25,ASSET_B,134.53,2437706,Banking
2024-06-25,ASSET_C,48.0,2018756,Consumer
2024-06-25,ASSET_D,23.48,1066384,Materials
2024-06-25,ASSET_E,60.77,1852303,Retail
2024-06-25,VNINDEX,867.52,0,Benchmark
2024-06-26,ASSET_A,302.93,1575894,Technology
2024-06-26,ASSET_B,132.78,2134590,Banking
2024-06-26,ASSET_C,47.64,1490431,Consumer
2024-06-26,ASSET_D,23.05,1367466,Materials
2024-06-26,ASSET_E,59.3,1973130,Retail
2024-06-26,VNINDEX,859.37,0,Benchmark
2024-06-27,ASSET_A,297.09,1044351,Technology
2024-06-27,ASSET_B,131.25,2278881,Banking
2024-06-27,ASSET_C,47.83,560961,Consumer
2024-06-27,ASSET_D,22.57,1639605,Materials
2024-06-27,ASSET_E,59.48,688639,Retail
2024-06-27,VNINDEX,856.38,0,Benchmark
2024-06-28,ASSET_A,291.91,623596,Technology
2024-06-28,ASSET_B,129.78,1029626,Banking
2024-06-28,ASSET_C,47.43,2404917,Consumer
2024-06-28,ASSET_D,22.52,2400297,Materials
2024-06-28,ASSET_E,58.81,1012706,Retail
2024-06-28,VNINDEX,849.16,0,Benchmark
2024-07-01,ASSET_A,296.24,1306465,Technology
2024-07-01,ASSET_B,131.18,1063939,Banking
2024-07-01,ASSET_C,47.61,2482758,Consumer
2024-07-01,ASSET_D,22.4,1051421,Materials
2024-07-01,ASSET_E,58.81,742936,Retail
2024-07-01,VNINDEX,851.77,0,Benchmark
2024-07-02,ASSET_A,299.72,945280,Technology
2024-07-02,ASSET_B,129.74,1079219,Banking
2024-07-02,ASSET_C,47.74,2228292,Consumer
2024-07-02,ASSET_D,22.52,585584,Materials
2024-07-02,ASSET_E,58.01,1927312,Retail
2024-07-02,VNINDEX,849.21,0,Benchmark
2024-07-03,ASSET_A,302.46,1564026,Technology
2024-07-03,ASSET_B,132.25,465291,Banking
2024-07-03,ASSET_C,48.0,1397426,Consumer
2024-07-03,ASSET_D,23.22,2223887,Materials
2024-07-03,ASSET_E,59.65,894666,Retail
2024-07-03,VNINDEX,863.46,0,Benchmark
2024-07-04,ASSET_A,297.58,2073965,Technology
2024-07-04,ASSET_B,129.03,756379,Banking
2024-07-04,ASSET_C,47.44,889706,Consumer
2024-07-04,ASSET_D,22.6,1611137,Materials
2024-07-04,ASSET_E,58.76,1745484,Retail
2024-07-04,VNINDEX,853.35,0,Benchmark
2024-07-05,ASSET_A,298.24,1560350,Technology
2024-07-05,ASSET_B,130.12,1047440,Banking
2024-07-05,ASSET_C,47.74,423152,Consumer
2024-07-05,ASSET_D,22.76,1391360,Materials
2024-07-05,ASSET_E,59.55,1276915,Retail
2024-07-05,VNINDEX,854.74,0,Benchmark
2024-07-08,ASSET_A,300.03,1624390,Technology
2024-07-08,ASSET_B,128.78,2473481,Banking
2024-07-08,ASSET_C,47.45,1946966,Consumer
2024-07-08,ASSET_D,22.85,1912839,Materials
2024-07-08,ASSET_E,58.93,574987,Retail
2024-07-08,VNINDEX,848.32,0,Benchmark
2024-07-09,ASSET_A,297.73,487909,Technology
2024-07-09,ASSET_B,127.52,829916,Banking
2024-07-09,ASSET_C,47.74,2270942,Consumer
2024-07-09,ASSET_D,22.99,2460518,Materials
2024-07-09,ASSET_E,58.35,2253670,Retail
2024-07-09,VNINDEX,845.64,0,Benchmark
2024-07-10,ASSET_A,296.97,1753762,Technology
2024-07-10,ASSET_B,127.79,1466409,Banking
2024-07-10,ASSET_C,47.34,618590,Consumer
2024-07-10,ASSET_D,22.58,668016,Materials
2024-07-10,ASSET_E,58.99,1893372,Retail
2024-07-10,VNINDEX,846.65,0,Benchmark
2024-07-11,ASSET_A,295.38,1322911,Technology
2024-07-11,ASSET_B,124.21,1549229,Banking
2024-07-11,ASSET_C,46.25,1837169,Consumer
2024-07-11,ASSET_D,22.03,2207288,Materials
2024-07-11,ASSET_E,58.09,949442,Retail
2024-07-11,VNINDEX,833.48,0,Benchmark
2024-07-12,ASSET_A,295.11,659764,Technology
2024-07-12,ASSET_B,123.65,1155588,Banking
2024-07-12,ASSET_C,46.54,456159,Consumer
2024-07-12,ASSET_D,21.82,1736570,Materials
2024-07-12,ASSET_E,58.16,2246982,Retail
2024-07-12,VNINDEX,835.01,0,Benchmark
2024-07-15,ASSET_A,301.38,849018,Technology
2024-07-15,ASSET_B,124.57,2329363,Banking
2024-07-15,ASSET_C,47.3,2030874,Consumer
2024-07-15,ASSET_D,22.23,1629289,Materials
2024-07-15,ASSET_E,58.34,1888558,Retail
2024-07-15,VNINDEX,846.09,0,Benchmark
2024-07-16,ASSET_A,296.8,2039561,Technology
2024-07-16,ASSET_B,123.23,595775,Banking
2024-07-16,ASSET_C,47.13,459165,Consumer
2024-07-16,ASSET_D,22.25,2214902,Materials
2024-07-16,ASSET_E,57.99,2114957,Retail
2024-07-16,VNINDEX,843.67,0,Benchmark
2024-07-17,ASSET_A,297.07,2325059,Technology
2024-07-17,ASSET_B,124.67,2227708,Banking
2024-07-17,ASSET_C,47.32,2448221,Consumer
2024-07-17,ASSET_D,21.74,1038753,Materials
2024-07-17,ASSET_E,58.28,774056,Retail
2024-07-17,VNINDEX,845.34,0,Benchmark
2024-07-18,ASSET_A,295.53,1466218,Technology
2024-07-18,ASSET_B,125.22,1961820,Banking
2024-07-18,ASSET_C,47.82,757517,Consumer
2024-07-18,ASSET_D,21.85,2053866,Materials
2024-07-18,ASSET_E,58.12,418609,Retail
2024-07-18,VNINDEX,851.42,0,Benchmark
2024-07-19,ASSET_A,292.72,2450817,Technology
2024-07-19,ASSET_B,125.47,1042241,Banking
2024-07-19,ASSET_C,47.56,1240627,Consumer
2024-07-19,ASSET_D,21.99,1598143,Materials
2024-07-19,ASSET_E,57.84,529786,Retail
2024-07-19,VNINDEX,850.66,0,Benchmark
2024-07-22,ASSET_A,293.46,778081,Technology
2024-07-22,ASSET_B,124.18,2012219,Banking
2024-07-22,ASSET_C,47.21,1859391,Consumer
2024-07-22,ASSET_D,21.93,2363858,Materials
2024-07-22,ASSET_E,57.46,1533399,Retail
2024-07-22,VNINDEX,847.52,0,Benchmark
2024-07-23,ASSET_A,288.29,1029258,Technology
2024-07-23,ASSET_B,122.37,1300054,Banking
2024-07-23,ASSET_C,46.66,2177127,Consumer
2024-07-23,ASSET_D,21.62,1382237,Materials
2024-07-23,ASSET_E,56.67,2052011,Retail
2024-07-23,VNINDEX,834.82,0,Benchmark
2024-07-24,ASSET_A,289.05,2353138,Technology
2024-07-24,ASSET_B,122.27,2438384,Banking
2024-07-24,ASSET_C,47.09,1162942,Consumer
2024-07-24,ASSET_D,21.65,1913229,Materials
2024-07-24,ASSET_E,57.53,2318008,Retail
2024-07-24,VNINDEX,838.61,0,Benchmark
2024-07-25,ASSET_A,287.14,767889,Technology
2024-07-25,ASSET_B,122.21,476738,Banking
2024-07-25,ASSET_C,46.75,2458876,Consumer
2024-07-25,ASSET_D,21.43,1444385,Materials
2024-07-25,ASSET_E,57.38,2418038,Retail
2024-07-25,VNINDEX,838.15,0,Benchmark
2024-07-26,ASSET_A,284.48,1784700,Technology
2024-07-26,ASSET_B,121.22,462459,Banking
2024-07-26,ASSET_C,46.44,433479,Consumer
2024-07-26,ASSET_D,21.28,1227372,Materials
2024-07-26,ASSET_E,56.73,1657323,Retail
2024-07-26,VNINDEX,832.67,0,Benchmark
2024-07-29,ASSET_A,285.51,860958,Technology
2024-07-29,ASSET_B,123.25,1542743,Banking
2024-07-29,ASSET_C,46.41,1389939,Consumer
2024-07-29,ASSET_D,21.31,1188448,Materials
2024-07-29,ASSET_E,57.94,1725639,Retail
2024-07-29,VNINDEX,833.56,0,Benchmark
2024-07-30,ASSET_A,286.55,1095472,Technology
2024-07-30,ASSET_B,123.17,2356067,Banking
2024-07-30,ASSET_C,46.38,2474847,Consumer
2024-07-30,ASSET_D,21.35,2332947,Materials
2024-07-30,ASSET_E,57.55,1009684,Retail
2024-07-30,VNINDEX,830.5,0,Benchmark
2024-07-31,ASSET_A,279.56,1403279,Technology
2024-07-31,ASSET_B,122.17,533072,Banking
2024-07-31,ASSET_C,46.25,975633,Consumer
2024-07-31,ASSET_D,21.41,2159466,Materials
2024-07-31,ASSET_E,57.29,402431,Retail
2024-07-31,VNINDEX,827.77,0,Benchmark
2024-08-01,ASSET_A,279.08,1155974,Technology
2024-08-01,ASSET_B,123.39,2033637,Banking
2024-08-01,ASSET_C,46.27,1520094,Consumer
2024-08-01,ASSET_D,21.52,873249,Materials
2024-08-01,ASSET_E,57.38,808543,Retail
2024-08-01,VNINDEX,831.29,0,Benchmark
2024-08-02,ASSET_A,276.66,2236461,Technology
2024-08-02,ASSET_B,123.72,2371072,Banking
2024-08-02,ASSET_C,46.26,1333563,Consumer
2024-08-02,ASSET_D,21.54,2217800,Materials
2024-08-02,ASSET_E,56.79,516679,Retail
2024-08-02,VNINDEX,824.12,0,Benchmark
2024-08-05,ASSET_A,278.73,2442856,Technology
2024-08-05,ASSET_B,123.56,1421387,Banking
2024-08-05,ASSET_C,46.4,1227148,Consumer
2024-08-05,ASSET_D,21.63,1625774,Materials
2024-08-05,ASSET_E,57.21,1838389,Retail
2024-08-05,VNINDEX,830.04,0,Benchmark
2024-08-06,ASSET_A,276.73,1450076,Technology
2024-08-06,ASSET_B,121.46,2220561,Banking
2024-08-06,ASSET_C,45.97,2012303,Consumer
2024-08-06,ASSET_D,21.15,618754,Materials
2024-08-06,ASSET_E,57.1,1456527,Retail
2024-08-06,VNINDEX,822.59,0,Benchmark
2024-08-07,ASSET_A,275.99,1502955,Technology
2024-08-07,ASSET_B,120.62,1989575,Banking
2024-08-07,ASSET_C,45.39,1489584,Consumer
2024-08-07,ASSET_D,21.14,2007881,Materials
2024-08-07,ASSET_E,57.04,2019633,Retail
2024-08-07,VNINDEX,819.18,0,Benchmark
2024-08-08,ASSET_A,279.45,516323,Technology
2024-08-08,ASSET_B,122.33,849794,Banking
2024-08-08,ASSET_C,45.7,1899055,Consumer
2024-08-08,ASSET_D,21.46,740824,Materials
2024-08-08,ASSET_E,58.19,710974,Retail
2024-08-08,VNINDEX,829.81,0,Benchmark
2024-08-09,ASSET_A,280.74,891825,Technology
2024-08-09,ASSET_B,123.28,2193776,Banking
2024-08-09,ASSET_C,46.14,1491938,Consumer
2024-08-09,ASSET_D,21.73,2231790,Materials
2024-08-09,ASSET_E,59.05,2316428,Retail
2024-08-09,VNINDEX,836.17,0,Benchmark
2024-08-12,ASSET_A,280.48,483759,Technology
2024-08-12,ASSET_B,122.39,1868674,Banking
2024-08-12,ASSET_C,46.25,2494520,Consumer
2024-08-12,ASSET_D,21.5,1354426,Materials
2024-08-12,ASSET_E,59.19,1911032,Retail
2024-08-12,VNINDEX,836.89,0,Benchmark
2024-08-13,ASSET_A,281.09,2198963,Technology
2024-08-13,ASSET_B,122.55,426415,Banking
2024-08-13,ASSET_C,46.18,1387496,Consumer
2024-08-13,ASSET_D,21.71,2324738,Materials
2024-08-13,ASSET_E,59.02,2302004,Retail
2024-08-13,VNINDEX,831.93,0,Benchmark
2024-08-14,ASSET_A,278.44,877520,Technology
2024-08-14,ASSET_B,120.92,1592842,Banking
2024-08-14,ASSET_C,46.2,2071763,Consumer
2024-08-14,ASSET_D,21.77,1414528,Materials
2024-08-14,ASSET_E,59.3,1761740,Retail
2024-08-14,VNINDEX,829.23,0,Benchmark
2024-08-15,ASSET_A,278.53,1115331,Technology
2024-08-15,ASSET_B,120.88,1774190,Banking
2024-08-15,ASSET_C,46.77,1687192,Consumer
2024-08-15,ASSET_D,21.74,578448,Materials
2024-08-15,ASSET_E,58.87,1112488,Retail
2024-08-15,VNINDEX,829.81,0,Benchmark
2024-08-16,ASSET_A,279.08,2169819,Technology
2024-08-16,ASSET_B,121.76,2082851,Banking
2024-08-16,ASSET_C,46.59,2082940,Consumer
2024-08-16,ASSET_D,21.57,2010050,Materials
2024-08-16,ASSET_E,59.95,1714966,Retail
2024-08-16,VNINDEX,830.2,0,Benchmark
2024-08-19,ASSET_A,282.37,1897909,Technology
2024-08-19,ASSET_B,121.68,2019686,Banking
2024-08-19,ASSET_C,46.15,2259815,Consumer
2024-08-19,ASSET_D,21.76,1924724,Materials
2024-08-19,ASSET_E,59.71,1668141,Retail
2024-08-19,VNINDEX,829.89,0,Benchmark
2024-08-20,ASSET_A,281.72,1705109,Technology
2024-08-20,ASSET_B,120.93,1398869,Banking
2024-08-20,ASSET_C,45.88,875652,Consumer
2024-08-20,ASSET_D,21.55,1034932,Materials
2024-08-20,ASSET_E,59.57,779940,Retail
2024-08-20,VNINDEX,829.91,0,Benchmark
2024-08-21,ASSET_A,283.44,480790,Technology
2024-08-21,ASSET_B,119.71,1027875,Banking
2024-08-21,ASSET_C,45.65,1033598,Consumer
2024-08-21,ASSET_D,21.96,828619,Materials
2024-08-21,ASSET_E,58.99,613190,Retail
2024-08-21,VNINDEX,828.93,0,Benchmark
2024-08-22,ASSET_A,283.17,1582211,Technology
2024-08-22,ASSET_B,118.13,802721,Banking
2024-08-22,ASSET_C,45.05,1033289,Consumer
2024-08-22,ASSET_D,21.63,2213996,Materials
2024-08-22,ASSET_E,58.0,1765566,Retail
2024-08-22,VNINDEX,821.4,0,Benchmark
2024-08-23,ASSET_A,282.02,1577873,Technology
2024-08-23,ASSET_B,117.09,586909,Banking
2024-08-23,ASSET_C,44.96,1422634,Consumer
2024-08-23,ASSET_D,21.89,2036150,Materials
2024-08-23,ASSET_E,58.23,598371,Retail
2024-08-23,VNINDEX,818.84,0,Benchmark
2024-08-26,ASSET_A,283.55,1069836,Technology
2024-08-26,ASSET_B,118.18,1743671,Banking
2024-08-26,ASSET_C,45.51,1432927,Consumer
2024-08-26,ASSET_D,22.0,1025500,Materials
2024-08-26,ASSET_E,59.51,610711,Retail
2024-08-26,VNINDEX,823.88,0,Benchmark
2024-08-27,ASSET_A,280.04,1964349,Technology
2024-08-27,ASSET_B,115.83,2415517,Banking
2024-08-27,ASSET_C,45.57,407652,Consumer
2024-08-27,ASSET_D,22.1,1871448,Materials
2024-08-27,ASSET_E,58.79,550083,Retail
2024-08-27,VNINDEX,816.82,0,Benchmark
2024-08-28,ASSET_A,279.17,2351793,Technology
2024-08-28,ASSET_B,116.28,568588,Banking
2024-08-28,ASSET_C,45.66,2280390,Consumer
2024-08-28,ASSET_D,21.94,905673,Materials
2024-08-28,ASSET_E,58.87,1706533,Retail
2024-08-28,VNINDEX,816.0,0,Benchmark
2024-08-29,ASSET_A,279.38,943975,Technology
2024-08-29,ASSET_B,115.6,1875690,Banking
2024-08-29,ASSET_C,46.01,2205609,Consumer
2024-08-29,ASSET_D,21.83,780839,Materials
2024-08-29,ASSET_E,58.68,2347002,Retail
2024-08-29,VNINDEX,811.89,0,Benchmark
2024-08-30,ASSET_A,280.18,1095474,Technology
2024-08-30,ASSET_B,115.88,1627634,Banking
2024-08-30,ASSET_C,45.96,1662208,Consumer
2024-08-30,ASSET_D,22.0,1794223,Materials
2024-08-30,ASSET_E,59.15,1443736,Retail
2024-08-30,VNINDEX,812.65,0,Benchmark
2024-09-02,ASSET_A,279.95,1076903,Technology
2024-09-02,ASSET_B,116.59,760963,Banking
2024-09-02,ASSET_C,45.46,1042398,Consumer
2024-09-02,ASSET_D,22.08,2148943,Materials
2024-09-02,ASSET_E,59.94,720108,Retail
2024-09-02,VNINDEX,810.8,0,Benchmark
2024-09-03,ASSET_A,280.66,2153383,Technology
2024-09-03,ASSET_B,117.74,846680,Banking
2024-09-03,ASSET_C,46.1,2135821,Consumer
2024-09-03,ASSET_D,22.52,2329218,Materials
2024-09-03,ASSET_E,61.14,1476595,Retail
2024-09-03,VNINDEX,818.69,0,Benchmark
2024-09-04,ASSET_A,279.7,563317,Technology
2024-09-04,ASSET_B,117.73,997348,Banking
2024-09-04,ASSET_C,45.77,969723,Consumer
2024-09-04,ASSET_D,22.5,1369756,Materials
2024-09-04,ASSET_E,61.24,1412885,Retail
2024-09-04,VNINDEX,821.52,0,Benchmark
2024-09-05,ASSET_A,281.66,2281397,Technology
2024-09-05,ASSET_B,116.09,1838366,Banking
2024-09-05,ASSET_C,45.26,1042205,Consumer
2024-09-05,ASSET_D,22.33,701120,Materials
2024-09-05,ASSET_E,60.99,1646058,Retail
2024-09-05,VNINDEX,814.85,0,Benchmark
2024-09-06,ASSET_A,282.74,2027573,Technology
2024-09-06,ASSET_B,116.64,1027197,Banking
2024-09-06,ASSET_C,45.56,2494828,Consumer
2024-09-06,ASSET_D,22.68,1542097,Materials
2024-09-06,ASSET_E,61.51,1309451,Retail
2024-09-06,VNINDEX,818.53,0,Benchmark
2024-09-09,ASSET_A,279.56,1415003,Technology
2024-09-09,ASSET_B,115.86,2138890,Banking
2024-09-09,ASSET_C,45.36,2340219,Consumer
2024-09-09,ASSET_D,22.43,1829751,Materials
2024-09-09,ASSET_E,61.23,1517435,Retail
2024-09-09,VNINDEX,814.68,0,Benchmark
2024-09-10,ASSET_A,281.5,1625393,Technology
2024-09-10,ASSET_B,114.75,1176485,Banking
2024-09-10,ASSET_C,45.18,1627225,Consumer
2024-09-10,ASSET_D,22.46,2439947,Materials
2024-09-10,ASSET_E,60.57,1082019,Retail
2024-09-10,VNINDEX,811.88,0,Benchmark
2024-09-11,ASSET_A,282.82,2278007,Technology
2024-09-11,ASSET_B,113.64,630001,Banking
2024-09-11,ASSET_C,44.97,755386,Consumer
2024-09-11,ASSET_D,22.47,635567,Materials
2024-09-11,ASSET_E,60.36,2302946,Retail
2024-09-11,VNINDEX,813.67,0,Benchmark
2024-09-12,ASSET_A,283.12,2016657,Technology
2024-09-12,ASSET_B,112.82,600497,Banking
2024-09-12,ASSET_C,44.85,658390,Consumer
2024-09-12,ASSET_D,22.44,1778913,Materials
2024-09-12,ASSET_E,60.68,1529234,Retail
2024-09-12,VNINDEX,811.32,0,Benchmark
2024-09-13,ASSET_A,284.74,981286,Technology
2024-09-13,ASSET_B,113.94,1240563,Banking
2024-09-13,ASSET_C,45.33,2424972,Consumer
2024-09-13,ASSET_D,22.59,1475880,Materials
2024-09-13,ASSET_E,61.54,1052640,Retail
2024-09-13,VNINDEX,816.1,0,Benchmark
2024-09-16,ASSET_A,282.53,505840,Technology
2024-09-16,ASSET_B,113.34,1256589,Banking
2024-09-16,ASSET_C,45.15,957602,Consumer
2024-09-16,ASSET_D,22.33,1635982,Materials
2024-09-16,ASSET_E,61.18,405860,Retail
2024-09-16,VNINDEX,812.29,0,Benchmark
2024-09-17,ASSET_A,280.97,1782710,Technology
2024-09-17,ASSET_B,113.64,1940395,Banking
2024-09-17,ASSET_C,44.81,1831076,Consumer
2024-09-17,ASSET_D,22.2,594617,Materials
2024-09-17,ASSET_E,61.08,1825292,Retail
2024-09-17,VNINDEX,809.3,0,Benchmark
2024-09-18,ASSET_A,276.81,706196,Technology
2024-09-18,ASSET_B,114.43,1405004,Banking
2024-09-18,ASSET_C,44.35,1141775,Consumer
2024-09-18,ASSET_D,22.13,435201,Materials
2024-09-18,ASSET_E,61.35,1198313,Retail
2024-09-18,VNINDEX,806.14,0,Benchmark
2024-09-19,ASSET_A,275.57,584723,Technology
2024-09-19,ASSET_B,114.47,743776,Banking
2024-09-19,ASSET_C,44.03,1442971,Consumer
2024-09-19,ASSET_D,22.04,1673658,Materials
2024-09-19,ASSET_E,60.45,922922,Retail
2024-09-19,VNINDEX,803.45,0,Benchmark
2024-09-20,ASSET_A,278.46,2462817,Technology
2024-09-20,ASSET_B,116.52,847895,Banking
2024-09-20,ASSET_C,44.4,2470726,Consumer
2024-09-20,ASSET_D,22.5,818351,Materials
2024-09-20,ASSET_E,60.68,1406622,Retail
2024-09-20,VNINDEX,809.2,0,Benchmark
2024-09-23,ASSET_A,283.71,1395261,Technology
2024-09-23,ASSET_B,117.71,1589699,Banking
2024-09-23,ASSET_C,44.64,1645217,Consumer
2024-09-23,ASSET_D,22.8,1689301,Materials
2024-09-23,ASSET_E,61.76,1418751,Retail
2024-09-23,VNINDEX,812.58,0,Benchmark
2024-09-24,ASSET_A,287.48,1766777,Technology
2024-09-24,ASSET_B,120.65,1101752,Banking
2024-09-24,ASSET_C,44.86,1304305,Consumer
2024-09-24,ASSET_D,23.12,455787,Materials
2024-09-24,ASSET_E,62.53,2086939,Retail
2024-09-24,VNINDEX,821.52,0,Benchmark
2024-09-25,ASSET_A,287.23,856396,Technology
2024-09-25,ASSET_B,124.34,1810861,Banking
2024-09-25,ASSET_C,44.87,1272889,Consumer
2024-09-25,ASSET_D,23.32,2082712,Materials
2024-09-25,ASSET_E,62.91,1539407,Retail
2024-09-25,VNINDEX,833.45,0,Benchmark
2024-09-26,ASSET_A,284.98,613566,Technology
2024-09-26,ASSET_B,124.06,2338333,Banking
2024-09-26,ASSET_C,44.73,883281,Consumer
2024-09-26,ASSET_D,23.0,1099956,Materials
2024-09-26,ASSET_E,62.59,1872023,Retail
2024-09-26,VNINDEX,828.28,0,Benchmark
2024-09-27,ASSET_A,291.09,531802,Technology
2024-09-27,ASSET_B,124.7,1145066,Banking
2024-09-27,ASSET_C,44.54,1568632,Consumer
2024-09-27,ASSET_D,23.41,1347475,Materials
2024-09-27,ASSET_E,63.06,1758885,Retail
2024-09-27,VNINDEX,828.82,0,Benchmark
2024-09-30,ASSET_A,290.59,1144166,Technology
2024-09-30,ASSET_B,123.4,1558940,Banking
2024-09-30,ASSET_C,44.44,1596435,Consumer
2024-09-30,ASSET_D,23.04,1123467,Materials
2024-09-30,ASSET_E,61.57,2184499,Retail
2024-09-30,VNINDEX,822.94,0,Benchmark
2024-10-01,ASSET_A,287.3,407823,Technology
2024-10-01,ASSET_B,122.63,2147162,Banking
2024-10-01,ASSET_C,44.08,599506,Consumer
2024-10-01,ASSET_D,22.95,1278531,Materials
2024-10-01,ASSET_E,61.37,413040,Retail
2024-10-01,VNINDEX,819.15,0,Benchmark
2024-10-02,ASSET_A,287.35,1282117,Technology
2024-10-02,ASSET_B,121.79,841739,Banking
2024-10-02,ASSET_C,43.71,1249995,Consumer
2024-10-02,ASSET_D,22.93,1513693,Materials
2024-10-02,ASSET_E,61.0,1190226,Retail
2024-10-02,VNINDEX,816.12,0,Benchmark
2024-10-03,ASSET_A,283.69,1081979,Technology
2024-10-03,ASSET_B,121.24,1472382,Banking
2024-10-03,ASSET_C,43.51,1754079,Consumer
2024-10-03,ASSET_D,22.72,1755699,Materials
2024-10-03,ASSET_E,59.97,1902345,Retail
2024-10-03,VNINDEX,810.95,0,Benchmark
2024-10-04,ASSET_A,278.82,1506349,Technology
2024-10-04,ASSET_B,119.73,1041015,Banking
2024-10-04,ASSET_C,43.83,515416,Consumer
2024-10-04,ASSET_D,22.38,1848513,Materials
2024-10-04,ASSET_E,59.64,695901,Retail
2024-10-04,VNINDEX,805.85,0,Benchmark
2024-10-07,ASSET_A,277.88,1638014,Technology
2024-10-07,ASSET_B,119.48,1716689,Banking
2024-10-07,ASSET_C,43.98,2450276,Consumer
2024-10-07,ASSET_D,22.21,2479343,Materials
2024-10-07,ASSET_E,59.55,1327919,Retail
2024-10-07,VNINDEX,805.31,0,Benchmark
2024-10-08,ASSET_A,275.74,1047706,Technology
2024-10-08,ASSET_B,116.68,1960471,Banking
2024-10-08,ASSET_C,43.74,2207931,Consumer
2024-10-08,ASSET_D,21.94,776624,Materials
2024-10-08,ASSET_E,59.12,1242218,Retail
2024-10-08,VNINDEX,799.44,0,Benchmark
2024-10-09,ASSET_A,273.65,1355983,Technology
2024-10-09,ASSET_B,118.73,695832,Banking
2024-10-09,ASSET_C,44.03,1737486,Consumer
2024-10-09,ASSET_D,21.94,2230497,Materials
2024-10-09,ASSET_E,59.29,2091843,Retail
2024-10-09,VNINDEX,803.79,0,Benchmark
2024-10-10,ASSET_A,269.64,564004,Technology
2024-10-10,ASSET_B,117.74,793678,Banking
2024-10-10,ASSET_C,43.42,432943,Consumer
2024-10-10,ASSET_D,22.05,1663474,Materials
2024-10-10,ASSET_E,58.58,2422425,Retail
2024-10-10,VNINDEX,799.42,0,Benchmark
2024-10-11,ASSET_A,275.17,1033715,Technology
2024-10-11,ASSET_B,120.79,448636,Banking
2024-10-11,ASSET_C,43.8,1487798,Consumer
2024-10-11,ASSET_D,22.46,1050104,Materials
2024-10-11,ASSET_E,58.99,623298,Retail
2024-10-11,VNINDEX,813.59,0,Benchmark
2024-10-14,ASSET_A,273.53,2454203,Technology
2024-10-14,ASSET_B,121.45,425317,Banking
2024-10-14,ASSET_C,43.12,2286815,Consumer
2024-10-14,ASSET_D,22.3,2325650,Materials
2024-10-14,ASSET_E,58.57,850087,Retail
2024-10-14,VNINDEX,811.5,0,Benchmark
2024-10-15,ASSET_A,274.54,2481520,Technology
2024-10-15,ASSET_B,121.78,506571,Banking
2024-10-15,ASSET_C,43.55,447666,Consumer
2024-10-15,ASSET_D,22.34,1884427,Materials
2024-10-15,ASSET_E,58.95,2025843,Retail
2024-10-15,VNINDEX,812.04,0,Benchmark
2024-10-16,ASSET_A,269.68,1420198,Technology
2024-10-16,ASSET_B,121.61,1884302,Banking
2024-10-16,ASSET_C,43.62,2062903,Consumer
2024-10-16,ASSET_D,22.28,788516,Materials
2024-10-16,ASSET_E,58.61,766986,Retail
2024-10-16,VNINDEX,805.77,0,Benchmark
2024-10-17,ASSET_A,274.46,2373002,Technology
2024-10-17,ASSET_B,122.4,2298232,Banking
2024-10-17,ASSET_C,44.11,2162721,Consumer
2024-10-17,ASSET_D,22.47,767071,Materials
2024-10-17,ASSET_E,59.18,1443597,Retail
2024-10-17,VNINDEX,814.45,0,Benchmark
2024-10-18,ASSET_A,274.31,1452734,Technology
2024-10-18,ASSET_B,125.32,1260379,Banking
2024-10-18,ASSET_C,44.41,559228,Consumer
2024-10-18,ASSET_D,22.81,1784084,Materials
2024-10-18,ASSET_E,59.17,2383108,Retail
2024-10-18,VNINDEX,820.25,0,Benchmark
2024-10-21,ASSET_A,278.29,663871,Technology
2024-10-21,ASSET_B,126.48,2253549,Banking
2024-10-21,ASSET_C,44.12,883793,Consumer
2024-10-21,ASSET_D,22.62,1932300,Materials
2024-10-21,ASSET_E,59.13,2448127,Retail
2024-10-21,VNINDEX,821.93,0,Benchmark
2024-10-22,ASSET_A,272.28,2222597,Technology
2024-10-22,ASSET_B,125.32,1932343,Banking
2024-10-22,ASSET_C,43.77,1919583,Consumer
2024-10-22,ASSET_D,22.65,495737,Materials
2024-10-22,ASSET_E,58.97,2394838,Retail
2024-10-22,VNINDEX,815.35,0,Benchmark
2024-10-23,ASSET_A,270.58,1271725,Technology
2024-10-23,ASSET_B,126.64,2095942,Banking
2024-10-23,ASSET_C,44.25,2314364,Consumer
2024-10-23,ASSET_D,22.68,1719108,Materials
2024-10-23,ASSET_E,59.26,682241,Retail
2024-10-23,VNINDEX,816.58,0,Benchmark
2024-10-24,ASSET_A,269.35,1686101,Technology
2024-10-24,ASSET_B,124.68,1953780,Banking
2024-10-24,ASSET_C,44.03,2018977,Consumer
2024-10-24,ASSET_D,22.52,1515410,Materials
2024-10-24,ASSET_E,58.7,713397,Retail
2024-10-24,VNINDEX,811.17,0,Benchmark
2024-10-25,ASSET_A,275.53,1762578,Technology
2024-10-25,ASSET_B,125.96,819185,Banking
2024-10-25,ASSET_C,44.24,1503908,Consumer
2024-10-25,ASSET_D,22.6,2435864,Materials
2024-10-25,ASSET_E,58.19,769633,Retail
2024-10-25,VNINDEX,818.64,0,Benchmark
2024-10-28,ASSET_A,277.81,1046875,Technology
2024-10-28,ASSET_B,127.9,1499063,Banking
2024-10-28,ASSET_C,44.02,1664844,Consumer
2024-10-28,ASSET_D,22.49,1957232,Materials
2024-10-28,ASSET_E,58.22,2015851,Retail
2024-10-28,VNINDEX,822.87,0,Benchmark
2024-10-29,ASSET_A,279.21,1940330,Technology
2024-10-29,ASSET_B,126.62,1503463,Banking
2024-10-29,ASSET_C,44.37,1501872,Consumer
2024-10-29,ASSET_D,22.2,2309430,Materials
2024-10-29,ASSET_E,58.08,775957,Retail
2024-10-29,VNINDEX,823.54,0,Benchmark
2024-10-30,ASSET_A,274.59,1452745,Technology
2024-10-30,ASSET_B,124.65,1747376,Banking
2024-10-30,ASSET_C,43.81,1613108,Consumer
2024-10-30,ASSET_D,21.73,471487,Materials
2024-10-30,ASSET_E,56.93,1302459,Retail
2024-10-30,VNINDEX,811.57,0,Benchmark
2024-10-31,ASSET_A,270.74,1169381,Technology
2024-10-31,ASSET_B,124.11,2071845,Banking
2024-10-31,ASSET_C,43.19,2018138,Consumer
2024-10-31,ASSET_D,21.7,2004890,Materials
2024-10-31,ASSET_E,56.46,2118560,Retail
2024-10-31,VNINDEX,806.9,0,Benchmark
2024-11-01,ASSET_A,271.14,1025620,Technology
2024-11-01,ASSET_B,126.29,636554,Banking
2024-11-01,ASSET_C,43.14,504342,Consumer
2024-11-01,ASSET_D,21.63,1100697,Materials
2024-11-01,ASSET_E,57.01,1433653,Retail
2024-11-01,VNINDEX,810.46,0,Benchmark
2024-11-04,ASSET_A,271.12,1967191,Technology
2024-11-04,ASSET_B,126.35,1816805,Banking
2024-11-04,ASSET_C,43.13,839964,Consumer
2024-11-04,ASSET_D,21.53,1562022,Materials
2024-11-04,ASSET_E,57.41,2375252,Retail
2024-11-04,VNINDEX,816.64,0,Benchmark
2024-11-05,ASSET_A,270.77,923616,Technology
2024-11-05,ASSET_B,128.73,2149372,Banking
2024-11-05,ASSET_C,43.35,524942,Consumer
2024-11-05,ASSET_D,21.52,2243709,Materials
2024-11-05,ASSET_E,58.17,1447245,Retail
2024-11-05,VNINDEX,822.35,0,Benchmark
2024-11-06,ASSET_A,268.63,660715,Technology
2024-11-06,ASSET_B,126.73,642594,Banking
2024-11-06,ASSET_C,43.05,2072259,Consumer
2024-11-06,ASSET_D,21.24,2226840,Materials
2024-11-06,ASSET_E,57.08,1197478,Retail
2024-11-06,VNINDEX,814.62,0,Benchmark
2024-11-07,ASSET_A,267.08,2251665,Technology
2024-11-07,ASSET_B,126.73,1271419,Banking
2024-11-07,ASSET_C,43.01,1927306,Consumer
2024-11-07,ASSET_D,21.23,873507,Materials
2024-11-07,ASSET_E,57.07,2433580,Retail
2024-11-07,VNINDEX,816.29,0,Benchmark
2024-11-08,ASSET_A,269.67,1096806,Technology
2024-11-08,ASSET_B,126.87,2280636,Banking
2024-11-08,ASSET_C,43.43,511523,Consumer
2024-11-08,ASSET_D,21.35,904187,Materials
2024-11-08,ASSET_E,56.69,1548805,Retail
2024-11-08,VNINDEX,821.51,0,Benchmark
2024-11-11,ASSET_A,264.14,1746168,Technology
2024-11-11,ASSET_B,124.45,451186,Banking
2024-11-11,ASSET_C,43.08,621686,Consumer
2024-11-11,ASSET_D,21.31,1918036,Materials
2024-11-11,ASSET_E,56.01,787788,Retail
2024-11-11,VNINDEX,813.48,0,Benchmark
2024-11-12,ASSET_A,264.76,1904509,Technology
2024-11-12,ASSET_B,124.78,737433,Banking
2024-11-12,ASSET_C,43.33,956188,Consumer
2024-11-12,ASSET_D,21.53,2243967,Materials
2024-11-12,ASSET_E,55.63,1732358,Retail
2024-11-12,VNINDEX,813.62,0,Benchmark
2024-11-13,ASSET_A,264.39,2160511,Technology
2024-11-13,ASSET_B,124.26,2088229,Banking
2024-11-13,ASSET_C,43.32,907872,Consumer
2024-11-13,ASSET_D,21.93,1685700,Materials
2024-11-13,ASSET_E,56.2,2023433,Retail
2024-11-13,VNINDEX,815.14,0,Benchmark
2024-11-14,ASSET_A,266.6,1713933,Technology
2024-11-14,ASSET_B,124.55,760770,Banking
2024-11-14,ASSET_C,43.96,1490659,Consumer
2024-11-14,ASSET_D,21.61,514666,Materials
2024-11-14,ASSET_E,56.27,2160804,Retail
2024-11-14,VNINDEX,813.84,0,Benchmark
2024-11-15,ASSET_A,263.88,1886676,Technology
2024-11-15,ASSET_B,122.3,1874165,Banking
2024-11-15,ASSET_C,43.42,1447556,Consumer
2024-11-15,ASSET_D,21.21,743744,Materials
2024-11-15,ASSET_E,56.06,411915,Retail
2024-11-15,VNINDEX,804.96,0,Benchmark
2024-11-18,ASSET_A,265.71,2158141,Technology
2024-11-18,ASSET_B,121.15,2292118,Banking
2024-11-18,ASSET_C,43.15,1151140,Consumer
2024-11-18,ASSET_D,21.29,1973799,Materials
2024-11-18,ASSET_E,55.81,627607,Retail
2024-11-18,VNINDEX,803.55,0,Benchmark
2024-11-19,ASSET_A,263.73,2381060,Technology
2024-11-19,ASSET_B,120.5,1446998,Banking
2024-11-19,ASSET_C,42.86,744743,Consumer
2024-11-19,ASSET_D,21.17,1957585,Materials
2024-11-19,ASSET_E,55.34,1720081,Retail
2024-11-19,VNINDEX,802.15,0,Benchmark
2024-11-20,ASSET_A,263.63,498399,Technology
2024-11-20,ASSET_B,120.64,1417695,Banking
2024-11-20,ASSET_C,42.78,1763680,Consumer
2024-11-20,ASSET_D,21.31,2282636,Materials
2024-11-20,ASSET_E,54.93,1958013,Retail
2024-11-20,VNINDEX,801.61,0,Benchmark
2024-11-21,ASSET_A,260.82,1960833,Technology
2024-11-21,ASSET_B,119.94,1300373,Banking
2024-11-21,ASSET_C,42.29,2058663,Consumer
2024-11-21,ASSET_D,21.27,1517370,Materials
2024-11-21,ASSET_E,54.86,1770623,Retail
2024-11-21,VNINDEX,799.06,0,Benchmark
2024-11-22,ASSET_A,259.31,766222,Technology
2024-11-22,ASSET_B,119.58,1183072,Banking
2024-11-22,ASSET_C,42.26,1744622,Consumer
2024-11-22,ASSET_D,21.5,1297959,Materials
2024-11-22,ASSET_E,55.38,1203944,Retail
2024-11-22,VNINDEX,797.11,0,Benchmark
2024-11-25,ASSET_A,258.82,2271682,Technology
2024-11-25,ASSET_B,120.07,1198110,Banking
2024-11-25,ASSET_C,41.84,2095493,Consumer
2024-11-25,ASSET_D,21.68,635254,Materials
2024-11-25,ASSET_E,55.53,1982783,Retail
2024-11-25,VNINDEX,797.09,0,Benchmark
2024-11-26,ASSET_A,258.32,501838,Technology
2024-11-26,ASSET_B,121.29,1562679,Banking
2024-11-26,ASSET_C,41.98,2319295,Consumer
2024-11-26,ASSET_D,21.93,2042120,Materials
2024-11-26,ASSET_E,55.55,1616310,Retail
2024-11-26,VNINDEX,799.39,0,Benchmark
2024-11-27,ASSET_A,255.6,918222,Technology
2024-11-27,ASSET_B,120.82,2280646,Banking
2024-11-27,ASSET_C,41.63,2168500,Consumer
2024-11-27,ASSET_D,21.82,2393679,Materials
2024-11-27,ASSET_E,55.39,2344520,Retail
2024-11-27,VNINDEX,798.11,0,Benchmark
2024-11-28,ASSET_A,252.36,803439,Technology
2024-11-28,ASSET_B,119.73,2460934,Banking
2024-11-28,ASSET_C,41.47,1768226,Consumer
2024-11-28,ASSET_D,21.76,495084,Materials
2024-11-28,ASSET_E,55.26,1172117,Retail
2024-11-28,VNINDEX,796.32,0,Benchmark
2024-11-29,ASSET_A,248.38,1667176,Technology
2024-11-29,ASSET_B,119.9,2218329,Banking
2024-11-29,ASSET_C,41.62,504093,Consumer
2024-11-29,ASSET_D,21.72,1433120,Materials
2024-11-29,ASSET_E,56.04,1983053,Retail
2024-11-29,VNINDEX,796.94,0,Benchmark
2024-12-02,ASSET_A,243.31,408993,Technology
2024-12-02,ASSET_B,118.48,651223,Banking
2024-12-02,ASSET_C,41.72,1102558,Consumer
2024-12-02,ASSET_D,21.2,1146081,Materials
2024-12-02,ASSET_E,55.89,701932,Retail
2024-12-02,VNINDEX,787.96,0,Benchmark
2024-12-03,ASSET_A,245.28,435752,Technology
2024-12-03,ASSET_B,117.94,1044216,Banking
2024-12-03,ASSET_C,41.6,1298533,Consumer
2024-12-03,ASSET_D,21.53,1964669,Materials
2024-12-03,ASSET_E,56.15,1937502,Retail
2024-12-03,VNINDEX,790.4,0,Benchmark
2024-12-04,ASSET_A,242.54,1458841,Technology
2024-12-04,ASSET_B,117.36,1989592,Banking
2024-12-04,ASSET_C,41.57,1896258,Consumer
2024-12-04,ASSET_D,21.66,2003456,Materials
2024-12-04,ASSET_E,56.2,1936473,Retail
2024-12-04,VNINDEX,790.57,0,Benchmark
2024-12-05,ASSET_A,240.3,2440495,Technology
2024-12-05,ASSET_B,116.93,1545611,Banking
2024-12-05,ASSET_C,41.43,2178527,Consumer
2024-12-05,ASSET_D,21.61,857170,Materials
2024-12-05,ASSET_E,56.34,932953,Retail
2024-12-05,VNINDEX,790.93,0,Benchmark
2024-12-06,ASSET_A,245.09,1509460,Technology
2024-12-06,ASSET_B,117.7,1102084,Banking
2024-12-06,ASSET_C,41.46,1744695,Consumer
2024-12-06,ASSET_D,21.98,2399226,Materials
2024-12-06,ASSET_E,56.84,529477,Retail
2024-12-06,VNINDEX,795.68,0,Benchmark
2024-12-09,ASSET_A,240.77,1336450,Technology
2024-12-09,ASSET_B,115.44,1053499,Banking
2024-12-09,ASSET_C,40.9,1162760,Consumer
2024-12-09,ASSET_D,21.61,688084,Materials
2024-12-09,ASSET_E,56.07,2484963,Retail
2024-12-09,VNINDEX,786.59,0,Benchmark
2024-12-10,ASSET_A,238.12,1781572,Technology
2024-12-10,ASSET_B,114.18,645803,Banking
2024-12-10,ASSET_C,40.67,2054231,Consumer
2024-12-10,ASSET_D,21.03,2040508,Materials
2024-12-10,ASSET_E,55.15,560668,Retail
2024-12-10,VNINDEX,777.51,0,Benchmark
2024-12-11,ASSET_A,239.73,1558798,Technology
2024-12-11,ASSET_B,113.39,1098078,Banking
2024-12-11,ASSET_C,40.63,1861222,Consumer
2024-12-11,ASSET_D,21.24,1956744,Materials
2024-12-11,ASSET_E,55.62,1383658,Retail
2024-12-11,VNINDEX,778.96,0,Benchmark
2024-12-12,ASSET_A,240.92,1208316,Technology
2024-12-12,ASSET_B,112.37,1286060,Banking
2024-12-12,ASSET_C,41.12,2075884,Consumer
2024-12-12,ASSET_D,21.02,740862,Materials
2024-12-12,ASSET_E,55.64,402348,Retail
2024-12-12,VNINDEX,779.09,0,Benchmark
2024-12-13,ASSET_A,238.65,1635953,Technology
2024-12-13,ASSET_B,112.33,1273444,Banking
2024-12-13,ASSET_C,41.25,1637416,Consumer
2024-12-13,ASSET_D,21.02,1815030,Materials
2024-12-13,ASSET_E,56.05,1276645,Retail
2024-12-13,VNINDEX,780.06,0,Benchmark
2024-12-16,ASSET_A,237.56,406736,Technology
2024-12-16,ASSET_B,111.84,1552381,Banking
2024-12-16,ASSET_C,40.95,1758136,Consumer
2024-12-16,ASSET_D,21.0,967839,Materials
2024-12-16,ASSET_E,56.52,2124016,Retail
2024-12-16,VNINDEX,778.07,0,Benchmark
2024-12-17,ASSET_A,235.96,913424,Technology
2024-12-17,ASSET_B,111.5,973281,Banking
2024-12-17,ASSET_C,41.02,1129138,Consumer
2024-12-17,ASSET_D,21.16,975626,Materials
2024-12-17,ASSET_E,56.94,1453942,Retail
2024-12-17,VNINDEX,781.35,0,Benchmark
2024-12-18,ASSET_A,241.73,1815171,Technology
2024-12-18,ASSET_B,111.95,832519,Banking
2024-12-18,ASSET_C,41.05,1239663,Consumer
2024-12-18,ASSET_D,21.43,581698,Materials
2024-12-18,ASSET_E,57.38,903457,Retail
2024-12-18,VNINDEX,785.89,0,Benchmark
2024-12-19,ASSET_A,239.85,1117257,Technology
2024-12-19,ASSET_B,112.14,2263787,Banking
2024-12-19,ASSET_C,41.33,980450,Consumer
2024-12-19,ASSET_D,21.61,1967195,Materials
2024-12-19,ASSET_E,58.76,1227518,Retail
2024-12-19,VNINDEX,788.35,0,Benchmark
2024-12-20,ASSET_A,237.69,514011,Technology
2024-12-20,ASSET_B,111.69,1251065,Banking
2024-12-20,ASSET_C,40.93,939423,Consumer
2024-12-20,ASSET_D,21.67,2095885,Materials
2024-12-20,ASSET_E,58.77,593925,Retail
2024-12-20,VNINDEX,787.29,0,Benchmark
2024-12-23,ASSET_A,232.59,661326,Technology
2024-12-23,ASSET_B,110.0,934976,Banking
2024-12-23,ASSET_C,40.22,1770760,Consumer
2024-12-23,ASSET_D,21.25,1460483,Materials
2024-12-23,ASSET_E,57.67,1646638,Retail
2024-12-23,VNINDEX,777.6,0,Benchmark
2024-12-24,ASSET_A,231.39,2218957,Technology
2024-12-24,ASSET_B,110.26,1734919,Banking
2024-12-24,ASSET_C,40.26,1205698,Consumer
2024-12-24,ASSET_D,21.41,2029450,Materials
2024-12-24,ASSET_E,57.83,408618,Retail
2024-12-24,VNINDEX,781.36,0,Benchmark
2024-12-25,ASSET_A,235.67,1092112,Technology
2024-12-25,ASSET_B,112.31,1538866,Banking
2024-12-25,ASSET_C,40.66,680610,Consumer
2024-12-25,ASSET_D,21.32,1132054,Materials
2024-12-25,ASSET_E,58.84,1134211,Retail
2024-12-25,VNINDEX,787.26,0,Benchmark
2024-12-26,ASSET_A,240.92,447573,Technology
2024-12-26,ASSET_B,113.23,1610540,Banking
2024-12-26,ASSET_C,41.07,473624,Consumer
2024-12-26,ASSET_D,21.69,1586800,Materials
2024-12-26,ASSET_E,58.57,527469,Retail
2024-12-26,VNINDEX,790.47,0,Benchmark
2024-12-27,ASSET_A,238.71,1930491,Technology
2024-12-27,ASSET_B,111.96,865182,Banking
2024-12-27,ASSET_C,41.19,2206257,Consumer
2024-12-27,ASSET_D,21.33,2052472,Materials
2024-12-27,ASSET_E,58.0,903884,Retail
2024-12-27,VNINDEX,786.5,0,Benchmark
2024-12-30,ASSET_A,237.63,1513997,Technology
2024-12-30,ASSET_B,112.65,1918637,Banking
2024-12-30,ASSET_C,41.45,1314181,Consumer
2024-12-30,ASSET_D,21.36,1304696,Materials
2024-12-30,ASSET_E,58.66,541609,Retail
2024-12-30,VNINDEX,789.85,0,Benchmark
2024-12-31,ASSET_A,235.3,1347911,Technology
2024-12-31,ASSET_B,113.52,803816,Banking
2024-12-31,ASSET_C,41.62,1610531,Consumer
2024-12-31,ASSET_D,21.25,1695243,Materials
2024-12-31,ASSET_E,58.86,2348789,Retail
2024-12-31,VNINDEX,794.1,0,Benchmark
2025-01-01,ASSET_A,237.48,2279327,Technology
2025-01-01,ASSET_B,115.75,2156449,Banking
2025-01-01,ASSET_C,42.13,2300180,Consumer
2025-01-01,ASSET_D,21.34,704677,Materials
2025-01-01,ASSET_E,59.35,2021260,Retail
2025-01-01,VNINDEX,801.71,0,Benchmark
2025-01-02,ASSET_A,235.58,1058821,Technology
2025-01-02,ASSET_B,114.6,1290505,Banking
2025-01-02,ASSET_C,41.7,634157,Consumer
2025-01-02,ASSET_D,21.23,1465263,Materials
2025-01-02,ASSET_E,59.48,2348439,Retail
2025-01-02,VNINDEX,797.7,0,Benchmark
2025-01-03,ASSET_A,234.18,1602228,Technology
2025-01-03,ASSET_B,114.94,1259194,Banking
2025-01-03,ASSET_C,41.27,2368516,Consumer
2025-01-03,ASSET_D,21.11,2186878,Materials
2025-01-03,ASSET_E,59.14,1834465,Retail
2025-01-03,VNINDEX,796.79,0,Benchmark
2025-01-06,ASSET_A,235.82,1964291,Technology
2025-01-06,ASSET_B,115.67,1215830,Banking
2025-01-06,ASSET_C,41.53,1877408,Consumer
2025-01-06,ASSET_D,21.42,2023524,Materials
2025-01-06,ASSET_E,58.84,1442115,Retail
2025-01-06,VNINDEX,800.54,0,Benchmark
2025-01-07,ASSET_A,236.64,1677675,Technology
2025-01-07,ASSET_B,116.77,1288231,Banking
2025-01-07,ASSET_C,41.33,1744332,Consumer
2025-01-07,ASSET_D,21.47,1030275,Materials
2025-01-07,ASSET_E,58.34,765499,Retail
2025-01-07,VNINDEX,800.99,0,Benchmark
2025-01-08,ASSET_A,235.44,836744,Technology
2025-01-08,ASSET_B,116.68,1797167,Banking
2025-01-08,ASSET_C,41.09,1305336,Consumer
2025-01-08,ASSET_D,21.24,1544139,Materials
2025-01-08,ASSET_E,58.2,2420509,Retail
2025-01-08,VNINDEX,795.83,0,Benchmark
2025-01-09,ASSET_A,235.63,1831382,Technology
2025-01-09,ASSET_B,117.22,1443053,Banking
2025-01-09,ASSET_C,41.21,1883086,Consumer
2025-01-09,ASSET_D,21.28,1701304,Materials
2025-01-09,ASSET_E,58.45,2326791,Retail
2025-01-09,VNINDEX,797.98,0,Benchmark
2025-01-10,ASSET_A,234.78,1961139,Technology
2025-01-10,ASSET_B,117.6,666305,Banking
2025-01-10,ASSET_C,41.39,828570,Consumer
2025-01-10,ASSET_D,21.58,2370922,Materials
2025-01-10,ASSET_E,58.39,1273006,Retail
2025-01-10,VNINDEX,800.93,0,Benchmark
2025-01-13,ASSET_A,236.1,657058,Technology
2025-01-13,ASSET_B,118.07,1589342,Banking
2025-01-13,ASSET_C,41.62,1034503,Consumer
2025-01-13,ASSET_D,21.75,2140560,Materials
2025-01-13,ASSET_E,58.0,873785,Retail
2025-01-13,VNINDEX,801.52,0,Benchmark
2025-01-14,ASSET_A,236.54,747441,Technology
2025-01-14,ASSET_B,118.18,960713,Banking
2025-01-14,ASSET_C,41.85,2418245,Consumer
2025-01-14,ASSET_D,21.59,2117916,Materials
2025-01-14,ASSET_E,57.98,1213495,Retail
2025-01-14,VNINDEX,802.75,0,Benchmark
2025-01-15,ASSET_A,237.68,1817346,Technology
2025-01-15,ASSET_B,119.14,627477,Banking
2025-01-15,ASSET_C,41.85,979174,Consumer
2025-01-15,ASSET_D,21.44,1980811,Materials
2025-01-15,ASSET_E,58.33,1227646,Retail
2025-01-15,VNINDEX,801.69,0,Benchmark
2025-01-16,ASSET_A,241.54,649858,Technology
2025-01-16,ASSET_B,120.61,2163855,Banking
2025-01-16,ASSET_C,42.08,1911260,Consumer
2025-01-16,ASSET_D,21.73,1152193,Materials
2025-01-16,ASSET_E,58.51,2325502,Retail
2025-01-16,VNINDEX,808.99,0,Benchmark
2025-01-17,ASSET_A,237.67,2248745,Technology
2025-01-17,ASSET_B,119.52,1056534,Banking
2025-01-17,ASSET_C,41.92,2353601,Consumer
2025-01-17,ASSET_D,21.67,1191721,Materials
2025-01-17,ASSET_E,57.98,540416,Retail
2025-01-17,VNINDEX,804.82,0,Benchmark
2025-01-20,ASSET_A,234.35,630091,Technology
2025-01-20,ASSET_B,118.68,1649591,Banking
2025-01-20,ASSET_C,41.67,1645286,Consumer
2025-01-20,ASSET_D,21.41,1376330,Materials
2025-01-20,ASSET_E,57.35,1729125,Retail
2025-01-20,VNINDEX,802.17,0,Benchmark
2025-01-21,ASSET_A,233.17,2445863,Technology
2025-01-21,ASSET_B,117.89,760972,Banking
2025-01-21,ASSET_C,41.64,1025104,Consumer
2025-01-21,ASSET_D,21.55,1294630,Materials
2025-01-21,ASSET_E,57.23,2013935,Retail
2025-01-21,VNINDEX,802.4,0,Benchmark
2025-01-22,ASSET_A,232.87,1810179,Technology
2025-01-22,ASSET_B,119.12,1112542,Banking
2025-01-22,ASSET_C,42.41,2182621,Consumer
2025-01-22,ASSET_D,21.52,2410399,Materials
2025-01-22,ASSET_E,57.65,2001286,Retail
2025-01-22,VNINDEX,806.81,0,Benchmark
2025-01-23,ASSET_A,231.79,1330409,Technology
2025-01-23,ASSET_B,117.21,1210290,Banking
2025-01-23,ASSET_C,42.13,2135098,Consumer
2025-01-23,ASSET_D,21.55,2238223,Materials
2025-01-23,ASSET_E,57.97,805728,Retail
2025-01-23,VNINDEX,799.78,0,Benchmark
2025-01-24,ASSET_A,230.34,963629,Technology
2025-01-24,ASSET_B,116.8,681184,Banking
2025-01-24,ASSET_C,41.96,1542126,Consumer
2025-01-24,ASSET_D,21.47,2279929,Materials
2025-01-24,ASSET_E,57.63,1266762,Retail
2025-01-24,VNINDEX,793.69,0,Benchmark
2025-01-27,ASSET_A,228.98,1123460,Technology
2025-01-27,ASSET_B,114.12,2444043,Banking
2025-01-27,ASSET_C,41.38,641325,Consumer
2025-01-27,ASSET_D,21.01,1675844,Materials
2025-01-27,ASSET_E,56.96,1118305,Retail
2025-01-27,VNINDEX,784.22,0,Benchmark
2025-01-28,ASSET_A,229.75,1971878,Technology
2025-01-28,ASSET_B,114.27,1054361,Banking
2025-01-28,ASSET_C,41.61,1327088,Consumer
2025-01-28,ASSET_D,20.92,801489,Materials
2025-01-28,ASSET_E,57.3,1254703,Retail
2025-01-28,VNINDEX,784.55,0,Benchmark
2025-01-29,ASSET_A,228.38,1981950,Technology
2025-01-29,ASSET_B,114.07,1623735,Banking
2025-01-29,ASSET_C,41.55,1306438,Consumer
2025-01-29,ASSET_D,20.69,701842,Materials
2025-01-29,ASSET_E,57.21,582862,Retail
2025-01-29,VNINDEX,779.47,0,Benchmark
2025-01-30,ASSET_A,229.8,838183,Technology
2025-01-30,ASSET_B,112.34,1587590,Banking
2025-01-30,ASSET_C,41.64,797838,Consumer
2025-01-30,ASSET_D,20.67,976038,Materials
2025-01-30,ASSET_E,56.88,574937,Retail
2025-01-30,VNINDEX,777.84,0,Benchmark
2025-01-31,ASSET_A,231.69,1540036,Technology
2025-01-31,ASSET_B,114.3,1301701,Banking
2025-01-31,ASSET_C,41.84,1244440,Consumer
2025-01-31,ASSET_D,20.73,1767110,Materials
2025-01-31,ASSET_E,57.97,450723,Retail
2025-01-31,VNINDEX,781.11,0,Benchmark
2025-02-03,ASSET_A,230.84,2485166,Technology
2025-02-03,ASSET_B,113.47,1629777,Banking
2025-02-03,ASSET_C,41.94,722119,Consumer
2025-02-03,ASSET_D,20.46,1165283,Materials
2025-02-03,ASSET_E,57.76,2430162,Retail
2025-02-03,VNINDEX,778.28,0,Benchmark
2025-02-04,ASSET_A,233.74,940339,Technology
2025-02-04,ASSET_B,113.81,1588467,Banking
2025-02-04,ASSET_C,42.27,1854387,Consumer
2025-02-04,ASSET_D,20.26,1775897,Materials
2025-02-04,ASSET_E,57.94,1275267,Retail
2025-02-04,VNINDEX,779.53,0,Benchmark
2025-02-05,ASSET_A,233.51,1856149,Technology
2025-02-05,ASSET_B,113.96,568139,Banking
2025-02-05,ASSET_C,42.28,1307135,Consumer
2025-02-05,ASSET_D,20.32,2247682,Materials
2025-02-05,ASSET_E,58.06,878713,Retail
2025-02-05,VNINDEX,778.3,0,Benchmark
2025-02-06,ASSET_A,234.15,761531,Technology
2025-02-06,ASSET_B,115.08,1805060,Banking
2025-02-06,ASSET_C,42.41,1934151,Consumer
2025-02-06,ASSET_D,20.46,1102223,Materials
2025-02-06,ASSET_E,58.43,2075138,Retail
2025-02-06,VNINDEX,781.63,0,Benchmark
2025-02-07,ASSET_A,233.56,2151576,Technology
2025-02-07,ASSET_B,115.73,639838,Banking
2025-02-07,ASSET_C,42.72,1357546,Consumer
2025-02-07,ASSET_D,20.54,2347576,Materials
2025-02-07,ASSET_E,59.19,1437960,Retail
2025-02-07,VNINDEX,784.04,0,Benchmark
2025-02-10,ASSET_A,233.69,757483,Technology
2025-02-10,ASSET_B,115.82,1313402,Banking
2025-02-10,ASSET_C,42.37,1898985,Consumer
2025-02-10,ASSET_D,20.5,1475050,Materials
2025-02-10,ASSET_E,58.74,1165539,Retail
2025-02-10,VNINDEX,780.95,0,Benchmark
2025-02-11,ASSET_A,235.56,1024998,Technology
2025-02-11,ASSET_B,116.05,1165896,Banking
2025-02-11,ASSET_C,42.19,1939956,Consumer
2025-02-11,ASSET_D,20.38,2084914,Materials
2025-02-11,ASSET_E,59.0,640681,Retail
2025-02-11,VNINDEX,780.33,0,Benchmark
2025-02-12,ASSET_A,237.25,1364271,Technology
2025-02-12,ASSET_B,118.26,1340190,Banking
2025-02-12,ASSET_C,42.41,736453,Consumer
2025-02-12,ASSET_D,20.55,525593,Materials
2025-02-12,ASSET_E,59.43,1210667,Retail
2025-02-12,VNINDEX,785.43,0,Benchmark
2025-02-13,ASSET_A,240.21,1178378,Technology
2025-02-13,ASSET_B,119.03,550996,Banking
2025-02-13,ASSET_C,42.11,1328378,Consumer
2025-02-13,ASSET_D,21.04,978987,Materials
2025-02-13,ASSET_E,59.96,1758602,Retail
2025-02-13,VNINDEX,787.47,0,Benchmark
2025-02-14,ASSET_A,234.59,757261,Technology
2025-02-14,ASSET_B,119.14,1872942,Banking
2025-02-14,ASSET_C,42.0,1974946,Consumer
2025-02-14,ASSET_D,21.06,2354855,Materials
2025-02-14,ASSET_E,59.41,1709213,Retail
2025-02-14,VNINDEX,781.03,0,Benchmark
2025-02-17,ASSET_A,235.63,1746072,Technology
2025-02-17,ASSET_B,120.43,1278988,Banking
2025-02-17,ASSET_C,41.94,1645634,Consumer
2025-02-17,ASSET_D,21.1,2262836,Materials
2025-02-17,ASSET_E,59.51,1220838,Retail
2025-02-17,VNINDEX,784.3,0,Benchmark
2025-02-18,ASSET_A,233.85,441409,Technology
2025-02-18,ASSET_B,118.17,527811,Banking
2025-02-18,ASSET_C,41.61,865497,Consumer
2025-02-18,ASSET_D,20.87,1599010,Materials
2025-02-18,ASSET_E,59.44,1687397,Retail
2025-02-18,VNINDEX,779.34,0,Benchmark
2025-02-19,ASSET_A,234.98,2465396,Technology
2025-02-19,ASSET_B,121.38,407419,Banking
2025-02-19,ASSET_C,41.88,2148288,Consumer
2025-02-19,ASSET_D,20.58,469050,Materials
2025-02-19,ASSET_E,60.08,2012089,Retail
2025-02-19,VNINDEX,786.21,0,Benchmark
2025-02-20,ASSET_A,240.84,509386,Technology
2025-02-20,ASSET_B,121.99,1534169,Banking
2025-02-20,ASSET_C,42.11,819779,Consumer
2025-02-20,ASSET_D,20.9,525446,Materials
2025-02-20,ASSET_E,60.12,2353616,Retail
2025-02-20,VNINDEX,791.27,0,Benchmark
2025-02-21,ASSET_A,241.28,1101110,Technology
2025-02-21,ASSET_B,123.39,1799139,Banking
2025-02-21,ASSET_C,42.11,2486002,Consumer
2025-02-21,ASSET_D,21.08,1287887,Materials
2025-02-21,ASSET_E,60.77,1509595,Retail
2025-02-21,VNINDEX,792.84,0,Benchmark
2025-02-24,ASSET_A,240.89,2352757,Technology
2025-02-24,ASSET_B,123.6,1549388,Banking
2025-02-24,ASSET_C,42.14,1884389,Consumer
2025-02-24,ASSET_D,21.01,2285844,Materials
2025-02-24,ASSET_E,61.13,878345,Retail
2025-02-24,VNINDEX,793.77,0,Benchmark
2025-02-25,ASSET_A,240.64,725672,Technology
2025-02-25,ASSET_B,124.21,1912940,Banking
2025-02-25,ASSET_C,42.08,1077303,Consumer
2025-02-25,ASSET_D,20.74,1193020,Materials
2025-02-25,ASSET_E,61.04,671906,Retail
2025-02-25,VNINDEX,792.94,0,Benchmark
2025-02-26,ASSET_A,238.36,553218,Technology
2025-02-26,ASSET_B,124.4,1989179,Banking
2025-02-26,ASSET_C,42.14,808580,Consumer
2025-02-26,ASSET_D,20.64,2256553,Materials
2025-02-26,ASSET_E,61.1,731170,Retail
2025-02-26,VNINDEX,796.39,0,Benchmark
2025-02-27,ASSET_A,236.49,1962225,Technology
2025-02-27,ASSET_B,124.54,2231129,Banking
2025-02-27,ASSET_C,41.9,2294104,Consumer
2025-02-27,ASSET_D,20.67,1524003,Materials
2025-02-27,ASSET_E,61.13,422555,Retail
2025-02-27,VNINDEX,794.77,0,Benchmark
2025-02-28,ASSET_A,238.64,553679,Technology
2025-02-28,ASSET_B,124.62,2463553,Banking
2025-02-28,ASSET_C,42.2,1499338,Consumer
2025-02-28,ASSET_D,20.69,683093,Materials
2025-02-28,ASSET_E,61.5,1572014,Retail
2025-02-28,VNINDEX,796.08,0,Benchmark
2025-03-03,ASSET_A,239.07,2289158,Technology
2025-03-03,ASSET_B,126.7,2258067,Banking
2025-03-03,ASSET_C,41.93,2092706,Consumer
2025-03-03,ASSET_D,20.93,1577345,Materials
2025-03-03,ASSET_E,61.17,846142,Retail
2025-03-03,VNINDEX,800.49,0,Benchmark
2025-03-04,ASSET_A,236.75,1347495,Technology
2025-03-04,ASSET_B,126.5,2071085,Banking
2025-03-04,ASSET_C,41.77,2146529,Consumer
2025-03-04,ASSET_D,20.88,1165069,Materials
2025-03-04,ASSET_E,61.14,874790,Retail
2025-03-04,VNINDEX,797.94,0,Benchmark
2025-03-05,ASSET_A,238.05,2225596,Technology
2025-03-05,ASSET_B,126.63,1305041,Banking
2025-03-05,ASSET_C,41.54,542814,Consumer
2025-03-05,ASSET_D,20.97,873349,Materials
2025-03-05,ASSET_E,61.2,1921127,Retail
2025-03-05,VNINDEX,795.12,0,Benchmark
2025-03-06,ASSET_A,238.45,914710,Technology
2025-03-06,ASSET_B,123.86,1457956,Banking
2025-03-06,ASSET_C,41.38,1835956,Consumer
2025-03-06,ASSET_D,20.87,1817750,Materials
2025-03-06,ASSET_E,59.85,1071328,Retail
2025-03-06,VNINDEX,789.52,0,Benchmark
2025-03-07,ASSET_A,237.63,696386,Technology
2025-03-07,ASSET_B,122.79,1693696,Banking
2025-03-07,ASSET_C,40.84,1101733,Consumer
2025-03-07,ASSET_D,20.88,829566,Materials
2025-03-07,ASSET_E,59.57,2139879,Retail
2025-03-07,VNINDEX,784.57,0,Benchmark
2025-03-10,ASSET_A,233.87,2421657,Technology
2025-03-10,ASSET_B,121.35,755851,Banking
2025-03-10,ASSET_C,40.36,2306208,Consumer
2025-03-10,ASSET_D,20.29,2301526,Materials
2025-03-10,ASSET_E,59.22,687780,Retail
2025-03-10,VNINDEX,776.02,0,Benchmark
2025-03-11,ASSET_A,234.72,2000566,Technology
2025-03-11,ASSET_B,122.26,1823068,Banking
2025-03-11,ASSET_C,40.5,859990,Consumer
2025-03-11,ASSET_D,20.18,2087489,Materials
2025-03-11,ASSET_E,59.72,1116803,Retail
2025-03-11,VNINDEX,779.67,0,Benchmark
2025-03-12,ASSET_A,236.4,2313070,Technology
2025-03-12,ASSET_B,124.78,1635348,Banking
2025-03-12,ASSET_C,41.12,470416,Consumer
2025-03-12,ASSET_D,20.36,2042308,Materials
2025-03-12,ASSET_E,60.69,508318,Retail
2025-03-12,VNINDEX,788.53,0,Benchmark
2025-03-13,ASSET_A,237.11,1071764,Technology
2025-03-13,ASSET_B,125.97,1492409,Banking
2025-03-13,ASSET_C,41.51,1795206,Consumer
2025-03-13,ASSET_D,20.73,560013,Materials
2025-03-13,ASSET_E,61.07,1525442,Retail
2025-03-13,VNINDEX,795.62,0,Benchmark
2025-03-14,ASSET_A,232.67,1249960,Technology
2025-03-14,ASSET_B,124.41,2152027,Banking
2025-03-14,ASSET_C,40.91,1559242,Consumer
2025-03-14,ASSET_D,20.85,2417484,Materials
2025-03-14,ASSET_E,60.09,662178,Retail
2025-03-14,VNINDEX,787.9,0,Benchmark
2025-03-17,ASSET_A,232.87,1612167,Technology
2025-03-17,ASSET_B,126.06,1843048,Banking
2025-03-17,ASSET_C,40.96,1566128,Consumer
2025-03-17,ASSET_D,20.92,1435900,Materials
2025-03-17,ASSET_E,59.64,904027,Retail
2025-03-17,VNINDEX,791.59,0,Benchmark
2025-03-18,ASSET_A,233.5,1342336,Technology
2025-03-18,ASSET_B,125.81,2358069,Banking
2025-03-18,ASSET_C,41.47,952949,Consumer
2025-03-18,ASSET_D,21.01,1939194,Materials
2025-03-18,ASSET_E,60.59,1944508,Retail
2025-03-18,VNINDEX,798.71,0,Benchmark
2025-03-19,ASSET_A,230.14,909594,Technology
2025-03-19,ASSET_B,125.83,2450673,Banking
2025-03-19,ASSET_C,41.12,1439187,Consumer
2025-03-19,ASSET_D,20.62,802457,Materials
2025-03-19,ASSET_E,60.72,2248930,Retail
2025-03-19,VNINDEX,796.65,0,Benchmark
2025-03-20,ASSET_A,230.74,1187738,Technology
2025-03-20,ASSET_B,125.71,2133151,Banking
2025-03-20,ASSET_C,41.13,2424849,Consumer
2025-03-20,ASSET_D,20.78,2012944,Materials
2025-03-20,ASSET_E,61.25,1545416,Retail
2025-03-20,VNINDEX,797.32,0,Benchmark
2025-03-21,ASSET_A,227.92,1678390,Technology
2025-03-21,ASSET_B,123.06,1025606,Banking
2025-03-21,ASSET_C,40.7,2003483,Consumer
2025-03-21,ASSET_D,20.42,1071091,Materials
2025-03-21,ASSET_E,60.25,2426935,Retail
2025-03-21,VNINDEX,787.68,0,Benchmark
2025-03-24,ASSET_A,231.3,479518,Technology
2025-03-24,ASSET_B,123.61,796834,Banking
2025-03-24,ASSET_C,40.68,2468250,Consumer
2025-03-24,ASSET_D,20.98,1884890,Materials
2025-03-24,ASSET_E,60.68,1989009,Retail
2025-03-24,VNINDEX,789.15,0,Benchmark
2025-03-25,ASSET_A,228.49,1105480,Technology
2025-03-25,ASSET_B,123.51,1028552,Banking
2025-03-25,ASSET_C,41.05,1099948,Consumer
2025-03-25,ASSET_D,20.71,982318,Materials
2025-03-25,ASSET_E,59.71,1981174,Retail
2025-03-25,VNINDEX,784.15,0,Benchmark
2025-03-26,ASSET_A,229.37,1014978,Technology
2025-03-26,ASSET_B,124.52,1896409,Banking
2025-03-26,ASSET_C,41.01,2227425,Consumer
2025-03-26,ASSET_D,21.11,2357963,Materials
2025-03-26,ASSET_E,59.45,2480269,Retail
2025-03-26,VNINDEX,785.3,0,Benchmark
2025-03-27,ASSET_A,227.42,547675,Technology
2025-03-27,ASSET_B,122.9,2215018,Banking
2025-03-27,ASSET_C,40.78,1203779,Consumer
2025-03-27,ASSET_D,21.04,1887896,Materials
2025-03-27,ASSET_E,58.97,586662,Retail
2025-03-27,VNINDEX,777.91,0,Benchmark
2025-03-28,ASSET_A,227.93,657614,Technology
2025-03-28,ASSET_B,124.13,2248325,Banking
2025-03-28,ASSET_C,40.74,2364890,Consumer
2025-03-28,ASSET_D,20.93,1349787,Materials
2025-03-28,ASSET_E,59.43,887613,Retail
2025-03-28,VNINDEX,780.7,0,Benchmark
2025-03-31,ASSET_A,230.93,1440927,Technology
2025-03-31,ASSET_B,125.86,1836362,Banking
2025-03-31,ASSET_C,41.09,2217831,Consumer
2025-03-31,ASSET_D,21.12,1357643,Materials
2025-03-31,ASSET_E,60.49,1317949,Retail
2025-03-31,VNINDEX,785.86,0,Benchmark
2025-04-01,ASSET_A,231.03,614977,Technology
2025-04-01,ASSET_B,125.04,1830135,Banking
2025-04-01,ASSET_C,41.12,745747,Consumer
2025-04-01,ASSET_D,21.15,400550,Materials
2025-04-01,ASSET_E,60.12,1698502,Retail
2025-04-01,VNINDEX,782.21,0,Benchmark
2025-04-02,ASSET_A,229.77,1124299,Technology
2025-04-02,ASSET_B,123.41,2399069,Banking
2025-04-02,ASSET_C,40.75,2441637,Consumer
2025-04-02,ASSET_D,20.96,1028827,Materials
2025-04-02,ASSET_E,59.38,2480061,Retail
2025-04-02,VNINDEX,776.87,0,Benchmark
2025-04-03,ASSET_A,225.88,1577809,Technology
2025-04-03,ASSET_B,120.84,1840079,Banking
2025-04-03,ASSET_C,40.28,1675471,Consumer
2025-04-03,ASSET_D,20.82,2057402,Materials
2025-04-03,ASSET_E,58.28,607930,Retail
2025-04-03,VNINDEX,766.67,0,Benchmark
2025-04-04,ASSET_A,224.9,2235071,Technology
2025-04-04,ASSET_B,121.23,696044,Banking
2025-04-04,ASSET_C,40.04,2030350,Consumer
2025-04-04,ASSET_D,20.93,2145839,Materials
2025-04-04,ASSET_E,57.93,881708,Retail
2025-04-04,VNINDEX,765.57,0,Benchmark
2025-04-07,ASSET_A,221.74,607406,Technology
2025-04-07,ASSET_B,120.66,1450340,Banking
2025-04-07,ASSET_C,39.67,1615958,Consumer
2025-04-07,ASSET_D,20.96,2499357,Materials
2025-04-07,ASSET_E,58.62,1026178,Retail
2025-04-07,VNINDEX,762.96,0,Benchmark
2025-04-08,ASSET_A,218.02,1312752,Technology
2025-04-08,ASSET_B,118.42,1153220,Banking
2025-04-08,ASSET_C,39.58,855849,Consumer
2025-04-08,ASSET_D,20.75,580169,Materials
2025-04-08,ASSET_E,58.39,1807990,Retail
2025-04-08,VNINDEX,755.76,0,Benchmark
2025-04-09,ASSET_A,217.77,616155,Technology
2025-04-09,ASSET_B,117.67,1737650,Banking
2025-04-09,ASSET_C,39.56,2467967,Consumer
2025-04-09,ASSET_D,20.61,926544,Materials
2025-04-09,ASSET_E,59.01,2398546,Retail
2025-04-09,VNINDEX,758.08,0,Benchmark
2025-04-10,ASSET_A,215.3,1300003,Technology
2025-04-10,ASSET_B,117.87,1735251,Banking
2025-04-10,ASSET_C,38.96,636568,Consumer
2025-04-10,ASSET_D,20.54,2009357,Materials
2025-04-10,ASSET_E,58.77,2370983,Retail
2025-04-10,VNINDEX,756.11,0,Benchmark
2025-04-11,ASSET_A,214.4,1409078,Technology
2025-04-11,ASSET_B,116.49,1018199,Banking
2025-04-11,ASSET_C,39.12,2098831,Consumer
2025-04-11,ASSET_D,20.43,1158824,Materials
2025-04-11,ASSET_E,58.4,1970041,Retail
2025-04-11,VNINDEX,751.18,0,Benchmark
2025-04-14,ASSET_A,215.52,2078456,Technology
2025-04-14,ASSET_B,116.23,1029364,Banking
2025-04-14,ASSET_C,38.84,839330,Consumer
2025-04-14,ASSET_D,20.04,921456,Materials
2025-04-14,ASSET_E,58.5,2023727,Retail
2025-04-14,VNINDEX,748.73,0,Benchmark
2025-04-15,ASSET_A,215.78,1328792,Technology
2025-04-15,ASSET_B,118.18,586501,Banking
2025-04-15,ASSET_C,39.02,2049882,Consumer
2025-04-15,ASSET_D,20.22,990887,Materials
2025-04-15,ASSET_E,58.68,1272648,Retail
2025-04-15,VNINDEX,753.96,0,Benchmark
2025-04-16,ASSET_A,217.24,2364579,Technology
2025-04-16,ASSET_B,117.85,1015825,Banking
2025-04-16,ASSET_C,39.5,1287798,Consumer
2025-04-16,ASSET_D,20.29,2327840,Materials
2025-04-16,ASSET_E,58.79,1678606,Retail
2025-04-16,VNINDEX,757.0,0,Benchmark
2025-04-17,ASSET_A,215.4,689033,Technology
2025-04-17,ASSET_B,117.72,2138201,Banking
2025-04-17,ASSET_C,39.45,896673,Consumer
2025-04-17,ASSET_D,20.05,2201557,Materials
2025-04-17,ASSET_E,58.49,758942,Retail
2025-04-17,VNINDEX,756.55,0,Benchmark
2025-04-18,ASSET_A,215.93,511634,Technology
2025-04-18,ASSET_B,118.23,1775774,Banking
2025-04-18,ASSET_C,39.56,897063,Consumer
2025-04-18,ASSET_D,20.08,411674,Materials
2025-04-18,ASSET_E,58.54,1464080,Retail
2025-04-18,VNINDEX,759.68,0,Benchmark
2025-04-21,ASSET_A,213.05,409342,Technology
2025-04-21,ASSET_B,117.42,2380603,Banking
2025-04-21,ASSET_C,39.05,1071126,Consumer
2025-04-21,ASSET_D,19.88,2165213,Materials
2025-04-21,ASSET_E,58.16,1014569,Retail
2025-04-21,VNINDEX,754.29,0,Benchmark
2025-04-22,ASSET_A,214.13,1149166,Technology
2025-04-22,ASSET_B,118.39,2345270,Banking
2025-04-22,ASSET_C,38.72,2292186,Consumer
2025-04-22,ASSET_D,20.22,1568993,Materials
2025-04-22,ASSET_E,57.86,2350510,Retail
2025-04-22,VNINDEX,754.61,0,Benchmark
2025-04-23,ASSET_A,213.31,805246,Technology
2025-04-23,ASSET_B,117.59,2199326,Banking
2025-04-23,ASSET_C,38.72,2015690,Consumer
2025-04-23,ASSET_D,20.28,2173403,Materials
2025-04-23,ASSET_E,58.03,1171779,Retail
2025-04-23,VNINDEX,755.48,0,Benchmark
2025-04-24,ASSET_A,214.28,592326,Technology
2025-04-24,ASSET_B,117.59,777341,Banking
2025-04-24,ASSET_C,38.7,1808518,Consumer
2025-04-24,ASSET_D,20.4,1706756,Materials
2025-04-24,ASSET_E,58.0,1228940,Retail
2025-04-24,VNINDEX,753.39,0,Benchmark
2025-04-25,ASSET_A,214.61,895373,Technology
2025-04-25,ASSET_B,118.81,1101218,Banking
2025-04-25,ASSET_C,38.87,1722631,Consumer
2025-04-25,ASSET_D,20.45,1845552,Materials
2025-04-25,ASSET_E,58.09,1245845,Retail
2025-04-25,VNINDEX,755.65,0,Benchmark
2025-04-28,ASSET_A,212.39,2447472,Technology
2025-04-28,ASSET_B,117.94,520715,Banking
2025-04-28,ASSET_C,38.61,1275131,Consumer
2025-04-28,ASSET_D,20.02,1612330,Materials
2025-04-28,ASSET_E,57.5,2292664,Retail
2025-04-28,VNINDEX,752.06,0,Benchmark
2025-04-29,ASSET_A,211.21,2080521,Technology
2025-04-29,ASSET_B,118.37,596413,Banking
2025-04-29,ASSET_C,38.73,2293133,Consumer
2025-04-29,ASSET_D,20.21,1942749,Materials
2025-04-29,ASSET_E,57.73,2358304,Retail
2025-04-29,VNINDEX,754.68,0,Benchmark
2025-04-30,ASSET_A,212.53,439003,Technology
2025-04-30,ASSET_B,119.26,885230,Banking
2025-04-30,ASSET_C,38.46,975004,Consumer
2025-04-30,ASSET_D,20.17,2111532,Materials
2025-04-30,ASSET_E,57.73,1305211,Retail
2025-04-30,VNINDEX,757.52,0,Benchmark
2025-05-01,ASSET_A,209.5,2322420,Technology
2025-05-01,ASSET_B,116.68,988290,Banking
2025-05-01,ASSET_C,37.95,2380153,Consumer
2025-05-01,ASSET_D,19.73,1467322,Materials
2025-05-01,ASSET_E,56.75,2490989,Retail
2025-05-01,VNINDEX,743.66,0,Benchmark
2025-05-02,ASSET_A,211.84,831035,Technology
2025-05-02,ASSET_B,118.31,432320,Banking
2025-05-02,ASSET_C,38.24,1199388,Consumer
2025-05-02,ASSET_D,19.71,635544,Materials
2025-05-02,ASSET_E,57.61,1988744,Retail
2025-05-02,VNINDEX,749.53,0,Benchmark
2025-05-05,ASSET_A,210.77,1252483,Technology
2025-05-05,ASSET_B,115.78,2169954,Banking
2025-05-05,ASSET_C,38.04,1117014,Consumer
2025-05-05,ASSET_D,19.33,595478,Materials
2025-05-05,ASSET_E,56.07,2177546,Retail
2025-05-05,VNINDEX,735.16,0,Benchmark
2025-05-06,ASSET_A,212.19,1088036,Technology
2025-05-06,ASSET_B,114.51,1506711,Banking
2025-05-06,ASSET_C,37.92,1399706,Consumer
2025-05-06,ASSET_D,19.43,1272667,Materials
2025-05-06,ASSET_E,56.73,2322999,Retail
2025-05-06,VNINDEX,732.42,0,Benchmark
2025-05-07,ASSET_A,213.35,1250556,Technology
2025-05-07,ASSET_B,116.25,1777210,Banking
2025-05-07,ASSET_C,37.94,1971953,Consumer
2025-05-07,ASSET_D,19.73,1394060,Materials
2025-05-07,ASSET_E,57.07,1098290,Retail
2025-05-07,VNINDEX,737.43,0,Benchmark
2025-05-08,ASSET_A,212.39,1997520,Technology
2025-05-08,ASSET_B,116.83,1772467,Banking
2025-05-08,ASSET_C,37.87,1899026,Consumer
2025-05-08,ASSET_D,19.97,2213847,Materials
2025-05-08,ASSET_E,57.13,1556350,Retail
2025-05-08,VNINDEX,736.09,0,Benchmark
2025-05-09,ASSET_A,210.9,1896210,Technology
2025-05-09,ASSET_B,115.57,2430057,Banking
2025-05-09,ASSET_C,37.5,2010101,Consumer
2025-05-09,ASSET_D,20.08,469594,Materials
2025-05-09,ASSET_E,56.33,998664,Retail
2025-05-09,VNINDEX,729.31,0,Benchmark
2025-05-12,ASSET_A,207.89,1647479,Technology
2025-05-12,ASSET_B,113.47,709397,Banking
2025-05-12,ASSET_C,37.37,587617,Consumer
2025-05-12,ASSET_D,19.58,2266344,Materials
2025-05-12,ASSET_E,56.42,1050747,Retail
2025-05-12,VNINDEX,724.32,0,Benchmark
2025-05-13,ASSET_A,211.44,1716536,Technology
2025-05-13,ASSET_B,114.4,1119630,Banking
2025-05-13,ASSET_C,37.6,738224,Consumer
2025-05-13,ASSET_D,19.51,515782,Materials
2025-05-13,ASSET_E,56.74,1375085,Retail
2025-05-13,VNINDEX,729.32,0,Benchmark
2025-05-14,ASSET_A,209.07,1927806,Technology
2025-05-14,ASSET_B,112.73,1047602,Banking
2025-05-14,ASSET_C,36.95,2182549,Consumer
2025-05-14,ASSET_D,18.96,1446523,Materials
2025-05-14,ASSET_E,55.92,507072,Retail
2025-05-14,VNINDEX,720.44,0,Benchmark
2025-05-15,ASSET_A,211.32,786694,Technology
2025-05-15,ASSET_B,113.02,1558091,Banking
2025-05-15,ASSET_C,36.84,2459816,Consumer
2025-05-15,ASSET_D,19.22,1287661,Materials
2025-05-15,ASSET_E,56.1,851841,Retail
2025-05-15,VNINDEX,725.9,0,Benchmark
2025-05-16,ASSET_A,212.42,1230905,Technology
2025-05-16,ASSET_B,112.74,1504996,Banking
2025-05-16,ASSET_C,36.89,667876,Consumer
2025-05-16,ASSET_D,19.1,1571730,Materials
2025-05-16,ASSET_E,55.99,2099445,Retail
2025-05-16,VNINDEX,725.8,0,Benchmark
2025-05-19,ASSET_A,213.43,626147,Technology
2025-05-19,ASSET_B,110.64,2059080,Banking
2025-05-19,ASSET_C,36.94,2298694,Consumer
2025-05-19,ASSET_D,18.86,489219,Materials
2025-05-19,ASSET_E,55.75,748138,Retail
2025-05-19,VNINDEX,720.34,0,Benchmark
2025-05-20,ASSET_A,212.83,1878760,Technology
2025-05-20,ASSET_B,110.55,1577342,Banking
2025-05-20,ASSET_C,36.85,951145,Consumer
2025-05-20,ASSET_D,18.76,2004207,Materials
2025-05-20,ASSET_E,55.63,1706220,Retail
2025-05-20,VNINDEX,717.76,0,Benchmark
2025-05-21,ASSET_A,211.08,1318984,Technology
2025-05-21,ASSET_B,109.75,891383,Banking
2025-05-21,ASSET_C,36.82,2456522,Consumer
2025-05-21,ASSET_D,18.69,682093,Materials
2025-05-21,ASSET_E,55.27,2007840,Retail
2025-05-21,VNINDEX,713.15,0,Benchmark
2025-05-22,ASSET_A,215.04,1738284,Technology
2025-05-22,ASSET_B,109.43,1585940,Banking
2025-05-22,ASSET_C,37.22,2486538,Consumer
2025-05-22,ASSET_D,18.56,2037181,Materials
2025-05-22,ASSET_E,55.3,952395,Retail
2025-05-22,VNINDEX,717.37,0,Benchmark
2025-05-23,ASSET_A,217.94,1586139,Technology
2025-05-23,ASSET_B,110.4,2424588,Banking
2025-05-23,ASSET_C,37.43,1737471,Consumer
2025-05-23,ASSET_D,18.45,1590392,Materials
2025-05-23,ASSET_E,55.26,1362478,Retail
2025-05-23,VNINDEX,720.99,0,Benchmark
2025-05-26,ASSET_A,214.63,974628,Technology
2025-05-26,ASSET_B,108.78,1615613,Banking
2025-05-26,ASSET_C,36.91,799438,Consumer
2025-05-26,ASSET_D,18.24,2264970,Materials
2025-05-26,ASSET_E,54.5,2242564,Retail
2025-05-26,VNINDEX,713.04,0,Benchmark
2025-05-27,ASSET_A,214.04,691285,Technology
2025-05-27,ASSET_B,108.8,1644035,Banking
2025-05-27,ASSET_C,36.87,2055315,Consumer
2025-05-27,ASSET_D,18.39,2455452,Materials
2025-05-27,ASSET_E,54.56,2154509,Retail
2025-05-27,VNINDEX,711.3,0,Benchmark
2025-05-28,ASSET_A,213.03,2443176,Technology
2025-05-28,ASSET_B,107.75,769599,Banking
2025-05-28,ASSET_C,36.96,612398,Consumer
2025-05-28,ASSET_D,18.28,2172100,Materials
2025-05-28,ASSET_E,54.53,2332635,Retail
2025-05-28,VNINDEX,707.41,0,Benchmark
2025-05-29,ASSET_A,215.8,1015874,Technology
2025-05-29,ASSET_B,108.42,416584,Banking
2025-05-29,ASSET_C,37.35,1101914,Consumer
2025-05-29,ASSET_D,18.32,1349453,Materials
2025-05-29,ASSET_E,55.31,1719509,Retail
2025-05-29,VNINDEX,713.65,0,Benchmark
2025-05-30,ASSET_A,211.37,630084,Technology
2025-05-30,ASSET_B,106.67,840133,Banking
2025-05-30,ASSET_C,37.23,1740651,Consumer
2025-05-30,ASSET_D,17.8,1270288,Materials
2025-05-30,ASSET_E,54.85,2263048,Retail
2025-05-30,VNINDEX,707.45,0,Benchmark
2025-06-02,ASSET_A,211.42,1042480,Technology
2025-06-02,ASSET_B,107.81,452821,Banking
2025-06-02,ASSET_C,37.48,541926,Consumer
2025-06-02,ASSET_D,18.16,1792250,Materials
2025-06-02,ASSET_E,55.57,1236767,Retail
2025-06-02,VNINDEX,715.18,0,Benchmark
2025-06-03,ASSET_A,209.93,2295078,Technology
2025-06-03,ASSET_B,107.82,1349727,Banking
2025-06-03,ASSET_C,37.43,1225571,Consumer
2025-06-03,ASSET_D,18.04,1764481,Materials
2025-06-03,ASSET_E,55.5,1663187,Retail
2025-06-03,VNINDEX,715.18,0,Benchmark
2025-06-04,ASSET_A,206.53,948726,Technology
2025-06-04,ASSET_B,106.87,2252653,Banking
2025-06-04,ASSET_C,37.17,2074125,Consumer
2025-06-04,ASSET_D,17.72,2059577,Materials
2025-06-04,ASSET_E,54.42,1801192,Retail
2025-06-04,VNINDEX,709.82,0,Benchmark
2025-06-05,ASSET_A,204.46,2472259,Technology
2025-06-05,ASSET_B,106.15,1338162,Banking
2025-06-05,ASSET_C,37.02,592854,Consumer
2025-06-05,ASSET_D,17.36,1414794,Materials
2025-06-05,ASSET_E,54.11,2450821,Retail
2025-06-05,VNINDEX,706.77,0,Benchmark
2025-06-06,ASSET_A,204.29,1367598,Technology
2025-06-06,ASSET_B,105.15,1755091,Banking
2025-06-06,ASSET_C,37.11,1170221,Consumer
2025-06-06,ASSET_D,17.05,1371602,Materials
2025-06-06,ASSET_E,53.7,1173284,Retail
2025-06-06,VNINDEX,703.15,0,Benchmark
2025-06-09,ASSET_A,202.07,2209812,Technology
2025-06-09,ASSET_B,103.78,2196810,Banking
2025-06-09,ASSET_C,36.35,407859,Consumer
2025-06-09,ASSET_D,16.75,647719,Materials
2025-06-09,ASSET_E,52.88,2237091,Retail
2025-06-09,VNINDEX,697.33,0,Benchmark
2025-06-10,ASSET_A,202.59,1771433,Technology
2025-06-10,ASSET_B,105.62,2002452,Banking
2025-06-10,ASSET_C,36.39,1782332,Consumer
2025-06-10,ASSET_D,16.73,754766,Materials
2025-06-10,ASSET_E,52.7,1469579,Retail
2025-06-10,VNINDEX,697.93,0,Benchmark
2025-06-11,ASSET_A,198.76,492261,Technology
2025-06-11,ASSET_B,103.99,1766312,Banking
2025-06-11,ASSET_C,36.12,566239,Consumer
2025-06-11,ASSET_D,16.41,2125529,Materials
2025-06-11,ASSET_E,52.35,618946,Retail
2025-06-11,VNINDEX,692.34,0,Benchmark
2025-06-12,ASSET_A,194.76,1469718,Technology
2025-06-12,ASSET_B,101.68,2046433,Banking
2025-06-12,ASSET_C,35.39,990039,Consumer
2025-06-12,ASSET_D,16.19,2477322,Materials
2025-06-12,ASSET_E,51.21,1776647,Retail
2025-06-12,VNINDEX,682.4,0,Benchmark
2025-06-13,ASSET_A,195.16,1275556,Technology
2025-06-13,ASSET_B,103.6,989181,Banking
2025-06-13,ASSET_C,35.46,1497744,Consumer
2025-06-13,ASSET_D,16.11,1663703,Materials
2025-06-13,ASSET_E,50.83,2460322,Retail
2025-06-13,VNINDEX,680.81,0,Benchmark
2025-06-16,ASSET_A,193.42,823058,Technology
2025-06-16,ASSET_B,102.29,1282965,Banking
2025-06-16,ASSET_C,34.96,850490,Consumer
2025-06-16,ASSET_D,16.24,1122839,Materials
2025-06-16,ASSET_E,50.83,1352134,Retail
2025-06-16,VNINDEX,672.71,0,Benchmark
2025-06-17,ASSET_A,191.21,1554973,Technology
2025-06-17,ASSET_B,100.72,1237884,Banking
2025-06-17,ASSET_C,34.74,884875,Consumer
2025-06-17,ASSET_D,15.9,521810,Materials
2025-06-17,ASSET_E,50.0,1552493,Retail
2025-06-17,VNINDEX,669.44,0,Benchmark
2025-06-18,ASSET_A,190.16,616171,Technology
2025-06-18,ASSET_B,100.5,2077083,Banking
2025-06-18,ASSET_C,34.94,2153266,Consumer
2025-06-18,ASSET_D,15.83,491014,Materials
2025-06-18,ASSET_E,49.66,2347328,Retail
2025-06-18,VNINDEX,665.47,0,Benchmark
2025-06-19,ASSET_A,192.32,1866429,Technology
2025-06-19,ASSET_B,99.16,1258429,Banking
2025-06-19,ASSET_C,34.98,2032859,Consumer
2025-06-19,ASSET_D,15.76,1821423,Materials
2025-06-19,ASSET_E,48.96,2332075,Retail
2025-06-19,VNINDEX,661.69,0,Benchmark
2025-06-20,ASSET_A,195.38,2125927,Technology
2025-06-20,ASSET_B,101.57,2368818,Banking
2025-06-20,ASSET_C,35.52,569681,Consumer
2025-06-20,ASSET_D,15.84,1747726,Materials
2025-06-20,ASSET_E,49.34,1240176,Retail
2025-06-20,VNINDEX,670.91,0,Benchmark
2025-06-23,ASSET_A,194.41,594347,Technology
2025-06-23,ASSET_B,101.51,791895,Banking
2025-06-23,ASSET_C,35.61,2200768,Consumer
2025-06-23,ASSET_D,15.86,994512,Materials
2025-06-23,ASSET_E,49.29,1996717,Retail
2025-06-23,VNINDEX,671.32,0,Benchmark
2025-06-24,ASSET_A,194.56,1406539,Technology
2025-06-24,ASSET_B,101.46,761559,Banking
2025-06-24,ASSET_C,35.64,1383174,Consumer
2025-06-24,ASSET_D,16.01,796392,Materials
2025-06-24,ASSET_E,49.02,1725042,Retail
2025-06-24,VNINDEX,672.59,0,Benchmark
2025-06-25,ASSET_A,192.05,1775761,Technology
2025-06-25,ASSET_B,100.98,1903952,Banking
2025-06-25,ASSET_C,35.7,704149,Consumer
2025-06-25,ASSET_D,15.82,545456,Materials
2025-06-25,ASSET_E,48.68,1759890,Retail
2025-06-25,VNINDEX,664.61,0,Benchmark
2025-06-26,ASSET_A,190.88,530492,Technology
2025-06-26,ASSET_B,100.8,2004686,Banking
2025-06-26,ASSET_C,35.74,2304064,Consumer
2025-06-26,ASSET_D,15.96,1833014,Materials
2025-06-26,ASSET_E,48.97,1913075,Retail
2025-06-26,VNINDEX,661.77,0,Benchmark
2025-06-27,ASSET_A,191.2,1217587,Technology
2025-06-27,ASSET_B,101.69,1825973,Banking
2025-06-27,ASSET_C,35.63,1107741,Consumer
2025-06-27,ASSET_D,15.66,1673836,Materials
2025-06-27,ASSET_E,49.36,1086012,Retail
2025-06-27,VNINDEX,662.9,0,Benchmark
2025-06-30,ASSET_A,187.46,942055,Technology
2025-06-30,ASSET_B,101.08,1046363,Banking
2025-06-30,ASSET_C,35.13,1083988,Consumer
2025-06-30,ASSET_D,15.43,1099880,Materials
2025-06-30,ASSET_E,49.42,1040130,Retail
2025-06-30,VNINDEX,658.38,0,Benchmark
2025-07-01,ASSET_A,187.37,482439,Technology
2025-07-01,ASSET_B,101.64,419174,Banking
2025-07-01,ASSET_C,35.44,707805,Consumer
2025-07-01,ASSET_D,15.75,1937638,Materials
2025-07-01,ASSET_E,49.21,456763,Retail
2025-07-01,VNINDEX,662.67,0,Benchmark
2025-07-02,ASSET_A,185.4,2088470,Technology
2025-07-02,ASSET_B,100.99,1075135,Banking
2025-07-02,ASSET_C,35.19,2261200,Consumer
2025-07-02,ASSET_D,15.75,2175018,Materials
2025-07-02,ASSET_E,48.74,2198333,Retail
2025-07-02,VNINDEX,657.32,0,Benchmark
2025-07-03,ASSET_A,184.77,1333811,Technology
2025-07-03,ASSET_B,101.59,1379924,Banking
2025-07-03,ASSET_C,34.84,1002054,Consumer
2025-07-03,ASSET_D,15.8,1486297,Materials
2025-07-03,ASSET_E,48.83,981146,Retail
2025-07-03,VNINDEX,656.17,0,Benchmark
2025-07-04,ASSET_A,183.1,1978625,Technology
2025-07-04,ASSET_B,101.17,1266785,Banking
2025-07-04,ASSET_C,34.81,1644025,Consumer
2025-07-04,ASSET_D,15.92,951057,Materials
2025-07-04,ASSET_E,48.98,1815932,Retail
2025-07-04,VNINDEX,653.64,0,Benchmark
2025-07-07,ASSET_A,183.11,1632858,Technology
2025-07-07,ASSET_B,102.6,2336301,Banking
2025-07-07,ASSET_C,34.8,902329,Consumer
2025-07-07,ASSET_D,15.66,411861,Materials
2025-07-07,ASSET_E,49.69,1840222,Retail
2025-07-07,VNINDEX,654.54,0,Benchmark
2025-07-08,ASSET_A,182.31,2239214,Technology
2025-07-08,ASSET_B,102.63,2213810,Banking
2025-07-08,ASSET_C,34.78,2280542,Consumer
2025-07-08,ASSET_D,15.71,2070451,Materials
2025-07-08,ASSET_E,49.9,1877396,Retail
2025-07-08,VNINDEX,651.76,0,Benchmark
2025-07-09,ASSET_A,183.32,2493712,Technology
2025-07-09,ASSET_B,102.56,2027575,Banking
2025-07-09,ASSET_C,34.83,2052416,Consumer
2025-07-09,ASSET_D,15.84,1611453,Materials
2025-07-09,ASSET_E,50.16,2212541,Retail
2025-07-09,VNINDEX,650.67,0,Benchmark
2025-07-10,ASSET_A,182.87,1664384,Technology
2025-07-10,ASSET_B,102.54,446317,Banking
2025-07-10,ASSET_C,34.65,1456352,Consumer
2025-07-10,ASSET_D,15.72,1129621,Materials
2025-07-10,ASSET_E,51.1,2222532,Retail
2025-07-10,VNINDEX,649.74,0,Benchmark
2025-07-11,ASSET_A,182.44,1139555,Technology
2025-07-11,ASSET_B,101.98,667574,Banking
2025-07-11,ASSET_C,34.64,1125507,Consumer
2025-07-11,ASSET_D,16.03,413879,Materials
2025-07-11,ASSET_E,50.9,404927,Retail
2025-07-11,VNINDEX,646.55,0,Benchmark
2025-07-14,ASSET_A,182.37,1288102,Technology
2025-07-14,ASSET_B,101.59,1311245,Banking
2025-07-14,ASSET_C,34.64,1775625,Consumer
2025-07-14,ASSET_D,16.12,2109476,Materials
2025-07-14,ASSET_E,50.96,2164218,Retail
2025-07-14,VNINDEX,648.9,0,Benchmark
2025-07-15,ASSET_A,183.65,2133351,Technology
2025-07-15,ASSET_B,101.77,1705540,Banking
2025-07-15,ASSET_C,34.61,1440686,Consumer
2025-07-15,ASSET_D,15.82,2345457,Materials
2025-07-15,ASSET_E,51.13,836744,Retail
2025-07-15,VNINDEX,650.13,0,Benchmark
2025-07-16,ASSET_A,184.15,1295933,Technology
2025-07-16,ASSET_B,101.88,1828100,Banking
2025-07-16,ASSET_C,34.48,2375944,Consumer
2025-07-16,ASSET_D,15.87,1410563,Materials
2025-07-16,ASSET_E,50.75,1755337,Retail
2025-07-16,VNINDEX,649.87,0,Benchmark
2025-07-17,ASSET_A,184.9,1491450,Technology
2025-07-17,ASSET_B,101.21,1022196,Banking
2025-07-17,ASSET_C,34.64,1815179,Consumer
2025-07-17,ASSET_D,15.72,961340,Materials
2025-07-17,ASSET_E,50.64,1813442,Retail
2025-07-17,VNINDEX,648.03,0,Benchmark
2025-07-18,ASSET_A,187.28,807400,Technology
2025-07-18,ASSET_B,102.22,631872,Banking
2025-07-18,ASSET_C,34.75,457094,Consumer
2025-07-18,ASSET_D,15.99,1701492,Materials
2025-07-18,ASSET_E,50.25,512756,Retail
2025-07-18,VNINDEX,651.85,0,Benchmark
2025-07-21,ASSET_A,187.91,2479136,Technology
2025-07-21,ASSET_B,102.05,1089151,Banking
2025-07-21,ASSET_C,35.01,2126738,Consumer
2025-07-21,ASSET_D,16.05,2229113,Materials
2025-07-21,ASSET_E,49.98,995633,Retail
2025-07-21,VNINDEX,650.9,0,Benchmark
2025-07-22,ASSET_A,187.33,1766677,Technology
2025-07-22,ASSET_B,102.34,2063732,Banking
2025-07-22,ASSET_C,35.34,804965,Consumer
2025-07-22,ASSET_D,15.93,1633296,Materials
2025-07-22,ASSET_E,49.84,2311293,Retail
2025-07-22,VNINDEX,649.62,0,Benchmark
2025-07-23,ASSET_A,187.93,1093438,Technology
2025-07-23,ASSET_B,102.94,2471795,Banking
2025-07-23,ASSET_C,35.2,1032539,Consumer
2025-07-23,ASSET_D,16.18,425429,Materials
2025-07-23,ASSET_E,50.25,697575,Retail
2025-07-23,VNINDEX,650.25,0,Benchmark
2025-07-24,ASSET_A,192.35,1628644,Technology
2025-07-24,ASSET_B,104.73,2377995,Banking
2025-07-24,ASSET_C,34.94,1315696,Consumer
2025-07-24,ASSET_D,16.54,809735,Materials
2025-07-24,ASSET_E,51.29,886939,Retail
2025-07-24,VNINDEX,658.33,0,Benchmark
2025-07-25,ASSET_A,189.23,1242391,Technology
2025-07-25,ASSET_B,102.47,1645793,Banking
2025-07-25,ASSET_C,34.88,839363,Consumer
2025-07-25,ASSET_D,16.24,604154,Materials
2025-07-25,ASSET_E,50.45,572065,Retail
2025-07-25,VNINDEX,652.18,0,Benchmark
2025-07-28,ASSET_A,189.46,725215,Technology
2025-07-28,ASSET_B,104.55,590963,Banking
2025-07-28,ASSET_C,34.98,2378863,Consumer
2025-07-28,ASSET_D,16.32,1263558,Materials
2025-07-28,ASSET_E,51.56,750187,Retail
2025-07-28,VNINDEX,655.94,0,Benchmark
2025-07-29,ASSET_A,186.86,2236971,Technology
2025-07-29,ASSET_B,102.64,2432216,Banking
2025-07-29,ASSET_C,34.4,2454752,Consumer
2025-07-29,ASSET_D,16.17,1347957,Materials
2025-07-29,ASSET_E,50.96,1739545,Retail
2025-07-29,VNINDEX,647.21,0,Benchmark
2025-07-30,ASSET_A,187.91,2259892,Technology
2025-07-30,ASSET_B,102.82,721191,Banking
2025-07-30,ASSET_C,34.32,726968,Consumer
2025-07-30,ASSET_D,16.14,1524527,Materials
2025-07-30,ASSET_E,51.14,2166698,Retail
2025-07-30,VNINDEX,648.37,0,Benchmark
2025-07-31,ASSET_A,189.08,2153276,Technology
2025-07-31,ASSET_B,104.13,963423,Banking
2025-07-31,ASSET_C,34.57,1072309,Consumer
2025-07-31,ASSET_D,16.29,1993075,Materials
2025-07-31,ASSET_E,51.06,1649205,Retail
2025-07-31,VNINDEX,655.93,0,Benchmark
2025-08-01,ASSET_A,189.78,1173783,Technology
2025-08-01,ASSET_B,104.28,2445604,Banking
2025-08-01,ASSET_C,34.97,1178563,Consumer
2025-08-01,ASSET_D,16.36,636001,Materials
2025-08-01,ASSET_E,50.99,997589,Retail
2025-08-01,VNINDEX,658.4,0,Benchmark
2025-08-04,ASSET_A,189.94,938443,Technology
2025-08-04,ASSET_B,105.63,1458156,Banking
2025-08-04,ASSET_C,35.05,1809243,Consumer
2025-08-04,ASSET_D,16.21,2379379,Materials
2025-08-04,ASSET_E,51.49,2203088,Retail
2025-08-04,VNINDEX,659.36,0,Benchmark
2025-08-05,ASSET_A,185.5,504451,Technology
2025-08-05,ASSET_B,106.14,815496,Banking
2025-08-05,ASSET_C,35.22,1655328,Consumer
2025-08-05,ASSET_D,15.79,953498,Materials
2025-08-05,ASSET_E,51.37,1171419,Retail
2025-08-05,VNINDEX,656.82,0,Benchmark
2025-08-06,ASSET_A,185.24,1936230,Technology
2025-08-06,ASSET_B,106.54,1454429,Banking
2025-08-06,ASSET_C,35.34,1823466,Consumer
2025-08-06,ASSET_D,15.84,1494299,Materials
2025-08-06,ASSET_E,51.43,1061159,Retail
2025-08-06,VNINDEX,657.12,0,Benchmark
2025-08-07,ASSET_A,184.64,1088549,Technology
2025-08-07,ASSET_B,106.23,565773,Banking
2025-08-07,ASSET_C,35.22,465183,Consumer
2025-08-07,ASSET_D,15.5,842787,Materials
2025-08-07,ASSET_E,51.45,1461560,Retail
2025-08-07,VNINDEX,656.05,0,Benchmark
2025-08-08,ASSET_A,183.21,2273662,Technology
2025-08-08,ASSET_B,105.94,1062930,Banking
2025-08-08,ASSET_C,34.97,1479461,Consumer
2025-08-08,ASSET_D,15.26,1146467,Materials
2025-08-08,ASSET_E,50.59,687109,Retail
2025-08-08,VNINDEX,652.44,0,Benchmark
2025-08-11,ASSET_A,185.09,2226699,Technology
2025-08-11,ASSET_B,105.73,2399604,Banking
2025-08-11,ASSET_C,35.04,842922,Consumer
2025-08-11,ASSET_D,14.97,2148501,Materials
2025-08-11,ASSET_E,50.46,1148276,Retail
2025-08-11,VNINDEX,651.19,0,Benchmark
2025-08-12,ASSET_A,183.48,669179,Technology
2025-08-12,ASSET_B,105.82,1026991,Banking
2025-08-12,ASSET_C,35.27,879739,Consumer
2025-08-12,ASSET_D,14.75,493564,Materials
2025-08-12,ASSET_E,51.12,2078225,Retail
2025-08-12,VNINDEX,652.29,0,Benchmark
2025-08-13,ASSET_A,181.02,2325608,Technology
2025-08-13,ASSET_B,105.33,2274507,Banking
2025-08-13,ASSET_C,35.34,2026854,Consumer
2025-08-13,ASSET_D,14.73,1414726,Materials
2025-08-13,ASSET_E,51.3,1677396,Retail
2025-08-13,VNINDEX,648.76,0,Benchmark
2025-08-14,ASSET_A,175.74,694605,Technology
2025-08-14,ASSET_B,104.22,1540169,Banking
2025-08-14,ASSET_C,35.1,697060,Consumer
2025-08-14,ASSET_D,14.61,1625789,Materials
2025-08-14,ASSET_E,50.97,2475190,Retail
2025-08-14,VNINDEX,645.05,0,Benchmark
2025-08-15,ASSET_A,173.02,1429836,Technology
2025-08-15,ASSET_B,103.08,1777023,Banking
2025-08-15,ASSET_C,34.85,466105,Consumer
2025-08-15,ASSET_D,14.42,1596849,Materials
2025-08-15,ASSET_E,51.13,2028997,Retail
2025-08-15,VNINDEX,638.74,0,Benchmark
2025-08-18,ASSET_A,173.04,1395252,Technology
2025-08-18,ASSET_B,103.65,1876290,Banking
2025-08-18,ASSET_C,35.08,1422733,Consumer
2025-08-18,ASSET_D,14.27,1198091,Materials
2025-08-18,ASSET_E,50.77,1156818,Retail
2025-08-18,VNINDEX,640.73,0,Benchmark
2025-08-19,ASSET_A,173.1,2408313,Technology
2025-08-19,ASSET_B,104.69,1558004,Banking
2025-08-19,ASSET_C,35.12,1945170,Consumer
2025-08-19,ASSET_D,14.24,1193417,Materials
2025-08-19,ASSET_E,50.57,2010104,Retail
2025-08-19,VNINDEX,643.47,0,Benchmark
2025-08-20,ASSET_A,175.21,1780348,Technology
2025-08-20,ASSET_B,104.48,472028,Banking
2025-08-20,ASSET_C,34.92,1472952,Consumer
2025-08-20,ASSET_D,14.33,2309180,Materials
2025-08-20,ASSET_E,51.44,2217234,Retail
2025-08-20,VNINDEX,644.72,0,Benchmark
2025-08-21,ASSET_A,178.07,2238007,Technology
2025-08-21,ASSET_B,106.04,2330388,Banking
2025-08-21,ASSET_C,34.95,738819,Consumer
2025-08-21,ASSET_D,14.43,906056,Materials
2025-08-21,ASSET_E,52.04,1724739,Retail
2025-08-21,VNINDEX,649.52,0,Benchmark
2025-08-22,ASSET_A,178.38,1651182,Technology
2025-08-22,ASSET_B,105.46,1397551,Banking
2025-08-22,ASSET_C,34.93,2024070,Consumer
2025-08-22,ASSET_D,14.57,1408124,Materials
2025-08-22,ASSET_E,51.97,2001345,Retail
2025-08-22,VNINDEX,650.09,0,Benchmark
2025-08-25,ASSET_A,178.43,2132984,Technology
2025-08-25,ASSET_B,105.45,1776592,Banking
2025-08-25,ASSET_C,35.17,1201613,Consumer
2025-08-25,ASSET_D,14.76,1164927,Materials
2025-08-25,ASSET_E,52.1,1457022,Retail
2025-08-25,VNINDEX,652.15,0,Benchmark
2025-08-26,ASSET_A,180.6,2189451,Technology
2025-08-26,ASSET_B,105.38,1563146,Banking
2025-08-26,ASSET_C,35.54,1890650,Consumer
2025-08-26,ASSET_D,14.76,2007438,Materials
2025-08-26,ASSET_E,51.88,2314329,Retail
2025-08-26,VNINDEX,653.78,0,Benchmark
2025-08-27,ASSET_A,180.47,2205391,Technology
2025-08-27,ASSET_B,104.49,1782632,Banking
2025-08-27,ASSET_C,35.21,824335,Consumer
2025-08-27,ASSET_D,14.48,2092311,Materials
2025-08-27,ASSET_E,51.97,898997,Retail
2025-08-27,VNINDEX,653.48,0,Benchmark
2025-08-28,ASSET_A,178.37,1264396,Technology
2025-08-28,ASSET_B,104.76,1144862,Banking
2025-08-28,ASSET_C,34.96,2315286,Consumer
2025-08-28,ASSET_D,14.31,2181242,Materials
2025-08-28,ASSET_E,51.87,1291182,Retail
2025-08-28,VNINDEX,651.01,0,Benchmark
2025-08-29,ASSET_A,179.08,1201938,Technology
2025-08-29,ASSET_B,106.33,2171739,Banking
2025-08-29,ASSET_C,35.38,995479,Consumer
2025-08-29,ASSET_D,14.55,578379,Materials
2025-08-29,ASSET_E,52.72,933214,Retail
2025-08-29,VNINDEX,662.14,0,Benchmark
2025-09-01,ASSET_A,177.71,2468125,Technology
2025-09-01,ASSET_B,105.34,871067,Banking
2025-09-01,ASSET_C,35.47,2438807,Consumer
2025-09-01,ASSET_D,14.39,606382,Materials
2025-09-01,ASSET_E,52.06,612733,Retail
2025-09-01,VNINDEX,660.02,0,Benchmark
2025-09-02,ASSET_A,177.94,1988584,Technology
2025-09-02,ASSET_B,105.66,1771815,Banking
2025-09-02,ASSET_C,35.2,1192237,Consumer
2025-09-02,ASSET_D,14.16,1188387,Materials
2025-09-02,ASSET_E,51.94,1693591,Retail
2025-09-02,VNINDEX,656.84,0,Benchmark
2025-09-03,ASSET_A,182.4,2326339,Technology
2025-09-03,ASSET_B,105.7,1613614,Banking
2025-09-03,ASSET_C,35.21,1928487,Consumer
2025-09-03,ASSET_D,14.22,1325777,Materials
2025-09-03,ASSET_E,51.88,648548,Retail
2025-09-03,VNINDEX,659.15,0,Benchmark
2025-09-04,ASSET_A,182.95,1612411,Technology
2025-09-04,ASSET_B,105.84,1457721,Banking
2025-09-04,ASSET_C,34.94,1454319,Consumer
2025-09-04,ASSET_D,14.62,532334,Materials
2025-09-04,ASSET_E,51.57,874911,Retail
2025-09-04,VNINDEX,660.57,0,Benchmark
2025-09-05,ASSET_A,179.49,2350951,Technology
2025-09-05,ASSET_B,103.62,446130,Banking
2025-09-05,ASSET_C,34.74,560673,Consumer
2025-09-05,ASSET_D,14.38,2276806,Materials
2025-09-05,ASSET_E,51.59,2002716,Retail
2025-09-05,VNINDEX,653.66,0,Benchmark
2025-09-08,ASSET_A,179.37,1911336,Technology
2025-09-08,ASSET_B,105.47,1218415,Banking
2025-09-08,ASSET_C,34.97,606369,Consumer
2025-09-08,ASSET_D,14.52,2283698,Materials
2025-09-08,ASSET_E,52.98,906123,Retail
2025-09-08,VNINDEX,659.45,0,Benchmark
2025-09-09,ASSET_A,180.17,1959386,Technology
2025-09-09,ASSET_B,106.07,499853,Banking
2025-09-09,ASSET_C,34.8,1250748,Consumer
2025-09-09,ASSET_D,14.31,1291356,Materials
2025-09-09,ASSET_E,53.81,2212996,Retail
2025-09-09,VNINDEX,659.12,0,Benchmark
2025-09-10,ASSET_A,175.58,773350,Technology
2025-09-10,ASSET_B,105.52,1456581,Banking
2025-09-10,ASSET_C,34.5,805362,Consumer
2025-09-10,ASSET_D,14.37,2015837,Materials
2025-09-10,ASSET_E,53.68,503191,Retail
2025-09-10,VNINDEX,653.65,0,Benchmark
2025-09-11,ASSET_A,178.39,1590459,Technology
2025-09-11,ASSET_B,107.25,1844297,Banking
2025-09-11,ASSET_C,35.04,1678484,Consumer
2025-09-11,ASSET_D,14.65,1586823,Materials
2025-09-11,ASSET_E,54.04,1359735,Retail
2025-09-11,VNINDEX,659.81,0,Benchmark
2025-09-12,ASSET_A,180.79,1935927,Technology
2025-09-12,ASSET_B,108.01,1497205,Banking
2025-09-12,ASSET_C,34.95,689697,Consumer
2025-09-12,ASSET_D,14.85,1779823,Materials
2025-09-12,ASSET_E,54.27,541078,Retail
2025-09-12,VNINDEX,663.16,0,Benchmark
2025-09-15,ASSET_A,179.54,1998099,Technology
2025-09-15,ASSET_B,106.25,1989808,Banking
2025-09-15,ASSET_C,34.47,1639409,Consumer
2025-09-15,ASSET_D,14.91,2233518,Materials
2025-09-15,ASSET_E,53.96,525098,Retail
2025-09-15,VNINDEX,656.84,0,Benchmark
2025-09-16,ASSET_A,182.08,2410944,Technology
2025-09-16,ASSET_B,107.54,1157746,Banking
2025-09-16,ASSET_C,35.18,830180,Consumer
2025-09-16,ASSET_D,15.07,593201,Materials
2025-09-16,ASSET_E,54.49,2061001,Retail
2025-09-16,VNINDEX,666.11,0,Benchmark
2025-09-17,ASSET_A,184.17,1086584,Technology
2025-09-17,ASSET_B,109.36,1042892,Banking
2025-09-17,ASSET_C,35.36,781031,Consumer
2025-09-17,ASSET_D,15.1,888446,Materials
2025-09-17,ASSET_E,55.38,540082,Retail
2025-09-17,VNINDEX,669.68,0,Benchmark
2025-09-18,ASSET_A,184.49,1035592,Technology
2025-09-18,ASSET_B,110.02,1341048,Banking
2025-09-18,ASSET_C,35.52,1170828,Consumer
2025-09-18,ASSET_D,15.38,1298956,Materials
2025-09-18,ASSET_E,54.44,2273749,Retail
2025-09-18,VNINDEX,669.77,0,Benchmark
2025-09-19,ASSET_A,185.84,2435907,Technology
2025-09-19,ASSET_B,111.25,881176,Banking
2025-09-19,ASSET_C,36.0,1624183,Consumer
2025-09-19,ASSET_D,15.69,2278621,Materials
2025-09-19,ASSET_E,54.96,1657060,Retail
2025-09-19,VNINDEX,678.29,0,Benchmark
2025-09-22,ASSET_A,189.4,2470938,Technology
2025-09-22,ASSET_B,111.5,2083931,Banking
2025-09-22,ASSET_C,36.04,1238893,Consumer
2025-09-22,ASSET_D,15.35,1643014,Materials
2025-09-22,ASSET_E,55.42,1413350,Retail
2025-09-22,VNINDEX,679.29,0,Benchmark
2025-09-23,ASSET_A,188.78,777749,Technology
2025-09-23,ASSET_B,111.24,2100431,Banking
2025-09-23,ASSET_C,35.96,1134329,Consumer
2025-09-23,ASSET_D,15.42,1233759,Materials
2025-09-23,ASSET_E,55.02,2329111,Retail
2025-09-23,VNINDEX,679.29,0,Benchmark
2025-09-24,ASSET_A,189.08,1194589,Technology
2025-09-24,ASSET_B,109.57,1274678,Banking
2025-09-24,ASSET_C,36.01,1114475,Consumer
2025-09-24,ASSET_D,15.25,460278,Materials
2025-09-24,ASSET_E,54.65,1214126,Retail
2025-09-24,VNINDEX,675.92,0,Benchmark
2025-09-25,ASSET_A,185.84,2390988,Technology
2025-09-25,ASSET_B,110.4,2064378,Banking
2025-09-25,ASSET_C,36.44,1111746,Consumer
2025-09-25,ASSET_D,15.47,1645369,Materials
2025-09-25,ASSET_E,55.18,1239125,Retail
2025-09-25,VNINDEX,679.18,0,Benchmark
2025-09-26,ASSET_A,188.96,819419,Technology
2025-09-26,ASSET_B,110.62,453675,Banking
2025-09-26,ASSET_C,36.84,1247787,Consumer
2025-09-26,ASSET_D,15.61,966198,Materials
2025-09-26,ASSET_E,56.11,1260870,Retail
2025-09-26,VNINDEX,681.89,0,Benchmark
2025-09-29,ASSET_A,191.68,2044645,Technology
2025-09-29,ASSET_B,109.86,725044,Banking
2025-09-29,ASSET_C,36.55,2151414,Consumer
2025-09-29,ASSET_D,15.32,1088882,Materials
2025-09-29,ASSET_E,55.51,1766301,Retail
2025-09-29,VNINDEX,682.12,0,Benchmark
2025-09-30,ASSET_A,190.41,635801,Technology
2025-09-30,ASSET_B,107.75,994340,Banking
2025-09-30,ASSET_C,36.69,1613766,Consumer
2025-09-30,ASSET_D,15.27,2491400,Materials
2025-09-30,ASSET_E,54.54,2179241,Retail
2025-09-30,VNINDEX,678.0,0,Benchmark
2025-10-01,ASSET_A,191.7,774454,Technology
2025-10-01,ASSET_B,106.62,1214633,Banking
2025-10-01,ASSET_C,36.64,1286059,Consumer
2025-10-01,ASSET_D,15.33,1506950,Materials
2025-10-01,ASSET_E,54.16,1538216,Retail
2025-10-01,VNINDEX,678.85,0,Benchmark
2025-10-02,ASSET_A,192.64,2048420,Technology
2025-10-02,ASSET_B,106.27,886657,Banking
2025-10-02,ASSET_C,36.44,1974039,Consumer
2025-10-02,ASSET_D,15.38,691367,Materials
2025-10-02,ASSET_E,53.43,990225,Retail
2025-10-02,VNINDEX,678.63,0,Benchmark
2025-10-03,ASSET_A,189.18,1675681,Technology
2025-10-03,ASSET_B,104.77,1475598,Banking
2025-10-03,ASSET_C,36.08,1507531,Consumer
2025-10-03,ASSET_D,15.31,503500,Materials
2025-10-03,ASSET_E,52.23,2268491,Retail
2025-10-03,VNINDEX,671.58,0,Benchmark
2025-10-06,ASSET_A,187.66,1565133,Technology
2025-10-06,ASSET_B,102.5,2066522,Banking
2025-10-06,ASSET_C,35.93,2392982,Consumer
2025-10-06,ASSET_D,15.37,1215342,Materials
2025-10-06,ASSET_E,51.23,1657794,Retail
2025-10-06,VNINDEX,663.86,0,Benchmark
2025-10-07,ASSET_A,187.23,2198831,Technology
2025-10-07,ASSET_B,103.66,1358092,Banking
2025-10-07,ASSET_C,36.21,1582033,Consumer
2025-10-07,ASSET_D,15.52,537045,Materials
2025-10-07,ASSET_E,52.02,2148013,Retail
2025-10-07,VNINDEX,667.02,0,Benchmark
2025-10-08,ASSET_A,181.76,1044975,Technology
2025-10-08,ASSET_B,100.86,1343515,Banking
2025-10-08,ASSET_C,35.52,853607,Consumer
2025-10-08,ASSET_D,15.19,1300319,Materials
2025-10-08,ASSET_E,50.86,1307782,Retail
2025-10-08,VNINDEX,653.35,0,Benchmark
2025-10-09,ASSET_A,184.14,1456923,Technology
2025-10-09,ASSET_B,101.56,525785,Banking
2025-10-09,ASSET_C,35.78,1582293,Consumer
2025-10-09,ASSET_D,15.41,1270917,Materials
2025-10-09,ASSET_E,50.97,818631,Retail
2025-10-09,VNINDEX,654.58,0,Benchmark
2025-10-10,ASSET_A,185.11,1677745,Technology
2025-10-10,ASSET_B,100.94,988652,Banking
2025-10-10,ASSET_C,35.71,2024552,Consumer
2025-10-10,ASSET_D,15.73,2246983,Materials
2025-10-10,ASSET_E,50.37,2383441,Retail
2025-10-10,VNINDEX,652.2,0,Benchmark
2025-10-13,ASSET_A,186.15,1953723,Technology
2025-10-13,ASSET_B,101.73,2095239,Banking
2025-10-13,ASSET_C,35.89,847555,Consumer
2025-10-13,ASSET_D,16.08,1103399,Materials
2025-10-13,ASSET_E,51.17,1822840,Retail
2025-10-13,VNINDEX,659.29,0,Benchmark
2025-10-14,ASSET_A,184.02,1097412,Technology
2025-10-14,ASSET_B,101.32,2102480,Banking
2025-10-14,ASSET_C,35.6,824614,Consumer
2025-10-14,ASSET_D,16.05,980075,Materials
2025-10-14,ASSET_E,51.84,1046334,Retail
2025-10-14,VNINDEX,656.8,0,Benchmark
2025-10-15,ASSET_A,184.05,1730633,Technology
2025-10-15,ASSET_B,101.04,618972,Banking
2025-10-15,ASSET_C,35.87,1658852,Consumer
2025-10-15,ASSET_D,16.22,1693162,Materials
2025-10-15,ASSET_E,51.71,2179756,Retail
2025-10-15,VNINDEX,660.48,0,Benchmark
2025-10-16,ASSET_A,184.73,1341551,Technology
2025-10-16,ASSET_B,101.08,440355,Banking
2025-10-16,ASSET_C,35.76,2257422,Consumer
2025-10-16,ASSET_D,16.21,1741994,Materials
2025-10-16,ASSET_E,52.35,419052,Retail
2025-10-16,VNINDEX,658.49,0,Benchmark
2025-10-17,ASSET_A,183.17,1538111,Technology
2025-10-17,ASSET_B,100.47,2145140,Banking
2025-10-17,ASSET_C,35.45,1102709,Consumer
2025-10-17,ASSET_D,16.24,479611,Materials
2025-10-17,ASSET_E,52.58,2353523,Retail
2025-10-17,VNINDEX,659.25,0,Benchmark
2025-10-20,ASSET_A,185.14,2211594,Technology
2025-10-20,ASSET_B,102.04,765926,Banking
2025-10-20,ASSET_C,35.85,1464352,Consumer
2025-10-20,ASSET_D,16.74,575924,Materials
2025-10-20,ASSET_E,52.9,1615112,Retail
2025-10-20,VNINDEX,663.38,0,Benchmark
2025-10-21,ASSET_A,185.74,1226672,Technology
2025-10-21,ASSET_B,101.29,1606549,Banking
2025-10-21,ASSET_C,35.62,1775542,Consumer
2025-10-21,ASSET_D,16.54,752104,Materials
2025-10-21,ASSET_E,52.91,1638846,Retail
2025-10-21,VNINDEX,661.01,0,Benchmark
2025-10-22,ASSET_A,187.38,1803149,Technology
2025-10-22,ASSET_B,103.29,2136605,Banking
2025-10-22,ASSET_C,36.29,1793395,Consumer
2025-10-22,ASSET_D,16.91,2031640,Materials
2025-10-22,ASSET_E,53.52,428107,Retail
2025-10-22,VNINDEX,666.6,0,Benchmark
2025-10-23,ASSET_A,187.53,2378182,Technology
2025-10-23,ASSET_B,101.3,2053388,Banking
2025-10-23,ASSET_C,35.68,705964,Consumer
2025-10-23,ASSET_D,16.74,840142,Materials
2025-10-23,ASSET_E,54.01,769413,Retail
2025-10-23,VNINDEX,661.31,0,Benchmark
2025-10-24,ASSET_A,187.54,2001043,Technology
2025-10-24,ASSET_B,101.1,1556368,Banking
2025-10-24,ASSET_C,35.72,1229927,Consumer
2025-10-24,ASSET_D,16.51,2484660,Materials
2025-10-24,ASSET_E,54.4,1913293,Retail
2025-10-24,VNINDEX,663.07,0,Benchmark
2025-10-27,ASSET_A,188.84,2476318,Technology
2025-10-27,ASSET_B,102.45,1190945,Banking
2025-10-27,ASSET_C,35.77,2487642,Consumer
2025-10-27,ASSET_D,16.61,1325032,Materials
2025-10-27,ASSET_E,55.08,1572287,Retail
2025-10-27,VNINDEX,668.3,0,Benchmark
2025-10-28,ASSET_A,188.25,1625336,Technology
2025-10-28,ASSET_B,104.2,2024664,Banking
2025-10-28,ASSET_C,35.7,2265914,Consumer
2025-10-28,ASSET_D,16.61,2360420,Materials
2025-10-28,ASSET_E,55.17,668084,Retail
2025-10-28,VNINDEX,672.12,0,Benchmark
2025-10-29,ASSET_A,193.73,992098,Technology
2025-10-29,ASSET_B,107.86,1858946,Banking
2025-10-29,ASSET_C,36.06,2021290,Consumer
2025-10-29,ASSET_D,17.0,918353,Materials
2025-10-29,ASSET_E,56.45,1798219,Retail
2025-10-29,VNINDEX,683.07,0,Benchmark
2025-10-30,ASSET_A,190.9,2481935,Technology
2025-10-30,ASSET_B,107.04,2160169,Banking
2025-10-30,ASSET_C,36.34,450862,Consumer
2025-10-30,ASSET_D,16.91,1289826,Materials
2025-10-30,ASSET_E,55.63,1967486,Retail
2025-10-30,VNINDEX,678.89,0,Benchmark
2025-10-31,ASSET_A,189.09,1753610,Technology
2025-10-31,ASSET_B,107.08,1479079,Banking
2025-10-31,ASSET_C,36.03,1276228,Consumer
2025-10-31,ASSET_D,16.52,689091,Materials
2025-10-31,ASSET_E,55.09,972227,Retail
2025-10-31,VNINDEX,671.25,0,Benchmark
2025-11-03,ASSET_A,187.2,906961,Technology
2025-11-03,ASSET_B,105.7,2378123,Banking
2025-11-03,ASSET_C,35.57,507446,Consumer
2025-11-03,ASSET_D,16.66,2176901,Materials
2025-11-03,ASSET_E,56.12,1847669,Retail
2025-11-03,VNINDEX,665.83,0,Benchmark
2025-11-04,ASSET_A,186.47,1066097,Technology
2025-11-04,ASSET_B,107.46,2016457,Banking
2025-11-04,ASSET_C,35.28,1032838,Consumer
2025-11-04,ASSET_D,16.97,1654904,Materials
2025-11-04,ASSET_E,55.16,2443303,Retail
2025-11-04,VNINDEX,669.68,0,Benchmark
2025-11-05,ASSET_A,186.27,950811,Technology
2025-11-05,ASSET_B,107.25,533191,Banking
2025-11-05,ASSET_C,34.96,2216293,Consumer
2025-11-05,ASSET_D,17.36,558919,Materials
2025-11-05,ASSET_E,55.51,1413155,Retail
2025-11-05,VNINDEX,672.64,0,Benchmark
2025-11-06,ASSET_A,189.12,2150575,Technology
2025-11-06,ASSET_B,107.77,1017174,Banking
2025-11-06,ASSET_C,34.86,1214384,Consumer
2025-11-06,ASSET_D,17.42,1962131,Materials
2025-11-06,ASSET_E,55.7,881585,Retail
2025-11-06,VNINDEX,673.37,0,Benchmark
2025-11-07,ASSET_A,187.5,594373,Technology
2025-11-07,ASSET_B,104.44,2078392,Banking
2025-11-07,ASSET_C,34.42,753723,Consumer
2025-11-07,ASSET_D,17.25,2263143,Materials
2025-11-07,ASSET_E,55.1,2420072,Retail
2025-11-07,VNINDEX,667.16,0,Benchmark
2025-11-10,ASSET_A,187.03,1953802,Technology
2025-11-10,ASSET_B,104.38,643767,Banking
2025-11-10,ASSET_C,34.56,1914537,Consumer
2025-11-10,ASSET_D,17.51,1839062,Materials
2025-11-10,ASSET_E,55.35,2313840,Retail
2025-11-10,VNINDEX,671.65,0,Benchmark
2025-11-11,ASSET_A,185.43,1563440,Technology
2025-11-11,ASSET_B,103.41,1888408,Banking
2025-11-11,ASSET_C,33.7,1993962,Consumer
2025-11-11,ASSET_D,17.21,2097575,Materials
2025-11-11,ASSET_E,54.86,1359377,Retail
2025-11-11,VNINDEX,664.85,0,Benchmark
2025-11-12,ASSET_A,187.31,554292,Technology
2025-11-12,ASSET_B,103.63,1115212,Banking
2025-11-12,ASSET_C,33.96,1776356,Consumer
2025-11-12,ASSET_D,17.42,979978,Materials
2025-11-12,ASSET_E,55.26,1292879,Retail
2025-11-12,VNINDEX,671.59,0,Benchmark
2025-11-13,ASSET_A,199.59,1688054,Technology
2025-11-13,ASSET_B,107.38,834753,Banking
2025-11-13,ASSET_C,34.95,2098922,Consumer
2025-11-13,ASSET_D,17.84,1307582,Materials
2025-11-13,ASSET_E,56.68,2151223,Retail
2025-11-13,VNINDEX,688.3,0,Benchmark
2025-11-14,ASSET_A,200.94,1981617,Technology
2025-11-14,ASSET_B,108.67,1533812,Banking
2025-11-14,ASSET_C,35.47,1874394,Consumer
2025-11-14,ASSET_D,17.6,2194334,Materials
2025-11-14,ASSET_E,56.61,401163,Retail
2025-11-14,VNINDEX,690.61,0,Benchmark
2025-11-17,ASSET_A,201.37,1924519,Technology
2025-11-17,ASSET_B,108.95,2356574,Banking
2025-11-17,ASSET_C,35.13,1732813,Consumer
2025-11-17,ASSET_D,17.72,1677087,Materials
2025-11-17,ASSET_E,57.97,1055837,Retail
2025-11-17,VNINDEX,694.22,0,Benchmark
2025-11-18,ASSET_A,203.38,1509879,Technology
2025-11-18,ASSET_B,107.5,2285087,Banking
2025-11-18,ASSET_C,34.8,2266898,Consumer
2025-11-18,ASSET_D,17.56,1684826,Materials
2025-11-18,ASSET_E,57.61,1540907,Retail
2025-11-18,VNINDEX,691.44,0,Benchmark
2025-11-19,ASSET_A,196.08,1104436,Technology
2025-11-19,ASSET_B,104.96,1248823,Banking
2025-11-19,ASSET_C,34.13,1080667,Consumer
2025-11-19,ASSET_D,17.23,2010901,Materials
2025-11-19,ASSET_E,57.08,1773494,Retail
2025-11-19,VNINDEX,680.91,0,Benchmark
2025-11-20,ASSET_A,195.15,744072,Technology
2025-11-20,ASSET_B,103.44,407758,Banking
2025-11-20,ASSET_C,34.02,1358219,Consumer
2025-11-20,ASSET_D,17.21,1690800,Materials
2025-11-20,ASSET_E,56.46,1719400,Retail
2025-11-20,VNINDEX,677.53,0,Benchmark
2025-11-21,ASSET_A,197.11,425739,Technology
2025-11-21,ASSET_B,102.12,2263982,Banking
2025-11-21,ASSET_C,33.45,1582470,Consumer
2025-11-21,ASSET_D,17.3,665480,Materials
2025-11-21,ASSET_E,56.46,1178123,Retail
2025-11-21,VNINDEX,671.31,0,Benchmark
2025-11-24,ASSET_A,194.1,1155062,Technology
2025-11-24,ASSET_B,100.58,2284240,Banking
2025-11-24,ASSET_C,33.52,1805994,Consumer
2025-11-24,ASSET_D,16.91,846981,Materials
2025-11-24,ASSET_E,56.19,2225663,Retail
2025-11-24,VNINDEX,663.1,0,Benchmark
2025-11-25,ASSET_A,194.0,1727682,Technology
2025-11-25,ASSET_B,102.32,1670738,Banking
2025-11-25,ASSET_C,33.97,1400598,Consumer
2025-11-25,ASSET_D,17.12,2034875,Materials
2025-11-25,ASSET_E,57.23,1764224,Retail
2025-11-25,VNINDEX,673.23,0,Benchmark
2025-11-26,ASSET_A,193.78,479078,Technology
2025-11-26,ASSET_B,104.14,1719987,Banking
2025-11-26,ASSET_C,34.01,1327166,Consumer
2025-11-26,ASSET_D,17.01,908647,Materials
2025-11-26,ASSET_E,56.82,1535182,Retail
2025-11-26,VNINDEX,674.98,0,Benchmark
2025-11-27,ASSET_A,197.54,2497260,Technology
2025-11-27,ASSET_B,103.98,1506170,Banking
2025-11-27,ASSET_C,34.53,747177,Consumer
2025-11-27,ASSET_D,16.9,1797652,Materials
2025-11-27,ASSET_E,56.6,2371203,Retail
2025-11-27,VNINDEX,677.37,0,Benchmark
2025-11-28,ASSET_A,197.75,1630497,Technology
2025-11-28,ASSET_B,104.88,426244,Banking
2025-11-28,ASSET_C,34.45,1740005,Consumer
2025-11-28,ASSET_D,16.74,1396975,Materials
2025-11-28,ASSET_E,57.38,597671,Retail
2025-11-28,VNINDEX,675.69,0,Benchmark
2025-12-01,ASSET_A,195.73,1018553,Technology
2025-12-01,ASSET_B,103.78,735000,Banking
2025-12-01,ASSET_C,34.52,659633,Consumer
2025-12-01,ASSET_D,16.68,1702654,Materials
2025-12-01,ASSET_E,56.89,1890622,Retail
2025-12-01,VNINDEX,674.81,0,Benchmark
2025-12-02,ASSET_A,196.28,2420423,Technology
2025-12-02,ASSET_B,105.02,701106,Banking
2025-12-02,ASSET_C,34.58,1397129,Consumer
2025-12-02,ASSET_D,16.95,899424,Materials
2025-12-02,ASSET_E,57.72,2346308,Retail
2025-12-02,VNINDEX,680.7,0,Benchmark
2025-12-03,ASSET_A,195.11,786262,Technology
2025-12-03,ASSET_B,106.09,2320088,Banking
2025-12-03,ASSET_C,34.22,1258863,Consumer
2025-12-03,ASSET_D,17.01,1051836,Materials
2025-12-03,ASSET_E,57.19,1789832,Retail
2025-12-03,VNINDEX,680.66,0,Benchmark
2025-12-04,ASSET_A,196.96,2410956,Technology
2025-12-04,ASSET_B,107.81,504641,Banking
2025-12-04,ASSET_C,34.2,2030993,Consumer
2025-12-04,ASSET_D,16.89,1844963,Materials
2025-12-04,ASSET_E,58.02,1587245,Retail
2025-12-04,VNINDEX,684.0,0,Benchmark
2025-12-05,ASSET_A,199.42,991710,Technology
2025-12-05,ASSET_B,107.21,1568990,Banking
2025-12-05,ASSET_C,34.73,1400779,Consumer
2025-12-05,ASSET_D,17.12,760597,Materials
2025-12-05,ASSET_E,57.56,1165254,Retail
2025-12-05,VNINDEX,682.96,0,Benchmark
2025-12-08,ASSET_A,201.0,1197435,Technology
2025-12-08,ASSET_B,107.33,1161884,Banking
2025-12-08,ASSET_C,34.82,411046,Consumer
2025-12-08,ASSET_D,17.27,1047964,Materials
2025-12-08,ASSET_E,56.87,970215,Retail
2025-12-08,VNINDEX,681.05,0,Benchmark
2025-12-09,ASSET_A,199.15,1293372,Technology
2025-12-09,ASSET_B,106.02,412794,Banking
2025-12-09,ASSET_C,34.53,1462631,Consumer
2025-12-09,ASSET_D,16.86,2496001,Materials
2025-12-09,ASSET_E,55.83,1546364,Retail
2025-12-09,VNINDEX,672.75,0,Benchmark
2025-12-10,ASSET_A,192.47,2489157,Technology
2025-12-10,ASSET_B,103.17,2330394,Banking
2025-12-10,ASSET_C,33.77,852993,Consumer
2025-12-10,ASSET_D,16.81,719023,Materials
2025-12-10,ASSET_E,54.62,2287603,Retail
2025-12-10,VNINDEX,661.17,0,Benchmark
2025-12-11,ASSET_A,189.3,926917,Technology
2025-12-11,ASSET_B,103.44,438397,Banking
2025-12-11,ASSET_C,33.95,1198088,Consumer
2025-12-11,ASSET_D,16.83,1612940,Materials
2025-12-11,ASSET_E,54.73,1370645,Retail
2025-12-11,VNINDEX,659.78,0,Benchmark
2025-12-12,ASSET_A,190.54,2443029,Technology
2025-12-12,ASSET_B,105.24,2197179,Banking
2025-12-12,ASSET_C,33.61,1022519,Consumer
2025-12-12,ASSET_D,16.82,718389,Materials
2025-12-12,ASSET_E,54.8,653918,Retail
2025-12-12,VNINDEX,660.25,0,Benchmark
2025-12-15,ASSET_A,185.4,1128616,Technology
2025-12-15,ASSET_B,104.13,2033028,Banking
2025-12-15,ASSET_C,32.89,749884,Consumer
2025-12-15,ASSET_D,16.69,1885036,Materials
2025-12-15,ASSET_E,53.64,1415604,Retail
2025-12-15,VNINDEX,652.84,0,Benchmark
2025-12-16,ASSET_A,184.93,998886,Technology
2025-12-16,ASSET_B,104.64,2066733,Banking
2025-12-16,ASSET_C,32.74,2385328,Consumer
2025-12-16,ASSET_D,16.68,667178,Materials
2025-12-16,ASSET_E,53.62,604713,Retail
2025-12-16,VNINDEX,652.78,0,Benchmark
2025-12-17,ASSET_A,185.69,1740234,Technology
2025-12-17,ASSET_B,105.36,740066,Banking
2025-12-17,ASSET_C,33.27,932483,Consumer
2025-12-17,ASSET_D,16.81,1605390,Materials
2025-12-17,ASSET_E,53.06,2365799,Retail
2025-12-17,VNINDEX,653.24,0,Benchmark
2025-12-18,ASSET_A,179.42,1856872,Technology
2025-12-18,ASSET_B,101.44,2250278,Banking
2025-12-18,ASSET_C,33.22,1464797,Consumer
2025-12-18,ASSET_D,16.51,1323475,Materials
2025-12-18,ASSET_E,52.43,1523519,Retail
2025-12-18,VNINDEX,640.82,0,Benchmark
2025-12-19,ASSET_A,175.81,1124558,Technology
2025-12-19,ASSET_B,100.8,1657350,Banking
2025-12-19,ASSET_C,32.88,2139080,Consumer
2025-12-19,ASSET_D,16.3,1852549,Materials
2025-12-19,ASSET_E,52.46,849156,Retail
2025-12-19,VNINDEX,635.69,0,Benchmark
2025-12-22,ASSET_A,176.43,681540,Technology
2025-12-22,ASSET_B,100.4,1244121,Banking
2025-12-22,ASSET_C,32.81,1165138,Consumer
2025-12-22,ASSET_D,15.97,406384,Materials
2025-12-22,ASSET_E,52.64,1712256,Retail
2025-12-22,VNINDEX,638.18,0,Benchmark
2025-12-23,ASSET_A,178.15,1231723,Technology
2025-12-23,ASSET_B,100.37,1830272,Banking
2025-12-23,ASSET_C,32.49,2368313,Consumer
2025-12-23,ASSET_D,16.13,1483712,Materials
2025-12-23,ASSET_E,52.97,1529310,Retail
2025-12-23,VNINDEX,640.56,0,Benchmark
2025-12-24,ASSET_A,178.11,1534882,Technology
2025-12-24,ASSET_B,100.96,1117028,Banking
2025-12-24,ASSET_C,32.23,1249055,Consumer
2025-12-24,ASSET_D,15.89,1538981,Materials
2025-12-24,ASSET_E,53.37,1473014,Retail
2025-12-24,VNINDEX,634.02,0,Benchmark
2025-12-25,ASSET_A,179.63,484065,Technology
2025-12-25,ASSET_B,100.95,986667,Banking
2025-12-25,ASSET_C,32.32,2388251,Consumer
2025-12-25,ASSET_D,16.07,905424,Materials
2025-12-25,ASSET_E,53.37,1643175,Retail
2025-12-25,VNINDEX,635.08,0,Benchmark
2025-12-26,ASSET_A,181.76,565170,Technology
2025-12-26,ASSET_B,101.54,1005275,Banking
2025-12-26,ASSET_C,32.78,1348826,Consumer
2025-12-26,ASSET_D,16.33,1026436,Materials
2025-12-26,ASSET_E,53.36,2350883,Retail
2025-12-26,VNINDEX,641.17,0,Benchmark
2025-12-29,ASSET_A,181.81,2327679,Technology
2025-12-29,ASSET_B,103.57,1595558,Banking
2025-12-29,ASSET_C,33.23,430297,Consumer
2025-12-29,ASSET_D,16.38,1883512,Materials
2025-12-29,ASSET_E,54.04,2197621,Retail
2025-12-29,VNINDEX,645.88,0,Benchmark
2025-12-30,ASSET_A,179.55,475313,Technology
2025-12-30,ASSET_B,102.61,1662199,Banking
2025-12-30,ASSET_C,33.16,2222443,Consumer
2025-12-30,ASSET_D,16.58,1560205,Materials
2025-12-30,ASSET_E,53.4,951923,Retail
2025-12-30,VNINDEX,645.46,0,Benchmark
2025-12-31,ASSET_A,177.71,1254460,Technology
2025-12-31,ASSET_B,101.65,904543,Banking
2025-12-31,ASSET_C,33.19,2214486,Consumer
2025-12-31,ASSET_D,16.55,1615646,Materials
2025-12-31,ASSET_E,53.08,903504,Retail
2025-12-31,VNINDEX,642.84,0,Benchmark
